2026-02-04 09:17:37,291	PDB Server  	T_pdb_server     	[DEBUG]	 PDB server has started at 2026_02_04__09_17_37
2026-02-04 09:17:37,292	PDB Server  	T_pdb_server     	[INFO ]	ATP mode. Will also send data to port 8104
2026-02-04 09:17:37,301	EEPROM_Regis	T_pdb_server     	[INFO ]	Initializing EEPROM
2026-02-04 09:17:37,302	EEProm      	T_pdb_server     	[ERROR]	No EEPROM chips found..
2026-02-04 09:17:38,303	EEProm      	T_pdb_server     	[ERROR]	No EEPROM chips found..
2026-02-04 09:17:39,306	EEProm      	T_pdb_server     	[ERROR]	No EEPROM chips found..
2026-02-04 09:17:40,307	EEProm      	T_pdb_server     	[ERROR]	No EEPROM chips found..
2026-02-04 09:17:41,307	EEProm      	T_pdb_server     	[ERROR]	No EEPROM chips found..
2026-02-04 09:17:42,308	EEProm      	T_pdb_server     	[ERROR]	No EEPROM chips found..
2026-02-04 09:17:43,308	EEPROM_Regis	T_pdb_server     	[ERROR]	Failed to initialze EEPROM
2026-02-04 09:17:43,308	DiskBatteryR	T_pdb_server     	[INFO ]	Loading battery registry
2026-02-04 09:17:43,311	BatteryRegis	T_pdb_server     	[INFO ]	Entry id/charge: 000000000000/00000000000000000000000000000000000000000940781441
*ÒêU
2026-02-04 09:17:43,311	BatteryRegis	T_pdb_server     	[INFO ]	Entry id/charge: 032225d763ff/00000000000000000000000000000000000000000000190971
*ÒêU
2026-02-04 09:17:43,311	DiskBatteryR	T_pdb_server     	[INFO ]	Bat. ID: 000000000000 mAH: 940781441
2026-02-04 09:17:43,311	DiskBatteryR	T_pdb_server     	[INFO ]	Bat. ID: 032225d763ff mAH: 190971
2026-02-04 09:17:48,313	BatteryId   	T_pdb_server     	[DEBUG]	Gave up on finding sensor.
2026-02-04 09:17:48,313	PowerBoard  	T_pdb_server     	[INFO ]	Sysfs path prefix is: /sys/bus/i2c/devices/6-0033/hwmon/hwmon3/
2026-02-04 09:17:48,314	PowerBoard  	T_pdb_server     	[INFO ]	Clock div reg is ok 
2026-02-04 09:17:48,314	PowerMonitor	T_pdb_server     	[INFO ]	PDB Initialized succesfully
2026-02-04 09:17:48,314	PowerMonitor	T_12PowerMonitor 	[INFO ]	PowerMonitor thread running
2026-02-04 09:17:49,395	PowerMonitor	T_pdb_server     	[DEBUG]	Initial voltage readings. Avg voltage: 23.9772 Max voltage: 23.9772 Min voltage: 23.9772 Var: 3.63798e-12 Standard Deviation: 1.90735e-06
2026-02-04 09:17:49,397	PowerMonitor	T_pdb_server     	[INFO ]	Initial voltage / est.fuel / mAH currently / mAH full (given age) 
23.9772V / 77 % / 14002 / 18185
2026-02-04 09:17:49,399	BMS Server  	T_pdb_server     	[DEBUG]	Opened BMS serial port 

2026-02-04 09:17:49,400	BMS Server  	T_9BmsServer     	[DEBUG]	Opened BMS serial port 

2026-02-04 09:17:49,400	BMS Server  	T_9BmsServer     	[DEBUG]	BMS options not found
2026-02-04 09:17:49,400	BMS Server  	T_9BmsServer     	[ERROR]	ESP32 not responding - timeout
2026-02-04 09:17:49,400	BMS Server  	T_9BmsServer     	[DEBUG]	Try to reconnect to esp32
2026-02-04 09:17:49,400	BMS Server  	T_9BmsServer     	[DEBUG]	opened BMS serial port 
2026-02-04 09:17:49,400	PDB Server  	T_pdb_server     	[INFO ]	Publishing PDB status on ZMQ socket: ipc://@pdb_server
2026-02-04 09:17:49,437	PDB Server  	T_pdb_server     	[INFO ]	Sys Volts: 23977 Sys Amps: 1351
2026-02-04 09:17:49,437	PDB Server  	T_pdb_server     	[INFO ]	12V rail Volts: 11998 12V rail Amps: 618
2026-02-04 09:17:49,437	PDB Server  	T_pdb_server     	[INFO ]	Energy[Joules]: 35.3866
2026-02-04 09:17:49,438	PDB Server  	T_pdb_server     	[INFO ]	Average Power: 31.7626
2026-02-04 09:17:49,438	PDB Server  	T_pdb_server     	[INFO ]	Sys Volts average: 23977
2026-02-04 09:17:49,438	PDB Server  	T_pdb_server     	[INFO ]	mah from ltc4282 0.40996
2026-02-04 09:17:49,438	PDB Server  	T_pdb_server     	[INFO ]	ltc4282 status 0x3098
2026-02-04 09:17:49,438	PDB Server  	T_pdb_server     	[INFO ]	ltc4282 Faultlog 0x12
2026-02-04 09:17:54,574	DiskBatteryR	T_pdb_server     	[INFO ]	Writing to registry: battery 000000000000 uAH: 940783721
2026-02-04 09:17:54,574	DiskBatteryR	T_pdb_server     	[INFO ]	Writing to registry: battery 032225d763ff uAH: 190971
2026-02-04 09:17:54,574	BMS Server  	T_pdb_server     	[DEBUG]	Target = Full
2026-02-04 09:17:54,600	PDB Server  	T_pdb_server     	[INFO ]	Sys Volts: 23977 Sys Amps: 1351
2026-02-04 09:17:54,600	PDB Server  	T_pdb_server     	[INFO ]	12V rail Volts: 11998 12V rail Amps: 583
2026-02-04 09:17:54,600	PDB Server  	T_pdb_server     	[INFO ]	Energy[Joules]: 194.415
2026-02-04 09:17:54,601	PDB Server  	T_pdb_server     	[INFO ]	Average Power: 30.9019
2026-02-04 09:17:54,601	PDB Server  	T_pdb_server     	[INFO ]	Sys Volts average: 23977
2026-02-04 09:17:54,601	PDB Server  	T_pdb_server     	[INFO ]	mah from ltc4282 2.25233
2026-02-04 09:17:54,727	BMS Server  	T_9BmsServer     	[DEBUG]	Battery temp -1
2026-02-04 09:17:58,715	BMS Server  	T_9BmsServer     	[DEBUG]	Battery temp -1
2026-02-04 09:17:59,717	DiskBatteryR	T_pdb_server     	[INFO ]	Writing to registry: battery 000000000000 uAH: 940785665
2026-02-04 09:17:59,717	DiskBatteryR	T_pdb_server     	[INFO ]	Writing to registry: battery 032225d763ff uAH: 190971
2026-02-04 09:17:59,717	BMS Server  	T_pdb_server     	[DEBUG]	Target = Full
2026-02-04 09:17:59,744	PDB Server  	T_pdb_server     	[INFO ]	Sys Volts: 23977 Sys Amps: 1441
2026-02-04 09:17:59,744	PDB Server  	T_pdb_server     	[INFO ]	12V rail Volts: 11999 12V rail Amps: 584
2026-02-04 09:17:59,744	PDB Server  	T_pdb_server     	[INFO ]	Energy[Joules]: 362.748
2026-02-04 09:17:59,744	PDB Server  	T_pdb_server     	[INFO ]	Average Power: 31.6296
2026-02-04 09:17:59,744	PDB Server  	T_pdb_server     	[INFO ]	Sys Volts average: 23977
2026-02-04 09:17:59,744	PDB Server  	T_pdb_server     	[INFO ]	mah from ltc4282 4.2025
2026-02-04 09:18:04,035	BMS Server  	T_9BmsServer     	[DEBUG]	Battery temp -1
2026-02-04 09:18:04,863	DiskBatteryR	T_pdb_server     	[INFO ]	Writing to registry: battery 000000000000 uAH: 940787910
2026-02-04 09:18:04,863	DiskBatteryR	T_pdb_server     	[INFO ]	Writing to registry: battery 032225d763ff uAH: 190971
2026-02-04 09:18:04,863	BMS Server  	T_pdb_server     	[DEBUG]	Target = Full
2026-02-04 09:18:04,890	PDB Server  	T_pdb_server     	[INFO ]	Sys Volts: 23969 Sys Amps: 1891
2026-02-04 09:18:04,890	PDB Server  	T_pdb_server     	[INFO ]	12V rail Volts: 11999 12V rail Amps: 581
2026-02-04 09:18:04,891	PDB Server  	T_pdb_server     	[INFO ]	Energy[Joules]: 555.01
2026-02-04 09:18:04,891	PDB Server  	T_pdb_server     	[INFO ]	Average Power: 33.474
2026-02-04 09:18:04,891	PDB Server  	T_pdb_server     	[INFO ]	Sys Volts average: 23976.2
2026-02-04 09:18:04,892	PDB Server  	T_pdb_server     	[INFO ]	mah from ltc4282 6.43011
2026-02-04 09:18:08,039	BMS Server  	T_9BmsServer     	[DEBUG]	Battery temp -1
2026-02-04 09:18:10,011	DiskBatteryR	T_pdb_server     	[INFO ]	Writing to registry: battery 000000000000 uAH: 940790055
2026-02-04 09:18:10,011	DiskBatteryR	T_pdb_server     	[INFO ]	Writing to registry: battery 032225d763ff uAH: 190971
2026-02-04 09:18:10,011	BMS Server  	T_pdb_server     	[DEBUG]	Target = Full
2026-02-04 09:18:10,038	PDB Server  	T_pdb_server     	[INFO ]	Sys Volts: 23977 Sys Amps: 1441
2026-02-04 09:18:10,038	PDB Server  	T_pdb_server     	[INFO ]	12V rail Volts: 11999 12V rail Amps: 583
2026-02-04 09:18:10,038	PDB Server  	T_pdb_server     	[INFO ]	Energy[Joules]: 740.11
2026-02-04 09:18:10,038	PDB Server  	T_pdb_server     	[INFO ]	Average Power: 34.0161
2026-02-04 09:18:10,038	PDB Server  	T_pdb_server     	[INFO ]	Sys Volts average: 23976.2
2026-02-04 09:18:10,038	PDB Server  	T_pdb_server     	[INFO ]	mah from ltc4282 8.57459
2026-02-04 09:18:13,359	BMS Server  	T_9BmsServer     	[DEBUG]	Battery temp -1
2026-02-04 09:18:15,163	DiskBatteryR	T_pdb_server     	[INFO ]	Writing to registry: battery 000000000000 uAH: 940792072
2026-02-04 09:18:15,163	DiskBatteryR	T_pdb_server     	[INFO ]	Writing to registry: battery 032225d763ff uAH: 190971
2026-02-04 09:18:15,163	BMS Server  	T_pdb_server     	[DEBUG]	Target = Full
2026-02-04 09:18:15,189	PDB Server  	T_pdb_server     	[INFO ]	Sys Volts: 23977 Sys Amps: 1441
2026-02-04 09:18:15,190	PDB Server  	T_pdb_server     	[INFO ]	12V rail Volts: 11999 12V rail Amps: 581
2026-02-04 09:18:15,190	PDB Server  	T_pdb_server     	[INFO ]	Energy[Joules]: 911.827
2026-02-04 09:18:15,190	PDB Server  	T_pdb_server     	[INFO ]	Average Power: 33.9356
2026-02-04 09:18:15,190	PDB Server  	T_pdb_server     	[INFO ]	Sys Volts average: 23976.4
2026-02-04 09:18:15,190	PDB Server  	T_pdb_server     	[INFO ]	mah from ltc4282 10.564
2026-02-04 09:18:17,359	BMS Server  	T_9BmsServer     	[DEBUG]	Battery temp -1
2026-02-04 09:22:50,704	BMS Server  	T_9BmsServer     	[ERROR]	ESP32 not responding - timeout
2026-02-04 09:22:50,705	BMS Server  	T_9BmsServer     	[DEBUG]	Try to reconnect to esp32
2026-02-04 09:22:50,705	BMS Server  	T_9BmsServer     	[DEBUG]	opened BMS serial port 
2026-02-04 09:22:52,333	DiskBatteryR	T_pdb_server     	[INFO ]	Writing to registry: battery 000000000000 uAH: 940794098
2026-02-04 09:22:52,333	DiskBatteryR	T_pdb_server     	[INFO ]	Writing to registry: battery 032225d763ff uAH: 190971
2026-02-04 09:22:52,334	BMS Server  	T_pdb_server     	[DEBUG]	Target = Full
2026-02-04 09:22:52,363	PDB Server  	T_pdb_server     	[INFO ]	Sys Volts: 23977 Sys Amps: 1351
2026-02-04 09:22:52,363	PDB Server  	T_pdb_server     	[INFO ]	12V rail Volts: 11999 12V rail Amps: 588
2026-02-04 09:22:52,363	PDB Server  	T_pdb_server     	[INFO ]	Energy[Joules]: 1087.07
2026-02-04 09:22:52,363	PDB Server  	T_pdb_server     	[INFO ]	Average Power: 33.9215
2026-02-04 09:22:52,363	PDB Server  	T_pdb_server     	[INFO ]	Sys Volts average: 23976.5
2026-02-04 09:22:52,363	PDB Server  	T_pdb_server     	[INFO ]	mah from ltc4282 12.5942
2026-02-04 09:22:54,693	BMS Server  	T_9BmsServer     	[DEBUG]	Battery temp -1
2026-02-04 09:22:57,488	DiskBatteryR	T_pdb_server     	[INFO ]	Writing to registry: battery 000000000000 uAH: 940796096
2026-02-04 09:22:57,488	DiskBatteryR	T_pdb_server     	[INFO ]	Writing to registry: battery 032225d763ff uAH: 190971
2026-02-04 09:22:57,488	BMS Server  	T_pdb_server     	[DEBUG]	Target = Full
2026-02-04 09:22:57,517	PDB Server  	T_pdb_server     	[INFO ]	Sys Volts: 23977 Sys Amps: 1441
2026-02-04 09:22:57,517	PDB Server  	T_pdb_server     	[INFO ]	12V rail Volts: 11998 12V rail Amps: 584
2026-02-04 09:22:57,517	PDB Server  	T_pdb_server     	[INFO ]	Energy[Joules]: 1259.63
2026-02-04 09:22:57,517	PDB Server  	T_pdb_server     	[INFO ]	Average Power: 33.8393
2026-02-04 09:22:57,517	PDB Server  	T_pdb_server     	[INFO ]	Sys Volts average: 23976.5
2026-02-04 09:22:57,517	PDB Server  	T_pdb_server     	[INFO ]	mah from ltc4282 14.5933
2026-02-04 09:22:58,685	BMS Server  	T_9BmsServer     	[DEBUG]	Battery temp -1
2026-02-04 09:23:02,643	DiskBatteryR	T_pdb_server     	[INFO ]	Writing to registry: battery 000000000000 uAH: 940798087
2026-02-04 09:23:02,644	DiskBatteryR	T_pdb_server     	[INFO ]	Writing to registry: battery 032225d763ff uAH: 190971
2026-02-04 09:23:02,644	BMS Server  	T_pdb_server     	[DEBUG]	Target = Full
2026-02-04 09:23:02,673	PDB Server  	T_pdb_server     	[INFO ]	Sys Volts: 23977 Sys Amps: 1351
2026-02-04 09:23:02,673	PDB Server  	T_pdb_server     	[INFO ]	12V rail Volts: 11998 12V rail Amps: 575
2026-02-04 09:23:02,673	PDB Server  	T_pdb_server     	[INFO ]	Energy[Joules]: 1429.09
2026-02-04 09:23:02,674	PDB Server  	T_pdb_server     	[INFO ]	Average Power: 33.7562
2026-02-04 09:23:02,674	PDB Server  	T_pdb_server     	[INFO ]	Sys Volts average: 23976.6
2026-02-04 09:23:02,674	PDB Server  	T_pdb_server     	[INFO ]	mah from ltc4282 16.5566
2026-02-04 09:23:04,001	BMS Server  	T_9BmsServer     	[DEBUG]	Battery temp -1
2026-02-04 09:23:07,802	DiskBatteryR	T_pdb_server     	[INFO ]	Writing to registry: battery 000000000000 uAH: 940800103
2026-02-04 09:23:07,802	DiskBatteryR	T_pdb_server     	[INFO ]	Writing to registry: battery 032225d763ff uAH: 190971
2026-02-04 09:23:07,802	BMS Server  	T_pdb_server     	[DEBUG]	Target = Full
2026-02-04 09:23:07,831	PDB Server  	T_pdb_server     	[INFO ]	Sys Volts: 23977 Sys Amps: 1441
2026-02-04 09:23:07,831	PDB Server  	T_pdb_server     	[INFO ]	12V rail Volts: 11999 12V rail Amps: 583
2026-02-04 09:23:07,831	PDB Server  	T_pdb_server     	[INFO ]	Energy[Joules]: 1603.06
2026-02-04 09:23:07,831	PDB Server  	T_pdb_server     	[INFO ]	Average Power: 33.7396
2026-02-04 09:23:07,831	PDB Server  	T_pdb_server     	[INFO ]	Sys Volts average: 23976.6
2026-02-04 09:23:07,831	PDB Server  	T_pdb_server     	[INFO ]	mah from ltc4282 18.5721
2026-02-04 09:23:07,997	BMS Server  	T_9BmsServer     	[DEBUG]	Battery temp -1
2026-02-04 09:23:12,955	DiskBatteryR	T_pdb_server     	[INFO ]	Writing to registry: battery 000000000000 uAH: 940802092
2026-02-04 09:23:12,955	DiskBatteryR	T_pdb_server     	[INFO ]	Writing to registry: battery 032225d763ff uAH: 190971
2026-02-04 09:23:12,955	BMS Server  	T_pdb_server     	[DEBUG]	Target = Full
2026-02-04 09:23:12,983	PDB Server  	T_pdb_server     	[INFO ]	Sys Volts: 23977 Sys Amps: 1350
2026-02-04 09:23:12,983	PDB Server  	T_pdb_server     	[INFO ]	12V rail Volts: 11999 12V rail Amps: 577
2026-02-04 09:23:12,983	PDB Server  	T_pdb_server     	[INFO ]	Energy[Joules]: 1774.78
2026-02-04 09:23:12,984	PDB Server  	T_pdb_server     	[INFO ]	Average Power: 33.6833
2026-02-04 09:23:12,984	PDB Server  	T_pdb_server     	[INFO ]	Sys Volts average: 23976.7
2026-02-04 09:23:12,984	PDB Server  	T_pdb_server     	[INFO ]	mah from ltc4282 20.5614
2026-02-04 09:23:13,313	BMS Server  	T_9BmsServer     	[DEBUG]	Battery temp -1
2026-02-04 09:23:17,305	BMS Server  	T_9BmsServer     	[DEBUG]	Battery temp -1
2026-02-04 09:23:18,116	DiskBatteryR	T_pdb_server     	[INFO ]	Writing to registry: battery 000000000000 uAH: 940804098
2026-02-04 09:23:18,116	DiskBatteryR	T_pdb_server     	[INFO ]	Writing to registry: battery 032225d763ff uAH: 190971
2026-02-04 09:23:18,117	BMS Server  	T_pdb_server     	[DEBUG]	Target = Full
2026-02-04 09:23:18,144	PDB Server  	T_pdb_server     	[INFO ]	Sys Volts: 23977 Sys Amps: 1350
2026-02-04 09:23:18,144	PDB Server  	T_pdb_server     	[INFO ]	12V rail Volts: 11999 12V rail Amps: 583
2026-02-04 09:23:18,144	PDB Server  	T_pdb_server     	[INFO ]	Energy[Joules]: 1945.65
2026-02-04 09:23:18,145	PDB Server  	T_pdb_server     	[INFO ]	Average Power: 33.6607
2026-02-04 09:23:18,145	PDB Server  	T_pdb_server     	[INFO ]	Sys Volts average: 23976.7
2026-02-04 09:23:18,145	PDB Server  	T_pdb_server     	[INFO ]	mah from ltc4282 22.541
2026-02-04 09:23:22,621	BMS Server  	T_9BmsServer     	[DEBUG]	Battery temp -1
2026-02-04 09:23:23,279	DiskBatteryR	T_pdb_server     	[INFO ]	Writing to registry: battery 000000000000 uAH: 940806105
2026-02-04 09:23:23,279	DiskBatteryR	T_pdb_server     	[INFO ]	Writing to registry: battery 032225d763ff uAH: 190971
2026-02-04 09:23:23,279	BMS Server  	T_pdb_server     	[DEBUG]	Target = Full
2026-02-04 09:23:23,306	PDB Server  	T_pdb_server     	[INFO ]	Sys Volts: 23977 Sys Amps: 1440
2026-02-04 09:23:23,307	PDB Server  	T_pdb_server     	[INFO ]	12V rail Volts: 11998 12V rail Amps: 586
2026-02-04 09:23:23,307	PDB Server  	T_pdb_server     	[INFO ]	Energy[Joules]: 2118.78
2026-02-04 09:23:23,307	PDB Server  	T_pdb_server     	[INFO ]	Average Power: 33.6425
2026-02-04 09:23:23,307	PDB Server  	T_pdb_server     	[INFO ]	Sys Volts average: 23976.7
2026-02-04 09:23:23,307	PDB Server  	T_pdb_server     	[INFO ]	mah from ltc4282 24.5467
2026-02-04 09:23:26,605	BMS Server  	T_9BmsServer     	[DEBUG]	Battery temp -1
2026-02-04 09:23:28,435	DiskBatteryR	T_pdb_server     	[INFO ]	Writing to registry: battery 000000000000 uAH: 940808102
2026-02-04 09:23:28,435	DiskBatteryR	T_pdb_server     	[INFO ]	Writing to registry: battery 032225d763ff uAH: 190971
2026-02-04 09:23:28,435	BMS Server  	T_pdb_server     	[DEBUG]	Target = Full
2026-02-04 09:23:28,462	PDB Server  	T_pdb_server     	[INFO ]	Sys Volts: 23977 Sys Amps: 1440
2026-02-04 09:23:28,462	PDB Server  	T_pdb_server     	[INFO ]	12V rail Volts: 11999 12V rail Amps: 575
2026-02-04 09:23:28,462	PDB Server  	T_pdb_server     	[INFO ]	Energy[Joules]: 2291.34
2026-02-04 09:23:28,463	PDB Server  	T_pdb_server     	[INFO ]	Average Power: 33.6188
2026-02-04 09:23:28,463	PDB Server  	T_pdb_server     	[INFO ]	Sys Volts average: 23976.7
2026-02-04 09:23:28,463	PDB Server  	T_pdb_server     	[INFO ]	mah from ltc4282 26.5459
2026-02-04 09:23:30,609	BMS Server  	T_9BmsServer     	[DEBUG]	Battery temp -1
2026-02-04 09:23:33,586	DiskBatteryR	T_pdb_server     	[INFO ]	Writing to registry: battery 000000000000 uAH: 940810098
2026-02-04 09:23:33,586	DiskBatteryR	T_pdb_server     	[INFO ]	Writing to registry: battery 032225d763ff uAH: 190971
2026-02-04 09:23:33,586	BMS Server  	T_pdb_server     	[DEBUG]	Target = Full
2026-02-04 09:23:33,613	PDB Server  	T_pdb_server     	[INFO ]	Sys Volts: 23977 Sys Amps: 1350
2026-02-04 09:23:33,613	PDB Server  	T_pdb_server     	[INFO ]	12V rail Volts: 11999 12V rail Amps: 575
2026-02-04 09:23:33,613	PDB Server  	T_pdb_server     	[INFO ]	Energy[Joules]: 2461.65
2026-02-04 09:23:33,614	PDB Server  	T_pdb_server     	[INFO ]	Average Power: 33.5978
2026-02-04 09:23:33,614	PDB Server  	T_pdb_server     	[INFO ]	Sys Volts average: 23976.7
2026-02-04 09:23:33,614	PDB Server  	T_pdb_server     	[INFO ]	mah from ltc4282 28.5189
2026-02-04 09:23:35,929	BMS Server  	T_9BmsServer     	[DEBUG]	Battery temp -1
2026-02-04 09:23:38,742	DiskBatteryR	T_pdb_server     	[INFO ]	Writing to registry: battery 000000000000 uAH: 940812079
2026-02-04 09:23:38,742	DiskBatteryR	T_pdb_server     	[INFO ]	Writing to registry: battery 032225d763ff uAH: 190971
2026-02-04 09:23:38,743	BMS Server  	T_pdb_server     	[DEBUG]	Target = Full
2026-02-04 09:23:38,770	PDB Server  	T_pdb_server     	[INFO ]	Sys Volts: 23977 Sys Amps: 1350
2026-02-04 09:23:38,770	PDB Server  	T_pdb_server     	[INFO ]	12V rail Volts: 11999 12V rail Amps: 570
2026-02-04 09:23:38,770	PDB Server  	T_pdb_server     	[INFO ]	Energy[Joules]: 2632.66
2026-02-04 09:23:38,770	PDB Server  	T_pdb_server     	[INFO ]	Average Power: 33.5604
2026-02-04 09:23:38,770	PDB Server  	T_pdb_server     	[INFO ]	Sys Volts average: 23976.7
2026-02-04 09:23:38,770	PDB Server  	T_pdb_server     	[INFO ]	mah from ltc4282 30.5001
2026-02-04 09:23:39,917	BMS Server  	T_9BmsServer     	[DEBUG]	Battery temp -1
2026-02-04 09:23:43,894	DiskBatteryR	T_pdb_server     	[INFO ]	Writing to registry: battery 000000000000 uAH: 940814060
2026-02-04 09:23:43,895	DiskBatteryR	T_pdb_server     	[INFO ]	Writing to registry: battery 032225d763ff uAH: 190971
2026-02-04 09:23:43,895	BMS Server  	T_pdb_server     	[DEBUG]	Target = Full
2026-02-04 09:23:43,922	PDB Server  	T_pdb_server     	[INFO ]	Sys Volts: 23977 Sys Amps: 1440
2026-02-04 09:23:43,922	PDB Server  	T_pdb_server     	[INFO ]	12V rail Volts: 11998 12V rail Amps: 578
2026-02-04 09:23:43,922	PDB Server  	T_pdb_server     	[INFO ]	Energy[Joules]: 2801.84
2026-02-04 09:23:43,922	PDB Server  	T_pdb_server     	[INFO ]	Average Power: 33.532
2026-02-04 09:23:43,922	PDB Server  	T_pdb_server     	[INFO ]	Sys Volts average: 23976.7
2026-02-04 09:23:43,922	PDB Server  	T_pdb_server     	[INFO ]	mah from ltc4282 32.4601
2026-02-04 09:23:45,228	BMS Server  	T_9BmsServer     	[DEBUG]	Battery temp -1
2026-02-04 09:23:49,046	DiskBatteryR	T_pdb_server     	[INFO ]	Writing to registry: battery 000000000000 uAH: 940816020
2026-02-04 09:23:49,046	DiskBatteryR	T_pdb_server     	[INFO ]	Writing to registry: battery 032225d763ff uAH: 190971
2026-02-04 09:23:49,046	BMS Server  	T_pdb_server     	[DEBUG]	Target = Full
2026-02-04 09:23:49,073	PDB Server  	T_pdb_server     	[INFO ]	Sys Volts: 23977 Sys Amps: 1350
2026-02-04 09:23:49,074	PDB Server  	T_pdb_server     	[INFO ]	12V rail Volts: 11999 12V rail Amps: 583
2026-02-04 09:23:49,074	PDB Server  	T_pdb_server     	[INFO ]	Energy[Joules]: 2971.3
2026-02-04 09:23:49,074	PDB Server  	T_pdb_server     	[INFO ]	Average Power: 33.4853
2026-02-04 09:23:49,074	PDB Server  	T_pdb_server     	[INFO ]	Sys Volts average: 23976.8
2026-02-04 09:23:49,074	PDB Server  	T_pdb_server     	[INFO ]	mah from ltc4282 34.4233
2026-02-04 09:23:49,225	BMS Server  	T_9BmsServer     	[DEBUG]	Battery temp -1
2026-02-04 09:23:54,200	DiskBatteryR	T_pdb_server     	[INFO ]	Writing to registry: battery 000000000000 uAH: 940817975
2026-02-04 09:23:54,200	DiskBatteryR	T_pdb_server     	[INFO ]	Writing to registry: battery 032225d763ff uAH: 190971
2026-02-04 09:23:54,200	BMS Server  	T_pdb_server     	[DEBUG]	Target = Full
2026-02-04 09:23:54,227	PDB Server  	T_pdb_server     	[INFO ]	Sys Volts: 23977 Sys Amps: 1440
2026-02-04 09:23:54,227	PDB Server  	T_pdb_server     	[INFO ]	12V rail Volts: 11999 12V rail Amps: 579
2026-02-04 09:23:54,227	PDB Server  	T_pdb_server     	[INFO ]	Energy[Joules]: 3140.62
2026-02-04 09:23:54,228	PDB Server  	T_pdb_server     	[INFO ]	Average Power: 33.4422
2026-02-04 09:23:54,228	PDB Server  	T_pdb_server     	[INFO ]	Sys Volts average: 23976.8
2026-02-04 09:23:54,228	PDB Server  	T_pdb_server     	[INFO ]	mah from ltc4282 36.3849
2026-02-04 09:23:54,541	BMS Server  	T_9BmsServer     	[DEBUG]	Battery temp -1
2026-02-04 09:23:58,533	BMS Server  	T_9BmsServer     	[DEBUG]	Battery temp -1
2026-02-04 09:23:59,355	DiskBatteryR	T_pdb_server     	[INFO ]	Writing to registry: battery 000000000000 uAH: 940819938
2026-02-04 09:23:59,355	DiskBatteryR	T_pdb_server     	[INFO ]	Writing to registry: battery 032225d763ff uAH: 190971
2026-02-04 09:23:59,356	BMS Server  	T_pdb_server     	[DEBUG]	Target = Full
2026-02-04 09:23:59,383	PDB Server  	T_pdb_server     	[INFO ]	Sys Volts: 23977 Sys Amps: 1440
2026-02-04 09:23:59,384	PDB Server  	T_pdb_server     	[INFO ]	12V rail Volts: 11998 12V rail Amps: 581
2026-02-04 09:23:59,384	PDB Server  	T_pdb_server     	[INFO ]	Energy[Joules]: 3307.68
2026-02-04 09:23:59,384	PDB Server  	T_pdb_server     	[INFO ]	Average Power: 33.403
2026-02-04 09:23:59,384	PDB Server  	T_pdb_server     	[INFO ]	Sys Volts average: 23976.8
2026-02-04 09:23:59,384	PDB Server  	T_pdb_server     	[INFO ]	mah from ltc4282 38.3204
2026-02-04 09:24:03,857	BMS Server  	T_9BmsServer     	[DEBUG]	Battery temp -1
2026-02-04 09:24:04,507	DiskBatteryR	T_pdb_server     	[INFO ]	Writing to registry: battery 000000000000 uAH: 940821898
2026-02-04 09:24:04,508	DiskBatteryR	T_pdb_server     	[INFO ]	Writing to registry: battery 032225d763ff uAH: 190971
2026-02-04 09:24:04,508	BMS Server  	T_pdb_server     	[DEBUG]	Target = Full
2026-02-04 09:24:04,535	PDB Server  	T_pdb_server     	[INFO ]	Sys Volts: 23977 Sys Amps: 1440
2026-02-04 09:24:04,535	PDB Server  	T_pdb_server     	[INFO ]	12V rail Volts: 11999 12V rail Amps: 578
2026-02-04 09:24:04,535	PDB Server  	T_pdb_server     	[INFO ]	Energy[Joules]: 3477.14
2026-02-04 09:24:04,536	PDB Server  	T_pdb_server     	[INFO ]	Average Power: 33.3697
2026-02-04 09:24:04,536	PDB Server  	T_pdb_server     	[INFO ]	Sys Volts average: 23976.8
2026-02-04 09:24:04,536	PDB Server  	T_pdb_server     	[INFO ]	mah from ltc4282 40.2836
2026-02-04 09:24:07,853	BMS Server  	T_9BmsServer     	[DEBUG]	Battery temp -1
2026-02-04 09:24:09,659	DiskBatteryR	T_pdb_server     	[INFO ]	Writing to registry: battery 000000000000 uAH: 940823863
2026-02-04 09:24:09,659	DiskBatteryR	T_pdb_server     	[INFO ]	Writing to registry: battery 032225d763ff uAH: 190971
2026-02-04 09:24:09,659	BMS Server  	T_pdb_server     	[DEBUG]	Target = Full
2026-02-04 09:24:09,687	PDB Server  	T_pdb_server     	[INFO ]	Sys Volts: 23977 Sys Amps: 1440
2026-02-04 09:24:09,687	PDB Server  	T_pdb_server     	[INFO ]	12V rail Volts: 11999 12V rail Amps: 581
2026-02-04 09:24:09,687	PDB Server  	T_pdb_server     	[INFO ]	Energy[Joules]: 3647.02
2026-02-04 09:24:09,688	PDB Server  	T_pdb_server     	[INFO ]	Average Power: 33.3433
2026-02-04 09:24:09,688	PDB Server  	T_pdb_server     	[INFO ]	Sys Volts average: 23976.8
2026-02-04 09:24:09,688	PDB Server  	T_pdb_server     	[INFO ]	mah from ltc4282 42.2518
2026-02-04 09:24:13,169	BMS Server  	T_9BmsServer     	[DEBUG]	Battery temp -1
2026-02-04 09:24:14,813	DiskBatteryR	T_pdb_server     	[INFO ]	Writing to registry: battery 000000000000 uAH: 940825938
2026-02-04 09:24:14,813	DiskBatteryR	T_pdb_server     	[INFO ]	Writing to registry: battery 032225d763ff uAH: 190971
2026-02-04 09:24:14,813	BMS Server  	T_pdb_server     	[DEBUG]	Target = Full
2026-02-04 09:24:14,841	PDB Server  	T_pdb_server     	[INFO ]	Sys Volts: 23928 Sys Amps: 4321
2026-02-04 09:24:14,841	PDB Server  	T_pdb_server     	[INFO ]	12V rail Volts: 11999 12V rail Amps: 572
2026-02-04 09:24:14,841	PDB Server  	T_pdb_server     	[INFO ]	Energy[Joules]: 3827.17
2026-02-04 09:24:14,841	PDB Server  	T_pdb_server     	[INFO ]	Average Power: 33.4281
2026-02-04 09:24:14,841	PDB Server  	T_pdb_server     	[INFO ]	Sys Volts average: 23976.6
2026-02-04 09:24:14,841	PDB Server  	T_pdb_server     	[INFO ]	mah from ltc4282 44.3392
2026-02-04 09:24:17,161	BMS Server  	T_9BmsServer     	[DEBUG]	Battery temp -1
2026-02-04 09:24:19,967	DiskBatteryR	T_pdb_server     	[INFO ]	Writing to registry: battery 000000000000 uAH: 941010460
2026-02-04 09:24:19,967	DiskBatteryR	T_pdb_server     	[INFO ]	Writing to registry: battery 032225d763ff uAH: 190971
2026-02-04 09:24:19,967	BMS Server  	T_pdb_server     	[DEBUG]	Target = Full
2026-02-04 09:24:19,996	PDB Server  	T_pdb_server     	[INFO ]	Sys Volts: 23969 Sys Amps: 1620
2026-02-04 09:24:19,996	PDB Server  	T_pdb_server     	[INFO ]	12V rail Volts: 11999 12V rail Amps: 585
2026-02-04 09:24:19,996	PDB Server  	T_pdb_server     	[INFO ]	Energy[Joules]: 18060.7
2026-02-04 09:24:19,997	PDB Server  	T_pdb_server     	[INFO ]	Average Power: 150.925
2026-02-04 09:24:19,997	PDB Server  	T_pdb_server     	[INFO ]	Sys Volts average: 23904
2026-02-04 09:24:19,997	PDB Server  	T_pdb_server     	[INFO ]	mah from ltc4282 209.875
2026-02-04 09:24:22,485	BMS Server  	T_9BmsServer     	[DEBUG]	Battery temp -1
2026-02-04 09:24:25,125	DiskBatteryR	T_pdb_server     	[INFO ]	Writing to registry: battery 000000000000 uAH: 941012508
2026-02-04 09:24:25,125	DiskBatteryR	T_pdb_server     	[INFO ]	Writing to registry: battery 032225d763ff uAH: 190971
2026-02-04 09:24:25,125	BMS Server  	T_pdb_server     	[DEBUG]	Target = Full
2026-02-04 09:24:25,156	PDB Server  	T_pdb_server     	[INFO ]	Sys Volts: 23977 Sys Amps: 1347
2026-02-04 09:24:25,156	PDB Server  	T_pdb_server     	[INFO ]	12V rail Volts: 11999 12V rail Amps: 578
2026-02-04 09:24:25,156	PDB Server  	T_pdb_server     	[INFO ]	Energy[Joules]: 18237.5
2026-02-04 09:24:25,156	PDB Server  	T_pdb_server     	[INFO ]	Average Power: 146.082
2026-02-04 09:24:25,156	PDB Server  	T_pdb_server     	[INFO ]	Sys Volts average: 23907
2026-02-04 09:24:25,156	PDB Server  	T_pdb_server     	[INFO ]	mah from ltc4282 211.903
2026-02-04 09:24:25,657	FlightTime  	T_pdb_server     	[INFO ]	flight_time 110764 current_run 5 seconds
2026-02-04 09:24:26,489	BMS Server  	T_9BmsServer     	[DEBUG]	Battery temp -1
2026-02-04 09:24:30,281	DiskBatteryR	T_pdb_server     	[INFO ]	Writing to registry: battery 000000000000 uAH: 941014453
2026-02-04 09:24:30,281	DiskBatteryR	T_pdb_server     	[INFO ]	Writing to registry: battery 032225d763ff uAH: 190971
2026-02-04 09:24:30,281	BMS Server  	T_pdb_server     	[DEBUG]	Target = Full
2026-02-04 09:24:30,309	PDB Server  	T_pdb_server     	[INFO ]	Sys Volts: 23977 Sys Amps: 1348
2026-02-04 09:24:30,309	PDB Server  	T_pdb_server     	[INFO ]	12V rail Volts: 11998 12V rail Amps: 576
2026-02-04 09:24:30,309	PDB Server  	T_pdb_server     	[INFO ]	Energy[Joules]: 18403.4
2026-02-04 09:24:30,309	PDB Server  	T_pdb_server     	[INFO ]	Average Power: 141.613
2026-02-04 09:24:30,309	PDB Server  	T_pdb_server     	[INFO ]	Sys Volts average: 23909.8
2026-02-04 09:24:30,309	PDB Server  	T_pdb_server     	[INFO ]	mah from ltc4282 213.806
2026-02-04 09:24:30,485	BMS Server  	T_9BmsServer     	[DEBUG]	Battery temp -1
2026-02-04 09:24:35,434	DiskBatteryR	T_pdb_server     	[INFO ]	Writing to registry: battery 000000000000 uAH: 941016397
2026-02-04 09:24:35,434	DiskBatteryR	T_pdb_server     	[INFO ]	Writing to registry: battery 032225d763ff uAH: 190971
2026-02-04 09:24:35,434	BMS Server  	T_pdb_server     	[DEBUG]	Target = Full
2026-02-04 09:24:35,461	PDB Server  	T_pdb_server     	[INFO ]	Sys Volts: 23977 Sys Amps: 1349
2026-02-04 09:24:35,461	PDB Server  	T_pdb_server     	[INFO ]	12V rail Volts: 11998 12V rail Amps: 576
2026-02-04 09:24:35,462	PDB Server  	T_pdb_server     	[INFO ]	Energy[Joules]: 18571.9
2026-02-04 09:24:35,462	PDB Server  	T_pdb_server     	[INFO ]	Average Power: 137.434
2026-02-04 09:24:35,462	PDB Server  	T_pdb_server     	[INFO ]	Sys Volts average: 23912.4
2026-02-04 09:24:35,462	PDB Server  	T_pdb_server     	[INFO ]	mah from ltc4282 215.74
2026-02-04 09:24:35,805	BMS Server  	T_9BmsServer     	[DEBUG]	Battery temp -1
2026-02-04 09:24:39,797	BMS Server  	T_9BmsServer     	[DEBUG]	Battery temp -1
2026-02-04 09:24:40,591	DiskBatteryR	T_pdb_server     	[INFO ]	Writing to registry: battery 000000000000 uAH: 941018342
2026-02-04 09:24:40,591	DiskBatteryR	T_pdb_server     	[INFO ]	Writing to registry: battery 032225d763ff uAH: 190971
2026-02-04 09:24:40,591	BMS Server  	T_pdb_server     	[DEBUG]	Target = Full
2026-02-04 09:24:40,618	PDB Server  	T_pdb_server     	[INFO ]	Sys Volts: 23977 Sys Amps: 1349
2026-02-04 09:24:40,618	PDB Server  	T_pdb_server     	[INFO ]	12V rail Volts: 11999 12V rail Amps: 577
2026-02-04 09:24:40,618	PDB Server  	T_pdb_server     	[INFO ]	Energy[Joules]: 18739.8
2026-02-04 09:24:40,619	PDB Server  	T_pdb_server     	[INFO ]	Average Power: 133.56
2026-02-04 09:24:40,619	PDB Server  	T_pdb_server     	[INFO ]	Sys Volts average: 23914.8
2026-02-04 09:24:40,619	PDB Server  	T_pdb_server     	[INFO ]	mah from ltc4282 217.669
2026-02-04 09:24:45,117	BMS Server  	T_9BmsServer     	[DEBUG]	Battery temp -1
2026-02-04 09:24:45,746	DiskBatteryR	T_pdb_server     	[INFO ]	Writing to registry: battery 000000000000 uAH: 941020295
2026-02-04 09:24:45,746	DiskBatteryR	T_pdb_server     	[INFO ]	Writing to registry: battery 032225d763ff uAH: 190971
2026-02-04 09:24:45,746	BMS Server  	T_pdb_server     	[DEBUG]	Target = Full
2026-02-04 09:24:45,772	PDB Server  	T_pdb_server     	[INFO ]	Sys Volts: 23977 Sys Amps: 1439
2026-02-04 09:24:45,772	PDB Server  	T_pdb_server     	[INFO ]	12V rail Volts: 11998 12V rail Amps: 588
2026-02-04 09:24:45,772	PDB Server  	T_pdb_server     	[INFO ]	Energy[Joules]: 18906.6
2026-02-04 09:24:45,773	PDB Server  	T_pdb_server     	[INFO ]	Average Power: 130.012
2026-02-04 09:24:45,773	PDB Server  	T_pdb_server     	[INFO ]	Sys Volts average: 23917
2026-02-04 09:24:45,773	PDB Server  	T_pdb_server     	[INFO ]	mah from ltc4282 219.586
2026-02-04 09:24:49,105	BMS Server  	T_9BmsServer     	[DEBUG]	Battery temp -1
2026-02-04 09:24:50,898	DiskBatteryR	T_pdb_server     	[INFO ]	Writing to registry: battery 000000000000 uAH: 941022246
2026-02-04 09:24:50,898	DiskBatteryR	T_pdb_server     	[INFO ]	Writing to registry: battery 032225d763ff uAH: 190971
2026-02-04 09:24:50,899	BMS Server  	T_pdb_server     	[DEBUG]	Target = Full
2026-02-04 09:24:50,931	PDB Server  	T_pdb_server     	[INFO ]	Sys Volts: 23977 Sys Amps: 1349
2026-02-04 09:24:50,931	PDB Server  	T_pdb_server     	[INFO ]	12V rail Volts: 11998 12V rail Amps: 585
2026-02-04 09:24:50,931	PDB Server  	T_pdb_server     	[INFO ]	Energy[Joules]: 19075.2
2026-02-04 09:24:50,932	PDB Server  	T_pdb_server     	[INFO ]	Average Power: 126.662
2026-02-04 09:24:50,932	PDB Server  	T_pdb_server     	[INFO ]	Sys Volts average: 23919.1
2026-02-04 09:24:50,932	PDB Server  	T_pdb_server     	[INFO ]	mah from ltc4282 221.525
2026-02-04 09:24:54,425	BMS Server  	T_9BmsServer     	[DEBUG]	Battery temp -1
2026-02-04 09:24:56,060	DiskBatteryR	T_pdb_server     	[INFO ]	Writing to registry: battery 000000000000 uAH: 941024197
2026-02-04 09:24:56,060	DiskBatteryR	T_pdb_server     	[INFO ]	Writing to registry: battery 032225d763ff uAH: 190971
2026-02-04 09:24:56,060	BMS Server  	T_pdb_server     	[DEBUG]	Target = Full
2026-02-04 09:24:56,088	PDB Server  	T_pdb_server     	[INFO ]	Sys Volts: 23977 Sys Amps: 1349
2026-02-04 09:24:56,088	PDB Server  	T_pdb_server     	[INFO ]	12V rail Volts: 11999 12V rail Amps: 578
2026-02-04 09:24:56,088	PDB Server  	T_pdb_server     	[INFO ]	Energy[Joules]: 19243.5
2026-02-04 09:24:56,089	PDB Server  	T_pdb_server     	[INFO ]	Average Power: 123.533
2026-02-04 09:24:56,089	PDB Server  	T_pdb_server     	[INFO ]	Sys Volts average: 23921
2026-02-04 09:24:56,089	PDB Server  	T_pdb_server     	[INFO ]	mah from ltc4282 223.462
2026-02-04 09:24:58,413	BMS Server  	T_9BmsServer     	[DEBUG]	Battery temp -1
2026-02-04 09:25:01,212	DiskBatteryR	T_pdb_server     	[INFO ]	Writing to registry: battery 000000000000 uAH: 941026142
2026-02-04 09:25:01,213	DiskBatteryR	T_pdb_server     	[INFO ]	Writing to registry: battery 032225d763ff uAH: 190971
2026-02-04 09:25:01,213	BMS Server  	T_pdb_server     	[DEBUG]	Target = Full
2026-02-04 09:25:01,241	PDB Server  	T_pdb_server     	[INFO ]	Sys Volts: 23977 Sys Amps: 1349
2026-02-04 09:25:01,241	PDB Server  	T_pdb_server     	[INFO ]	12V rail Volts: 11999 12V rail Amps: 592
2026-02-04 09:25:01,241	PDB Server  	T_pdb_server     	[INFO ]	Energy[Joules]: 19409.6
2026-02-04 09:25:01,242	PDB Server  	T_pdb_server     	[INFO ]	Average Power: 120.64
2026-02-04 09:25:01,242	PDB Server  	T_pdb_server     	[INFO ]	Sys Volts average: 23922.8
2026-02-04 09:25:01,242	PDB Server  	T_pdb_server     	[INFO ]	mah from ltc4282 225.373
2026-02-04 09:25:03,733	BMS Server  	T_9BmsServer     	[DEBUG]	Battery temp -1
2026-02-04 09:25:06,368	DiskBatteryR	T_pdb_server     	[INFO ]	Writing to registry: battery 000000000000 uAH: 941028084
2026-02-04 09:25:06,368	DiskBatteryR	T_pdb_server     	[INFO ]	Writing to registry: battery 032225d763ff uAH: 190971
2026-02-04 09:25:06,368	BMS Server  	T_pdb_server     	[DEBUG]	Target = Full
2026-02-04 09:25:06,395	PDB Server  	T_pdb_server     	[INFO ]	Sys Volts: 23977 Sys Amps: 1259
2026-02-04 09:25:06,396	PDB Server  	T_pdb_server     	[INFO ]	12V rail Volts: 11998 12V rail Amps: 582
2026-02-04 09:25:06,396	PDB Server  	T_pdb_server     	[INFO ]	Energy[Joules]: 19577.1
2026-02-04 09:25:06,396	PDB Server  	T_pdb_server     	[INFO ]	Average Power: 117.888
2026-02-04 09:25:06,396	PDB Server  	T_pdb_server     	[INFO ]	Sys Volts average: 23924.5
2026-02-04 09:25:06,396	PDB Server  	T_pdb_server     	[INFO ]	mah from ltc4282 227.302
2026-02-04 09:25:07,725	BMS Server  	T_9BmsServer     	[DEBUG]	Battery temp -1
2026-02-04 09:25:11,532	DiskBatteryR	T_pdb_server     	[INFO ]	Writing to registry: battery 000000000000 uAH: 941030032
2026-02-04 09:25:11,532	DiskBatteryR	T_pdb_server     	[INFO ]	Writing to registry: battery 032225d763ff uAH: 190971
2026-02-04 09:25:11,532	BMS Server  	T_pdb_server     	[DEBUG]	Target = Full
2026-02-04 09:25:11,559	PDB Server  	T_pdb_server     	[INFO ]	Sys Volts: 23977 Sys Amps: 1349
2026-02-04 09:25:11,559	PDB Server  	T_pdb_server     	[INFO ]	12V rail Volts: 11999 12V rail Amps: 583
2026-02-04 09:25:11,559	PDB Server  	T_pdb_server     	[INFO ]	Energy[Joules]: 19745.4
2026-02-04 09:25:11,560	PDB Server  	T_pdb_server     	[INFO ]	Average Power: 115.307
2026-02-04 09:25:11,560	PDB Server  	T_pdb_server     	[INFO ]	Sys Volts average: 23926.1
2026-02-04 09:25:11,560	PDB Server  	T_pdb_server     	[INFO ]	mah from ltc4282 229.241
2026-02-04 09:25:13,041	BMS Server  	T_9BmsServer     	[DEBUG]	Battery temp -1
2026-02-04 09:25:16,684	DiskBatteryR	T_pdb_server     	[INFO ]	Writing to registry: battery 000000000000 uAH: 941031981
2026-02-04 09:25:16,684	DiskBatteryR	T_pdb_server     	[INFO ]	Writing to registry: battery 032225d763ff uAH: 190971
2026-02-04 09:25:16,684	BMS Server  	T_pdb_server     	[DEBUG]	Target = Full
2026-02-04 09:25:16,712	PDB Server  	T_pdb_server     	[INFO ]	Sys Volts: 23977 Sys Amps: 1349
2026-02-04 09:25:16,712	PDB Server  	T_pdb_server     	[INFO ]	12V rail Volts: 11998 12V rail Amps: 578
2026-02-04 09:25:16,712	PDB Server  	T_pdb_server     	[INFO ]	Energy[Joules]: 19914
2026-02-04 09:25:16,713	PDB Server  	T_pdb_server     	[INFO ]	Average Power: 112.878
2026-02-04 09:25:16,713	PDB Server  	T_pdb_server     	[INFO ]	Sys Volts average: 23927.5
2026-02-04 09:25:16,713	PDB Server  	T_pdb_server     	[INFO ]	mah from ltc4282 231.184
2026-02-04 09:25:17,037	BMS Server  	T_9BmsServer     	[DEBUG]	Battery temp -1
2026-02-04 09:25:21,843	DiskBatteryR	T_pdb_server     	[INFO ]	Writing to registry: battery 000000000000 uAH: 941033926
2026-02-04 09:25:21,843	DiskBatteryR	T_pdb_server     	[INFO ]	Writing to registry: battery 032225d763ff uAH: 190971
2026-02-04 09:25:21,843	BMS Server  	T_pdb_server     	[DEBUG]	Target = Full
2026-02-04 09:25:21,870	PDB Server  	T_pdb_server     	[INFO ]	Sys Volts: 23977 Sys Amps: 1349
2026-02-04 09:25:21,870	PDB Server  	T_pdb_server     	[INFO ]	12V rail Volts: 11999 12V rail Amps: 577
2026-02-04 09:25:21,870	PDB Server  	T_pdb_server     	[INFO ]	Energy[Joules]: 20080
2026-02-04 09:25:21,871	PDB Server  	T_pdb_server     	[INFO ]	Average Power: 110.614
2026-02-04 09:25:21,871	PDB Server  	T_pdb_server     	[INFO ]	Sys Volts average: 23929
2026-02-04 09:25:21,871	PDB Server  	T_pdb_server     	[INFO ]	mah from ltc4282 233.097
2026-02-04 09:25:22,373	BMS Server  	T_9BmsServer     	[DEBUG]	Battery temp -1
2026-02-04 09:25:26,356	BMS Server  	T_9BmsServer     	[DEBUG]	Battery temp -1
2026-02-04 09:25:26,996	DiskBatteryR	T_pdb_server     	[INFO ]	Writing to registry: battery 000000000000 uAH: 941035880
2026-02-04 09:25:26,996	DiskBatteryR	T_pdb_server     	[INFO ]	Writing to registry: battery 032225d763ff uAH: 190971
2026-02-04 09:25:26,996	BMS Server  	T_pdb_server     	[DEBUG]	Target = Full
2026-02-04 09:25:27,023	PDB Server  	T_pdb_server     	[INFO ]	Sys Volts: 23977 Sys Amps: 1349
2026-02-04 09:25:27,023	PDB Server  	T_pdb_server     	[INFO ]	12V rail Volts: 11999 12V rail Amps: 571
2026-02-04 09:25:27,023	PDB Server  	T_pdb_server     	[INFO ]	Energy[Joules]: 20248.7
2026-02-04 09:25:27,024	PDB Server  	T_pdb_server     	[INFO ]	Average Power: 108.451
2026-02-04 09:25:27,024	PDB Server  	T_pdb_server     	[INFO ]	Sys Volts average: 23930.3
2026-02-04 09:25:27,024	PDB Server  	T_pdb_server     	[INFO ]	mah from ltc4282 235.043
2026-02-04 09:25:31,669	BMS Server  	T_9BmsServer     	[DEBUG]	Battery temp -1
2026-02-04 09:25:32,148	DiskBatteryR	T_pdb_server     	[INFO ]	Writing to registry: battery 000000000000 uAH: 941037822
2026-02-04 09:25:32,148	DiskBatteryR	T_pdb_server     	[INFO ]	Writing to registry: battery 032225d763ff uAH: 190971
2026-02-04 09:25:32,148	BMS Server  	T_pdb_server     	[DEBUG]	Target = Full
2026-02-04 09:25:32,175	PDB Server  	T_pdb_server     	[INFO ]	Sys Volts: 23977 Sys Amps: 1439
2026-02-04 09:25:32,176	PDB Server  	T_pdb_server     	[INFO ]	12V rail Volts: 11998 12V rail Amps: 580
2026-02-04 09:25:32,176	PDB Server  	T_pdb_server     	[INFO ]	Energy[Joules]: 20414.8
2026-02-04 09:25:32,176	PDB Server  	T_pdb_server     	[INFO ]	Average Power: 106.426
2026-02-04 09:25:32,176	PDB Server  	T_pdb_server     	[INFO ]	Sys Volts average: 23931.5
2026-02-04 09:25:32,176	PDB Server  	T_pdb_server     	[INFO ]	mah from ltc4282 236.959
2026-02-04 09:25:35,656	BMS Server  	T_9BmsServer     	[DEBUG]	Battery temp -1
2026-02-04 09:25:37,299	DiskBatteryR	T_pdb_server     	[INFO ]	Writing to registry: battery 000000000000 uAH: 941039774
2026-02-04 09:25:37,299	DiskBatteryR	T_pdb_server     	[INFO ]	Writing to registry: battery 032225d763ff uAH: 190971
2026-02-04 09:25:37,299	BMS Server  	T_pdb_server     	[DEBUG]	Target = Full
2026-02-04 09:25:37,327	PDB Server  	T_pdb_server     	[INFO ]	Sys Volts: 23977 Sys Amps: 1349
2026-02-04 09:25:37,327	PDB Server  	T_pdb_server     	[INFO ]	12V rail Volts: 11999 12V rail Amps: 573
2026-02-04 09:25:37,327	PDB Server  	T_pdb_server     	[INFO ]	Energy[Joules]: 20583.6
2026-02-04 09:25:37,327	PDB Server  	T_pdb_server     	[INFO ]	Average Power: 104.486
2026-02-04 09:25:37,327	PDB Server  	T_pdb_server     	[INFO ]	Sys Volts average: 23932.7
2026-02-04 09:25:37,327	PDB Server  	T_pdb_server     	[INFO ]	mah from ltc4282 238.905
2026-02-04 09:25:39,644	BMS Server  	T_9BmsServer     	[DEBUG]	Battery temp -1
2026-02-04 09:25:42,450	DiskBatteryR	T_pdb_server     	[INFO ]	Writing to registry: battery 000000000000 uAH: 941041727
2026-02-04 09:25:42,450	DiskBatteryR	T_pdb_server     	[INFO ]	Writing to registry: battery 032225d763ff uAH: 190971
2026-02-04 09:25:42,450	BMS Server  	T_pdb_server     	[DEBUG]	Target = Full
2026-02-04 09:25:42,477	PDB Server  	T_pdb_server     	[INFO ]	Sys Volts: 23977 Sys Amps: 1349
2026-02-04 09:25:42,477	PDB Server  	T_pdb_server     	[INFO ]	12V rail Volts: 11998 12V rail Amps: 576
2026-02-04 09:25:42,477	PDB Server  	T_pdb_server     	[INFO ]	Energy[Joules]: 20752.3
2026-02-04 09:25:42,477	PDB Server  	T_pdb_server     	[INFO ]	Average Power: 102.645
2026-02-04 09:25:42,477	PDB Server  	T_pdb_server     	[INFO ]	Sys Volts average: 23933.9
2026-02-04 09:25:42,477	PDB Server  	T_pdb_server     	[INFO ]	mah from ltc4282 240.853
2026-02-04 09:25:44,957	BMS Server  	T_9BmsServer     	[DEBUG]	Battery temp -1
2026-02-04 09:25:47,605	DiskBatteryR	T_pdb_server     	[INFO ]	Writing to registry: battery 000000000000 uAH: 941043673
2026-02-04 09:25:47,605	DiskBatteryR	T_pdb_server     	[INFO ]	Writing to registry: battery 032225d763ff uAH: 190971
2026-02-04 09:25:47,605	BMS Server  	T_pdb_server     	[DEBUG]	Target = Full
2026-02-04 09:25:47,632	PDB Server  	T_pdb_server     	[INFO ]	Sys Volts: 23977 Sys Amps: 1349
2026-02-04 09:25:47,632	PDB Server  	T_pdb_server     	[INFO ]	12V rail Volts: 11998 12V rail Amps: 583
2026-02-04 09:25:47,632	PDB Server  	T_pdb_server     	[INFO ]	Energy[Joules]: 20918.4
2026-02-04 09:25:47,632	PDB Server  	T_pdb_server     	[INFO ]	Average Power: 100.915
2026-02-04 09:25:47,632	PDB Server  	T_pdb_server     	[INFO ]	Sys Volts average: 23934.9
2026-02-04 09:25:47,632	PDB Server  	T_pdb_server     	[INFO ]	mah from ltc4282 242.769
2026-02-04 09:25:48,953	BMS Server  	T_9BmsServer     	[DEBUG]	Battery temp -1
2026-02-04 09:25:52,760	DiskBatteryR	T_pdb_server     	[INFO ]	Writing to registry: battery 000000000000 uAH: 941045630
2026-02-04 09:25:52,761	DiskBatteryR	T_pdb_server     	[INFO ]	Writing to registry: battery 032225d763ff uAH: 190971
2026-02-04 09:25:52,761	BMS Server  	T_pdb_server     	[DEBUG]	Target = Full
2026-02-04 09:25:52,789	PDB Server  	T_pdb_server     	[INFO ]	Sys Volts: 23977 Sys Amps: 1349
2026-02-04 09:25:52,789	PDB Server  	T_pdb_server     	[INFO ]	12V rail Volts: 11998 12V rail Amps: 583
2026-02-04 09:25:52,789	PDB Server  	T_pdb_server     	[INFO ]	Energy[Joules]: 21087.4
2026-02-04 09:25:52,789	PDB Server  	T_pdb_server     	[INFO ]	Average Power: 99.2516
2026-02-04 09:25:52,789	PDB Server  	T_pdb_server     	[INFO ]	Sys Volts average: 23936
2026-02-04 09:25:52,789	PDB Server  	T_pdb_server     	[INFO ]	mah from ltc4282 244.721
2026-02-04 09:25:54,285	BMS Server  	T_9BmsServer     	[DEBUG]	Battery temp -1
2026-02-04 09:25:57,915	DiskBatteryR	T_pdb_server     	[INFO ]	Writing to registry: battery 000000000000 uAH: 941047578
2026-02-04 09:25:57,915	DiskBatteryR	T_pdb_server     	[INFO ]	Writing to registry: battery 032225d763ff uAH: 190971
2026-02-04 09:25:57,915	BMS Server  	T_pdb_server     	[DEBUG]	Target = Full
2026-02-04 09:25:57,945	PDB Server  	T_pdb_server     	[INFO ]	Sys Volts: 23977 Sys Amps: 1349
2026-02-04 09:25:57,945	PDB Server  	T_pdb_server     	[INFO ]	12V rail Volts: 11998 12V rail Amps: 582
2026-02-04 09:25:57,945	PDB Server  	T_pdb_server     	[INFO ]	Energy[Joules]: 21255.6
2026-02-04 09:25:57,945	PDB Server  	T_pdb_server     	[INFO ]	Average Power: 97.6634
2026-02-04 09:25:57,945	PDB Server  	T_pdb_server     	[INFO ]	Sys Volts average: 23936.9
2026-02-04 09:25:57,945	PDB Server  	T_pdb_server     	[INFO ]	mah from ltc4282 246.663
2026-02-04 09:25:58,269	BMS Server  	T_9BmsServer     	[DEBUG]	Battery temp -1
2026-02-04 09:26:03,071	DiskBatteryR	T_pdb_server     	[INFO ]	Writing to registry: battery 000000000000 uAH: 941049536
2026-02-04 09:26:03,071	DiskBatteryR	T_pdb_server     	[INFO ]	Writing to registry: battery 032225d763ff uAH: 190971
2026-02-04 09:26:03,072	BMS Server  	T_pdb_server     	[DEBUG]	Target = Full
2026-02-04 09:26:03,099	PDB Server  	T_pdb_server     	[INFO ]	Sys Volts: 23977 Sys Amps: 1349
2026-02-04 09:26:03,099	PDB Server  	T_pdb_server     	[INFO ]	12V rail Volts: 11998 12V rail Amps: 576
2026-02-04 09:26:03,099	PDB Server  	T_pdb_server     	[INFO ]	Energy[Joules]: 21422.7
2026-02-04 09:26:03,100	PDB Server  	T_pdb_server     	[INFO ]	Average Power: 96.1722
2026-02-04 09:26:03,100	PDB Server  	T_pdb_server     	[INFO ]	Sys Volts average: 23937.8
2026-02-04 09:26:03,100	PDB Server  	T_pdb_server     	[INFO ]	mah from ltc4282 248.592
2026-02-04 09:26:03,589	BMS Server  	T_9BmsServer     	[DEBUG]	Battery temp -1
2026-02-04 09:26:07,577	BMS Server  	T_9BmsServer     	[DEBUG]	Battery temp -1
2026-02-04 09:26:08,227	DiskBatteryR	T_pdb_server     	[INFO ]	Writing to registry: battery 000000000000 uAH: 941051472
2026-02-04 09:26:08,227	DiskBatteryR	T_pdb_server     	[INFO ]	Writing to registry: battery 032225d763ff uAH: 190971
2026-02-04 09:26:08,227	BMS Server  	T_pdb_server     	[DEBUG]	Target = Full
2026-02-04 09:26:08,254	PDB Server  	T_pdb_server     	[INFO ]	Sys Volts: 23977 Sys Amps: 1349
2026-02-04 09:26:08,255	PDB Server  	T_pdb_server     	[INFO ]	12V rail Volts: 11998 12V rail Amps: 583
2026-02-04 09:26:08,255	PDB Server  	T_pdb_server     	[INFO ]	Energy[Joules]: 21590.2
2026-02-04 09:26:08,255	PDB Server  	T_pdb_server     	[INFO ]	Average Power: 94.7225
2026-02-04 09:26:08,255	PDB Server  	T_pdb_server     	[INFO ]	Sys Volts average: 23938.7
2026-02-04 09:26:08,255	PDB Server  	T_pdb_server     	[INFO ]	mah from ltc4282 250.526
2026-02-04 09:26:12,900	BMS Server  	T_9BmsServer     	[DEBUG]	Battery temp -1
2026-02-04 09:26:13,378	DiskBatteryR	T_pdb_server     	[INFO ]	Writing to registry: battery 000000000000 uAH: 941053426
2026-02-04 09:26:13,378	DiskBatteryR	T_pdb_server     	[INFO ]	Writing to registry: battery 032225d763ff uAH: 190971
2026-02-04 09:26:13,378	BMS Server  	T_pdb_server     	[DEBUG]	Target = Full
2026-02-04 09:26:13,405	PDB Server  	T_pdb_server     	[INFO ]	Sys Volts: 23977 Sys Amps: 1349
2026-02-04 09:26:13,406	PDB Server  	T_pdb_server     	[INFO ]	12V rail Volts: 11998 12V rail Amps: 579
2026-02-04 09:26:13,406	PDB Server  	T_pdb_server     	[INFO ]	Energy[Joules]: 21759.1
2026-02-04 09:26:13,406	PDB Server  	T_pdb_server     	[INFO ]	Average Power: 93.3433
2026-02-04 09:26:13,406	PDB Server  	T_pdb_server     	[INFO ]	Sys Volts average: 23939.6
2026-02-04 09:26:13,406	PDB Server  	T_pdb_server     	[INFO ]	mah from ltc4282 252.477
2026-02-04 09:26:16,885	BMS Server  	T_9BmsServer     	[DEBUG]	Battery temp -1
2026-02-04 09:26:18,531	DiskBatteryR	T_pdb_server     	[INFO ]	Writing to registry: battery 000000000000 uAH: 941055378
2026-02-04 09:26:18,531	DiskBatteryR	T_pdb_server     	[INFO ]	Writing to registry: battery 032225d763ff uAH: 190971
2026-02-04 09:26:18,531	BMS Server  	T_pdb_server     	[DEBUG]	Target = Full
2026-02-04 09:26:18,559	PDB Server  	T_pdb_server     	[INFO ]	Sys Volts: 23977 Sys Amps: 1349
2026-02-04 09:26:18,559	PDB Server  	T_pdb_server     	[INFO ]	12V rail Volts: 11998 12V rail Amps: 585
2026-02-04 09:26:18,559	PDB Server  	T_pdb_server     	[INFO ]	Energy[Joules]: 21925.6
2026-02-04 09:26:18,560	PDB Server  	T_pdb_server     	[INFO ]	Average Power: 92.0393
2026-02-04 09:26:18,560	PDB Server  	T_pdb_server     	[INFO ]	Sys Volts average: 23940.4
2026-02-04 09:26:18,560	PDB Server  	T_pdb_server     	[INFO ]	mah from ltc4282 254.4
2026-02-04 09:26:22,213	BMS Server  	T_9BmsServer     	[DEBUG]	Battery temp -1
2026-02-04 09:26:23,684	DiskBatteryR	T_pdb_server     	[INFO ]	Writing to registry: battery 000000000000 uAH: 941057326
2026-02-04 09:26:23,685	DiskBatteryR	T_pdb_server     	[INFO ]	Writing to registry: battery 032225d763ff uAH: 190971
2026-02-04 09:26:23,685	BMS Server  	T_pdb_server     	[DEBUG]	Target = Full
2026-02-04 09:26:23,713	PDB Server  	T_pdb_server     	[INFO ]	Sys Volts: 23977 Sys Amps: 1349
2026-02-04 09:26:23,713	PDB Server  	T_pdb_server     	[INFO ]	12V rail Volts: 11999 12V rail Amps: 578
2026-02-04 09:26:23,713	PDB Server  	T_pdb_server     	[INFO ]	Energy[Joules]: 22094
2026-02-04 09:26:23,713	PDB Server  	T_pdb_server     	[INFO ]	Average Power: 90.7737
2026-02-04 09:26:23,713	PDB Server  	T_pdb_server     	[INFO ]	Sys Volts average: 23941.1
2026-02-04 09:26:23,713	PDB Server  	T_pdb_server     	[INFO ]	mah from ltc4282 256.347
2026-02-04 09:26:26,197	BMS Server  	T_9BmsServer     	[DEBUG]	Battery temp -1
2026-02-04 09:26:28,838	DiskBatteryR	T_pdb_server     	[INFO ]	Writing to registry: battery 000000000000 uAH: 941059276
2026-02-04 09:26:28,838	DiskBatteryR	T_pdb_server     	[INFO ]	Writing to registry: battery 032225d763ff uAH: 190971
2026-02-04 09:26:28,838	BMS Server  	T_pdb_server     	[DEBUG]	Target = Full
2026-02-04 09:26:28,866	PDB Server  	T_pdb_server     	[INFO ]	Sys Volts: 23977 Sys Amps: 1349
2026-02-04 09:26:28,866	PDB Server  	T_pdb_server     	[INFO ]	12V rail Volts: 11999 12V rail Amps: 579
2026-02-04 09:26:28,866	PDB Server  	T_pdb_server     	[INFO ]	Energy[Joules]: 22262.4
2026-02-04 09:26:28,867	PDB Server  	T_pdb_server     	[INFO ]	Average Power: 89.5603
2026-02-04 09:26:28,867	PDB Server  	T_pdb_server     	[INFO ]	Sys Volts average: 23941.9
2026-02-04 09:26:28,867	PDB Server  	T_pdb_server     	[INFO ]	mah from ltc4282 258.292
2026-02-04 09:26:31,508	BMS Server  	T_9BmsServer     	[DEBUG]	Battery temp -1
2026-02-04 09:26:33,990	DiskBatteryR	T_pdb_server     	[INFO ]	Writing to registry: battery 000000000000 uAH: 941061215
2026-02-04 09:26:33,990	DiskBatteryR	T_pdb_server     	[INFO ]	Writing to registry: battery 032225d763ff uAH: 190971
2026-02-04 09:26:33,990	BMS Server  	T_pdb_server     	[DEBUG]	Target = Full
2026-02-04 09:26:34,019	PDB Server  	T_pdb_server     	[INFO ]	Sys Volts: 23977 Sys Amps: 1349
2026-02-04 09:26:34,019	PDB Server  	T_pdb_server     	[INFO ]	12V rail Volts: 11999 12V rail Amps: 575
2026-02-04 09:26:34,019	PDB Server  	T_pdb_server     	[INFO ]	Energy[Joules]: 22428.2
2026-02-04 09:26:34,020	PDB Server  	T_pdb_server     	[INFO ]	Average Power: 88.4092
2026-02-04 09:26:34,020	PDB Server  	T_pdb_server     	[INFO ]	Sys Volts average: 23942.6
2026-02-04 09:26:34,020	PDB Server  	T_pdb_server     	[INFO ]	mah from ltc4282 260.208
2026-02-04 09:26:35,492	BMS Server  	T_9BmsServer     	[DEBUG]	Battery temp -1
2026-02-04 09:26:39,147	DiskBatteryR	T_pdb_server     	[INFO ]	Writing to registry: battery 000000000000 uAH: 941063174
2026-02-04 09:26:39,147	DiskBatteryR	T_pdb_server     	[INFO ]	Writing to registry: battery 032225d763ff uAH: 190971
2026-02-04 09:26:39,147	BMS Server  	T_pdb_server     	[DEBUG]	Target = Full
2026-02-04 09:26:39,175	PDB Server  	T_pdb_server     	[INFO ]	Sys Volts: 23977 Sys Amps: 1349
2026-02-04 09:26:39,175	PDB Server  	T_pdb_server     	[INFO ]	12V rail Volts: 11998 12V rail Amps: 579
2026-02-04 09:26:39,175	PDB Server  	T_pdb_server     	[INFO ]	Energy[Joules]: 22597.2
2026-02-04 09:26:39,175	PDB Server  	T_pdb_server     	[INFO ]	Average Power: 87.294
2026-02-04 09:26:39,176	PDB Server  	T_pdb_server     	[INFO ]	Sys Volts average: 23943.3
2026-02-04 09:26:39,176	PDB Server  	T_pdb_server     	[INFO ]	mah from ltc4282 262.161
2026-02-04 09:26:39,480	BMS Server  	T_9BmsServer     	[DEBUG]	Battery temp -1
2026-02-04 09:26:44,301	DiskBatteryR	T_pdb_server     	[INFO ]	Writing to registry: battery 000000000000 uAH: 941065123
2026-02-04 09:26:44,301	DiskBatteryR	T_pdb_server     	[INFO ]	Writing to registry: battery 032225d763ff uAH: 190971
2026-02-04 09:26:44,301	BMS Server  	T_pdb_server     	[DEBUG]	Target = Full
2026-02-04 09:26:44,330	PDB Server  	T_pdb_server     	[INFO ]	Sys Volts: 23977 Sys Amps: 1259
2026-02-04 09:26:44,330	PDB Server  	T_pdb_server     	[INFO ]	12V rail Volts: 11998 12V rail Amps: 578
2026-02-04 09:26:44,330	PDB Server  	T_pdb_server     	[INFO ]	Energy[Joules]: 22765.5
2026-02-04 09:26:44,331	PDB Server  	T_pdb_server     	[INFO ]	Average Power: 86.2199
2026-02-04 09:26:44,331	PDB Server  	T_pdb_server     	[INFO ]	Sys Volts average: 23944
2026-02-04 09:26:44,331	PDB Server  	T_pdb_server     	[INFO ]	mah from ltc4282 264.107
2026-02-04 09:26:44,797	BMS Server  	T_9BmsServer     	[DEBUG]	Battery temp -1
2026-02-04 09:26:48,793	BMS Server  	T_9BmsServer     	[DEBUG]	Battery temp -1
2026-02-04 09:26:49,456	DiskBatteryR	T_pdb_server     	[INFO ]	Writing to registry: battery 000000000000 uAH: 941067066
2026-02-04 09:26:49,456	DiskBatteryR	T_pdb_server     	[INFO ]	Writing to registry: battery 032225d763ff uAH: 190971
2026-02-04 09:26:49,456	BMS Server  	T_pdb_server     	[DEBUG]	Target = Full
2026-02-04 09:26:49,483	PDB Server  	T_pdb_server     	[INFO ]	Sys Volts: 23977 Sys Amps: 1349
2026-02-04 09:26:49,484	PDB Server  	T_pdb_server     	[INFO ]	12V rail Volts: 11998 12V rail Amps: 584
2026-02-04 09:26:49,484	PDB Server  	T_pdb_server     	[INFO ]	Energy[Joules]: 22931.6
2026-02-04 09:26:49,484	PDB Server  	T_pdb_server     	[INFO ]	Average Power: 85.1994
2026-02-04 09:26:49,484	PDB Server  	T_pdb_server     	[INFO ]	Sys Volts average: 23944.6
2026-02-04 09:26:49,484	PDB Server  	T_pdb_server     	[INFO ]	mah from ltc4282 266.027
2026-02-04 09:26:54,117	BMS Server  	T_9BmsServer     	[DEBUG]	Battery temp -1
2026-02-04 09:26:54,608	DiskBatteryR	T_pdb_server     	[INFO ]	Writing to registry: battery 000000000000 uAH: 941069017
2026-02-04 09:26:54,608	DiskBatteryR	T_pdb_server     	[INFO ]	Writing to registry: battery 032225d763ff uAH: 190971
2026-02-04 09:26:54,608	BMS Server  	T_pdb_server     	[DEBUG]	Target = Full
2026-02-04 09:26:54,635	PDB Server  	T_pdb_server     	[INFO ]	Sys Volts: 23977 Sys Amps: 1349
2026-02-04 09:26:54,635	PDB Server  	T_pdb_server     	[INFO ]	12V rail Volts: 11998 12V rail Amps: 578
2026-02-04 09:26:54,635	PDB Server  	T_pdb_server     	[INFO ]	Energy[Joules]: 23100.2
2026-02-04 09:26:54,636	PDB Server  	T_pdb_server     	[INFO ]	Average Power: 84.2062
2026-02-04 09:26:54,636	PDB Server  	T_pdb_server     	[INFO ]	Sys Volts average: 23945.2
2026-02-04 09:26:54,636	PDB Server  	T_pdb_server     	[INFO ]	mah from ltc4282 267.976
2026-02-04 09:26:58,101	BMS Server  	T_9BmsServer     	[DEBUG]	Battery temp -1
2026-02-04 09:26:59,761	DiskBatteryR	T_pdb_server     	[INFO ]	Writing to registry: battery 000000000000 uAH: 941070954
2026-02-04 09:26:59,761	DiskBatteryR	T_pdb_server     	[INFO ]	Writing to registry: battery 032225d763ff uAH: 190971
2026-02-04 09:26:59,761	BMS Server  	T_pdb_server     	[DEBUG]	Target = Full
2026-02-04 09:26:59,789	PDB Server  	T_pdb_server     	[INFO ]	Sys Volts: 23977 Sys Amps: 1439
2026-02-04 09:26:59,789	PDB Server  	T_pdb_server     	[INFO ]	12V rail Volts: 11999 12V rail Amps: 576
2026-02-04 09:26:59,789	PDB Server  	T_pdb_server     	[INFO ]	Energy[Joules]: 23265.7
2026-02-04 09:26:59,790	PDB Server  	T_pdb_server     	[INFO ]	Average Power: 83.2581
2026-02-04 09:26:59,790	PDB Server  	T_pdb_server     	[INFO ]	Sys Volts average: 23945.8
2026-02-04 09:26:59,790	PDB Server  	T_pdb_server     	[INFO ]	mah from ltc4282 269.889
2026-02-04 09:27:03,421	BMS Server  	T_9BmsServer     	[DEBUG]	Battery temp -1
2026-02-04 09:27:04,913	DiskBatteryR	T_pdb_server     	[INFO ]	Writing to registry: battery 000000000000 uAH: 941072901
2026-02-04 09:27:04,913	DiskBatteryR	T_pdb_server     	[INFO ]	Writing to registry: battery 032225d763ff uAH: 190971
2026-02-04 09:27:04,913	BMS Server  	T_pdb_server     	[DEBUG]	Target = Full
2026-02-04 09:27:04,942	PDB Server  	T_pdb_server     	[INFO ]	Sys Volts: 23977 Sys Amps: 1439
2026-02-04 09:27:04,942	PDB Server  	T_pdb_server     	[INFO ]	12V rail Volts: 11999 12V rail Amps: 574
2026-02-04 09:27:04,942	PDB Server  	T_pdb_server     	[INFO ]	Energy[Joules]: 23434.2
2026-02-04 09:27:04,942	PDB Server  	T_pdb_server     	[INFO ]	Average Power: 82.3356
2026-02-04 09:27:04,942	PDB Server  	T_pdb_server     	[INFO ]	Sys Volts average: 23946.4
2026-02-04 09:27:04,942	PDB Server  	T_pdb_server     	[INFO ]	mah from ltc4282 271.837
2026-02-04 09:27:07,417	BMS Server  	T_9BmsServer     	[DEBUG]	Battery temp -1
2026-02-04 09:27:10,066	DiskBatteryR	T_pdb_server     	[INFO ]	Writing to registry: battery 000000000000 uAH: 941074842
2026-02-04 09:27:10,066	DiskBatteryR	T_pdb_server     	[INFO ]	Writing to registry: battery 032225d763ff uAH: 190971
2026-02-04 09:27:10,066	BMS Server  	T_pdb_server     	[DEBUG]	Target = Full
2026-02-04 09:27:10,093	PDB Server  	T_pdb_server     	[INFO ]	Sys Volts: 23977 Sys Amps: 1349
2026-02-04 09:27:10,093	PDB Server  	T_pdb_server     	[INFO ]	12V rail Volts: 11998 12V rail Amps: 570
2026-02-04 09:27:10,093	PDB Server  	T_pdb_server     	[INFO ]	Energy[Joules]: 23602.1
2026-02-04 09:27:10,094	PDB Server  	T_pdb_server     	[INFO ]	Average Power: 81.444
2026-02-04 09:27:10,094	PDB Server  	T_pdb_server     	[INFO ]	Sys Volts average: 23946.9
2026-02-04 09:27:10,094	PDB Server  	T_pdb_server     	[INFO ]	mah from ltc4282 273.779
2026-02-04 09:27:12,741	BMS Server  	T_9BmsServer     	[DEBUG]	Battery temp -1
2026-02-04 09:27:15,218	DiskBatteryR	T_pdb_server     	[INFO ]	Writing to registry: battery 000000000000 uAH: 941076775
2026-02-04 09:27:15,219	DiskBatteryR	T_pdb_server     	[INFO ]	Writing to registry: battery 032225d763ff uAH: 190971
2026-02-04 09:27:15,219	BMS Server  	T_pdb_server     	[DEBUG]	Target = Full
2026-02-04 09:27:15,248	PDB Server  	T_pdb_server     	[INFO ]	Sys Volts: 23977 Sys Amps: 1349
2026-02-04 09:27:15,248	PDB Server  	T_pdb_server     	[INFO ]	12V rail Volts: 11998 12V rail Amps: 581
2026-02-04 09:27:15,248	PDB Server  	T_pdb_server     	[INFO ]	Energy[Joules]: 23767.2
2026-02-04 09:27:15,248	PDB Server  	T_pdb_server     	[INFO ]	Average Power: 80.5921
2026-02-04 09:27:15,248	PDB Server  	T_pdb_server     	[INFO ]	Sys Volts average: 23947.4
2026-02-04 09:27:15,248	PDB Server  	T_pdb_server     	[INFO ]	mah from ltc4282 275.688
2026-02-04 09:27:16,737	BMS Server  	T_9BmsServer     	[DEBUG]	Battery temp -1
2026-02-04 09:27:20,376	DiskBatteryR	T_pdb_server     	[INFO ]	Writing to registry: battery 000000000000 uAH: 941078724
2026-02-04 09:27:20,376	DiskBatteryR	T_pdb_server     	[INFO ]	Writing to registry: battery 032225d763ff uAH: 190971
2026-02-04 09:27:20,376	BMS Server  	T_pdb_server     	[DEBUG]	Target = Full
2026-02-04 09:27:20,404	PDB Server  	T_pdb_server     	[INFO ]	Sys Volts: 23977 Sys Amps: 1349
2026-02-04 09:27:20,404	PDB Server  	T_pdb_server     	[INFO ]	12V rail Volts: 11998 12V rail Amps: 574
2026-02-04 09:27:20,404	PDB Server  	T_pdb_server     	[INFO ]	Energy[Joules]: 23935.4
2026-02-04 09:27:20,405	PDB Server  	T_pdb_server     	[INFO ]	Average Power: 79.7622
2026-02-04 09:27:20,405	PDB Server  	T_pdb_server     	[INFO ]	Sys Volts average: 23947.9
2026-02-04 09:27:20,405	PDB Server  	T_pdb_server     	[INFO ]	mah from ltc4282 277.633
2026-02-04 09:27:22,053	BMS Server  	T_9BmsServer     	[DEBUG]	Battery temp -1
2026-02-04 09:27:25,529	DiskBatteryR	T_pdb_server     	[INFO ]	Writing to registry: battery 000000000000 uAH: 941080658
2026-02-04 09:27:25,529	DiskBatteryR	T_pdb_server     	[INFO ]	Writing to registry: battery 032225d763ff uAH: 190971
2026-02-04 09:27:25,529	BMS Server  	T_pdb_server     	[DEBUG]	Target = Full
2026-02-04 09:27:25,556	PDB Server  	T_pdb_server     	[INFO ]	Sys Volts: 23977 Sys Amps: 1349
2026-02-04 09:27:25,557	PDB Server  	T_pdb_server     	[INFO ]	12V rail Volts: 11999 12V rail Amps: 567
2026-02-04 09:27:25,557	PDB Server  	T_pdb_server     	[INFO ]	Energy[Joules]: 24102.8
2026-02-04 09:27:25,557	PDB Server  	T_pdb_server     	[INFO ]	Average Power: 78.9576
2026-02-04 09:27:25,557	PDB Server  	T_pdb_server     	[INFO ]	Sys Volts average: 23948.4
2026-02-04 09:27:25,557	PDB Server  	T_pdb_server     	[INFO ]	mah from ltc4282 279.568
2026-02-04 09:27:26,041	BMS Server  	T_9BmsServer     	[DEBUG]	Battery temp -1
2026-02-04 09:27:30,680	DiskBatteryR	T_pdb_server     	[INFO ]	Writing to registry: battery 000000000000 uAH: 941082606
2026-02-04 09:27:30,681	DiskBatteryR	T_pdb_server     	[INFO ]	Writing to registry: battery 032225d763ff uAH: 190971
2026-02-04 09:27:30,681	BMS Server  	T_pdb_server     	[DEBUG]	Target = Full
2026-02-04 09:27:30,707	PDB Server  	T_pdb_server     	[INFO ]	Sys Volts: 23977 Sys Amps: 1349
2026-02-04 09:27:30,707	PDB Server  	T_pdb_server     	[INFO ]	12V rail Volts: 11998 12V rail Amps: 582
2026-02-04 09:27:30,707	PDB Server  	T_pdb_server     	[INFO ]	Energy[Joules]: 24268.8
2026-02-04 09:27:30,708	PDB Server  	T_pdb_server     	[INFO ]	Average Power: 78.1923
2026-02-04 09:27:30,708	PDB Server  	T_pdb_server     	[INFO ]	Sys Volts average: 23948.9
2026-02-04 09:27:30,708	PDB Server  	T_pdb_server     	[INFO ]	mah from ltc4282 281.489
2026-02-04 09:27:31,357	BMS Server  	T_9BmsServer     	[DEBUG]	Battery temp -1
2026-02-04 09:27:35,345	BMS Server  	T_9BmsServer     	[DEBUG]	Battery temp -1
2026-02-04 09:27:35,832	DiskBatteryR	T_pdb_server     	[INFO ]	Writing to registry: battery 000000000000 uAH: 941084547
2026-02-04 09:27:35,832	DiskBatteryR	T_pdb_server     	[INFO ]	Writing to registry: battery 032225d763ff uAH: 190971
2026-02-04 09:27:35,832	BMS Server  	T_pdb_server     	[DEBUG]	Target = Full
2026-02-04 09:27:35,860	PDB Server  	T_pdb_server     	[INFO ]	Sys Volts: 23977 Sys Amps: 1349
2026-02-04 09:27:35,860	PDB Server  	T_pdb_server     	[INFO ]	12V rail Volts: 11998 12V rail Amps: 580
2026-02-04 09:27:35,860	PDB Server  	T_pdb_server     	[INFO ]	Energy[Joules]: 24436.9
2026-02-04 09:27:35,861	PDB Server  	T_pdb_server     	[INFO ]	Average Power: 77.442
2026-02-04 09:27:35,861	PDB Server  	T_pdb_server     	[INFO ]	Sys Volts average: 23949.3
2026-02-04 09:27:35,861	PDB Server  	T_pdb_server     	[INFO ]	mah from ltc4282 283.433
2026-02-04 09:27:40,677	BMS Server  	T_9BmsServer     	[DEBUG]	Battery temp -1
2026-02-04 09:27:40,985	DiskBatteryR	T_pdb_server     	[INFO ]	Writing to registry: battery 000000000000 uAH: 941086498
2026-02-04 09:27:40,985	DiskBatteryR	T_pdb_server     	[INFO ]	Writing to registry: battery 032225d763ff uAH: 190971
2026-02-04 09:27:40,985	BMS Server  	T_pdb_server     	[DEBUG]	Target = Full
2026-02-04 09:27:41,013	PDB Server  	T_pdb_server     	[INFO ]	Sys Volts: 23977 Sys Amps: 1349
2026-02-04 09:27:41,013	PDB Server  	T_pdb_server     	[INFO ]	12V rail Volts: 11999 12V rail Amps: 584
2026-02-04 09:27:41,013	PDB Server  	T_pdb_server     	[INFO ]	Energy[Joules]: 24605.8
2026-02-04 09:27:41,013	PDB Server  	T_pdb_server     	[INFO ]	Average Power: 76.7185
2026-02-04 09:27:41,013	PDB Server  	T_pdb_server     	[INFO ]	Sys Volts average: 23949.8
2026-02-04 09:27:41,013	PDB Server  	T_pdb_server     	[INFO ]	mah from ltc4282 285.386
2026-02-04 09:27:44,665	BMS Server  	T_9BmsServer     	[DEBUG]	Battery temp -1
2026-02-04 09:27:46,140	DiskBatteryR	T_pdb_server     	[INFO ]	Writing to registry: battery 000000000000 uAH: 941088450
2026-02-04 09:27:46,141	DiskBatteryR	T_pdb_server     	[INFO ]	Writing to registry: battery 032225d763ff uAH: 190971
2026-02-04 09:27:46,141	BMS Server  	T_pdb_server     	[DEBUG]	Target = Full
2026-02-04 09:27:46,168	PDB Server  	T_pdb_server     	[INFO ]	Sys Volts: 23977 Sys Amps: 1439
2026-02-04 09:27:46,168	PDB Server  	T_pdb_server     	[INFO ]	12V rail Volts: 11999 12V rail Amps: 575
2026-02-04 09:27:46,168	PDB Server  	T_pdb_server     	[INFO ]	Energy[Joules]: 24772.1
2026-02-04 09:27:46,168	PDB Server  	T_pdb_server     	[INFO ]	Average Power: 76.0255
2026-02-04 09:27:46,168	PDB Server  	T_pdb_server     	[INFO ]	Sys Volts average: 23950.2
2026-02-04 09:27:46,168	PDB Server  	T_pdb_server     	[INFO ]	mah from ltc4282 287.31
2026-02-04 09:27:48,652	BMS Server  	T_9BmsServer     	[DEBUG]	Battery temp -1
2026-02-04 09:27:51,291	DiskBatteryR	T_pdb_server     	[INFO ]	Writing to registry: battery 000000000000 uAH: 941090400
2026-02-04 09:27:51,291	DiskBatteryR	T_pdb_server     	[INFO ]	Writing to registry: battery 032225d763ff uAH: 190971
2026-02-04 09:27:51,291	BMS Server  	T_pdb_server     	[DEBUG]	Target = Full
2026-02-04 09:27:51,318	PDB Server  	T_pdb_server     	[INFO ]	Sys Volts: 23977 Sys Amps: 1349
2026-02-04 09:27:51,318	PDB Server  	T_pdb_server     	[INFO ]	12V rail Volts: 11998 12V rail Amps: 577
2026-02-04 09:27:51,318	PDB Server  	T_pdb_server     	[INFO ]	Energy[Joules]: 24940.8
2026-02-04 09:27:51,318	PDB Server  	T_pdb_server     	[INFO ]	Average Power: 75.3458
2026-02-04 09:27:51,318	PDB Server  	T_pdb_server     	[INFO ]	Sys Volts average: 23950.6
2026-02-04 09:27:51,318	PDB Server  	T_pdb_server     	[INFO ]	mah from ltc4282 289.261
2026-02-04 09:27:53,973	BMS Server  	T_9BmsServer     	[DEBUG]	Battery temp -1
2026-02-04 09:27:56,448	DiskBatteryR	T_pdb_server     	[INFO ]	Writing to registry: battery 000000000000 uAH: 941092355
2026-02-04 09:27:56,448	DiskBatteryR	T_pdb_server     	[INFO ]	Writing to registry: battery 032225d763ff uAH: 190971
2026-02-04 09:27:56,448	BMS Server  	T_pdb_server     	[DEBUG]	Target = Full
2026-02-04 09:27:56,477	PDB Server  	T_pdb_server     	[INFO ]	Sys Volts: 23977 Sys Amps: 1439
2026-02-04 09:27:56,478	PDB Server  	T_pdb_server     	[INFO ]	12V rail Volts: 11999 12V rail Amps: 575
2026-02-04 09:27:56,478	PDB Server  	T_pdb_server     	[INFO ]	Energy[Joules]: 25107.8
2026-02-04 09:27:56,478	PDB Server  	T_pdb_server     	[INFO ]	Average Power: 74.697
2026-02-04 09:27:56,478	PDB Server  	T_pdb_server     	[INFO ]	Sys Volts average: 23951
2026-02-04 09:27:56,478	PDB Server  	T_pdb_server     	[INFO ]	mah from ltc4282 291.194
2026-02-04 09:27:57,961	BMS Server  	T_9BmsServer     	[DEBUG]	Battery temp -1
2026-02-04 09:28:01,600	DiskBatteryR	T_pdb_server     	[INFO ]	Writing to registry: battery 000000000000 uAH: 941094313
2026-02-04 09:28:01,601	DiskBatteryR	T_pdb_server     	[INFO ]	Writing to registry: battery 032225d763ff uAH: 190971
2026-02-04 09:28:01,601	BMS Server  	T_pdb_server     	[DEBUG]	Target = Full
2026-02-04 09:28:01,628	PDB Server  	T_pdb_server     	[INFO ]	Sys Volts: 23977 Sys Amps: 1349
2026-02-04 09:28:01,628	PDB Server  	T_pdb_server     	[INFO ]	12V rail Volts: 11999 12V rail Amps: 578
2026-02-04 09:28:01,628	PDB Server  	T_pdb_server     	[INFO ]	Energy[Joules]: 25277
2026-02-04 09:28:01,629	PDB Server  	T_pdb_server     	[INFO ]	Average Power: 74.0596
2026-02-04 09:28:01,629	PDB Server  	T_pdb_server     	[INFO ]	Sys Volts average: 23951.4
2026-02-04 09:28:01,629	PDB Server  	T_pdb_server     	[INFO ]	mah from ltc4282 293.151
2026-02-04 09:28:03,273	BMS Server  	T_9BmsServer     	[DEBUG]	Battery temp -1
2026-02-04 09:28:06,754	DiskBatteryR	T_pdb_server     	[INFO ]	Writing to registry: battery 000000000000 uAH: 941096270
2026-02-04 09:28:06,754	DiskBatteryR	T_pdb_server     	[INFO ]	Writing to registry: battery 032225d763ff uAH: 190971
2026-02-04 09:28:06,754	BMS Server  	T_pdb_server     	[DEBUG]	Target = Full
2026-02-04 09:28:06,781	PDB Server  	T_pdb_server     	[INFO ]	Sys Volts: 23977 Sys Amps: 1349
2026-02-04 09:28:06,781	PDB Server  	T_pdb_server     	[INFO ]	12V rail Volts: 11999 12V rail Amps: 580
2026-02-04 09:28:06,781	PDB Server  	T_pdb_server     	[INFO ]	Energy[Joules]: 25446.2
2026-02-04 09:28:06,782	PDB Server  	T_pdb_server     	[INFO ]	Average Power: 73.4412
2026-02-04 09:28:06,782	PDB Server  	T_pdb_server     	[INFO ]	Sys Volts average: 23951.8
2026-02-04 09:28:06,782	PDB Server  	T_pdb_server     	[INFO ]	mah from ltc4282 295.108
2026-02-04 09:28:07,261	BMS Server  	T_9BmsServer     	[DEBUG]	Battery temp -1
2026-02-04 09:28:11,903	DiskBatteryR	T_pdb_server     	[INFO ]	Writing to registry: battery 000000000000 uAH: 941098218
2026-02-04 09:28:11,903	DiskBatteryR	T_pdb_server     	[INFO ]	Writing to registry: battery 032225d763ff uAH: 190971
2026-02-04 09:28:11,903	BMS Server  	T_pdb_server     	[DEBUG]	Target = Full
2026-02-04 09:28:11,930	PDB Server  	T_pdb_server     	[INFO ]	Sys Volts: 23977 Sys Amps: 1439
2026-02-04 09:28:11,930	PDB Server  	T_pdb_server     	[INFO ]	12V rail Volts: 11998 12V rail Amps: 582
2026-02-04 09:28:11,930	PDB Server  	T_pdb_server     	[INFO ]	Energy[Joules]: 25612.5
2026-02-04 09:28:11,930	PDB Server  	T_pdb_server     	[INFO ]	Average Power: 72.8467
2026-02-04 09:28:11,931	PDB Server  	T_pdb_server     	[INFO ]	Sys Volts average: 23952.2
2026-02-04 09:28:11,931	PDB Server  	T_pdb_server     	[INFO ]	mah from ltc4282 297.033
2026-02-04 09:28:12,580	BMS Server  	T_9BmsServer     	[DEBUG]	Battery temp -1
2026-02-04 09:28:16,573	BMS Server  	T_9BmsServer     	[DEBUG]	Battery temp -1
2026-02-04 09:28:17,056	DiskBatteryR	T_pdb_server     	[INFO ]	Writing to registry: battery 000000000000 uAH: 941100180
2026-02-04 09:28:17,057	DiskBatteryR	T_pdb_server     	[INFO ]	Writing to registry: battery 032225d763ff uAH: 190971
2026-02-04 09:28:17,057	BMS Server  	T_pdb_server     	[DEBUG]	Target = Full
2026-02-04 09:28:17,084	PDB Server  	T_pdb_server     	[INFO ]	Sys Volts: 23977 Sys Amps: 1349
2026-02-04 09:28:17,084	PDB Server  	T_pdb_server     	[INFO ]	12V rail Volts: 11998 12V rail Amps: 582
2026-02-04 09:28:17,084	PDB Server  	T_pdb_server     	[INFO ]	Energy[Joules]: 25782
2026-02-04 09:28:17,085	PDB Server  	T_pdb_server     	[INFO ]	Average Power: 72.2645
2026-02-04 09:28:17,085	PDB Server  	T_pdb_server     	[INFO ]	Sys Volts average: 23952.5
2026-02-04 09:28:17,085	PDB Server  	T_pdb_server     	[INFO ]	mah from ltc4282 298.994
2026-02-04 09:28:21,888	BMS Server  	T_9BmsServer     	[DEBUG]	Battery temp -1
2026-02-04 09:28:22,207	DiskBatteryR	T_pdb_server     	[INFO ]	Writing to registry: battery 000000000000 uAH: 941102127
2026-02-04 09:28:22,207	DiskBatteryR	T_pdb_server     	[INFO ]	Writing to registry: battery 032225d763ff uAH: 190971
2026-02-04 09:28:22,207	BMS Server  	T_pdb_server     	[DEBUG]	Target = Full
2026-02-04 09:28:22,234	PDB Server  	T_pdb_server     	[INFO ]	Sys Volts: 23977 Sys Amps: 1349
2026-02-04 09:28:22,234	PDB Server  	T_pdb_server     	[INFO ]	12V rail Volts: 11998 12V rail Amps: 576
2026-02-04 09:28:22,234	PDB Server  	T_pdb_server     	[INFO ]	Energy[Joules]: 25950.6
2026-02-04 09:28:22,235	PDB Server  	T_pdb_server     	[INFO ]	Average Power: 71.6967
2026-02-04 09:28:22,235	PDB Server  	T_pdb_server     	[INFO ]	Sys Volts average: 23952.9
2026-02-04 09:28:22,235	PDB Server  	T_pdb_server     	[INFO ]	mah from ltc4282 300.945
2026-02-04 09:28:25,873	BMS Server  	T_9BmsServer     	[DEBUG]	Battery temp -1
2026-02-04 09:28:27,358	DiskBatteryR	T_pdb_server     	[INFO ]	Writing to registry: battery 000000000000 uAH: 941104083
2026-02-04 09:28:27,358	DiskBatteryR	T_pdb_server     	[INFO ]	Writing to registry: battery 032225d763ff uAH: 190971
2026-02-04 09:28:27,358	BMS Server  	T_pdb_server     	[DEBUG]	Target = Full
2026-02-04 09:28:27,385	PDB Server  	T_pdb_server     	[INFO ]	Sys Volts: 23977 Sys Amps: 1439
2026-02-04 09:28:27,385	PDB Server  	T_pdb_server     	[INFO ]	12V rail Volts: 11998 12V rail Amps: 577
2026-02-04 09:28:27,385	PDB Server  	T_pdb_server     	[INFO ]	Energy[Joules]: 26118
2026-02-04 09:28:27,386	PDB Server  	T_pdb_server     	[INFO ]	Average Power: 71.1542
2026-02-04 09:28:27,386	PDB Server  	T_pdb_server     	[INFO ]	Sys Volts average: 23953.2
2026-02-04 09:28:27,386	PDB Server  	T_pdb_server     	[INFO ]	mah from ltc4282 302.881
2026-02-04 09:28:31,193	BMS Server  	T_9BmsServer     	[DEBUG]	Battery temp -1
2026-02-04 09:28:32,512	DiskBatteryR	T_pdb_server     	[INFO ]	Writing to registry: battery 000000000000 uAH: 941106039
2026-02-04 09:28:32,513	DiskBatteryR	T_pdb_server     	[INFO ]	Writing to registry: battery 032225d763ff uAH: 190971
2026-02-04 09:28:32,513	BMS Server  	T_pdb_server     	[DEBUG]	Target = Full
2026-02-04 09:28:32,541	PDB Server  	T_pdb_server     	[INFO ]	Sys Volts: 23977 Sys Amps: 1349
2026-02-04 09:28:32,541	PDB Server  	T_pdb_server     	[INFO ]	12V rail Volts: 11998 12V rail Amps: 571
2026-02-04 09:28:32,541	PDB Server  	T_pdb_server     	[INFO ]	Energy[Joules]: 26286.7
2026-02-04 09:28:32,542	PDB Server  	T_pdb_server     	[INFO ]	Average Power: 70.6179
2026-02-04 09:28:32,542	PDB Server  	T_pdb_server     	[INFO ]	Sys Volts average: 23953.6
2026-02-04 09:28:32,542	PDB Server  	T_pdb_server     	[INFO ]	mah from ltc4282 304.834
2026-02-04 09:28:35,189	BMS Server  	T_9BmsServer     	[DEBUG]	Battery temp -1
2026-02-04 09:28:37,672	DiskBatteryR	T_pdb_server     	[INFO ]	Writing to registry: battery 000000000000 uAH: 941107986
2026-02-04 09:28:37,673	DiskBatteryR	T_pdb_server     	[INFO ]	Writing to registry: battery 032225d763ff uAH: 190971
2026-02-04 09:28:37,673	BMS Server  	T_pdb_server     	[DEBUG]	Target = Full
2026-02-04 09:28:37,701	PDB Server  	T_pdb_server     	[INFO ]	Sys Volts: 23969 Sys Amps: 1439
2026-02-04 09:28:37,701	PDB Server  	T_pdb_server     	[INFO ]	12V rail Volts: 11998 12V rail Amps: 583
2026-02-04 09:28:37,701	PDB Server  	T_pdb_server     	[INFO ]	Energy[Joules]: 26454.9
2026-02-04 09:28:37,701	PDB Server  	T_pdb_server     	[INFO ]	Average Power: 70.0948
2026-02-04 09:28:37,701	PDB Server  	T_pdb_server     	[INFO ]	Sys Volts average: 23953.9
2026-02-04 09:28:37,701	PDB Server  	T_pdb_server     	[INFO ]	mah from ltc4282 306.781
2026-02-04 09:28:40,505	BMS Server  	T_9BmsServer     	[DEBUG]	Battery temp -1
2026-02-04 09:28:42,825	DiskBatteryR	T_pdb_server     	[INFO ]	Writing to registry: battery 000000000000 uAH: 941109936
2026-02-04 09:28:42,825	DiskBatteryR	T_pdb_server     	[INFO ]	Writing to registry: battery 032225d763ff uAH: 190971
2026-02-04 09:28:42,825	BMS Server  	T_pdb_server     	[DEBUG]	Target = Full
2026-02-04 09:28:42,854	PDB Server  	T_pdb_server     	[INFO ]	Sys Volts: 23977 Sys Amps: 1349
2026-02-04 09:28:42,854	PDB Server  	T_pdb_server     	[INFO ]	12V rail Volts: 11998 12V rail Amps: 578
2026-02-04 09:28:42,854	PDB Server  	T_pdb_server     	[INFO ]	Energy[Joules]: 26621.4
2026-02-04 09:28:42,854	PDB Server  	T_pdb_server     	[INFO ]	Average Power: 69.5934
2026-02-04 09:28:42,854	PDB Server  	T_pdb_server     	[INFO ]	Sys Volts average: 23954.2
2026-02-04 09:28:42,854	PDB Server  	T_pdb_server     	[INFO ]	mah from ltc4282 308.708
2026-02-04 09:28:44,489	BMS Server  	T_9BmsServer     	[DEBUG]	Battery temp -1
2026-02-04 09:28:47,979	DiskBatteryR	T_pdb_server     	[INFO ]	Writing to registry: battery 000000000000 uAH: 941111887
2026-02-04 09:28:47,979	DiskBatteryR	T_pdb_server     	[INFO ]	Writing to registry: battery 032225d763ff uAH: 190971
2026-02-04 09:28:47,980	BMS Server  	T_pdb_server     	[DEBUG]	Target = Full
2026-02-04 09:28:48,006	PDB Server  	T_pdb_server     	[INFO ]	Sys Volts: 23977 Sys Amps: 1349
2026-02-04 09:28:48,006	PDB Server  	T_pdb_server     	[INFO ]	12V rail Volts: 11998 12V rail Amps: 576
2026-02-04 09:28:48,006	PDB Server  	T_pdb_server     	[INFO ]	Energy[Joules]: 26790.1
2026-02-04 09:28:48,006	PDB Server  	T_pdb_server     	[INFO ]	Average Power: 69.0993
2026-02-04 09:28:48,006	PDB Server  	T_pdb_server     	[INFO ]	Sys Volts average: 23954.5
2026-02-04 09:28:48,006	PDB Server  	T_pdb_server     	[INFO ]	mah from ltc4282 310.66
2026-02-04 09:28:49,809	BMS Server  	T_9BmsServer     	[DEBUG]	Battery temp -1
2026-02-04 09:28:53,131	DiskBatteryR	T_pdb_server     	[INFO ]	Writing to registry: battery 000000000000 uAH: 941113838
2026-02-04 09:28:53,131	DiskBatteryR	T_pdb_server     	[INFO ]	Writing to registry: battery 032225d763ff uAH: 190971
2026-02-04 09:28:53,131	BMS Server  	T_pdb_server     	[DEBUG]	Target = Full
2026-02-04 09:28:53,157	PDB Server  	T_pdb_server     	[INFO ]	Sys Volts: 23977 Sys Amps: 1439
2026-02-04 09:28:53,157	PDB Server  	T_pdb_server     	[INFO ]	12V rail Volts: 11999 12V rail Amps: 576
2026-02-04 09:28:53,157	PDB Server  	T_pdb_server     	[INFO ]	Energy[Joules]: 26956.8
2026-02-04 09:28:53,158	PDB Server  	T_pdb_server     	[INFO ]	Average Power: 68.6243
2026-02-04 09:28:53,158	PDB Server  	T_pdb_server     	[INFO ]	Sys Volts average: 23954.8
2026-02-04 09:28:53,158	PDB Server  	T_pdb_server     	[INFO ]	mah from ltc4282 312.589
2026-02-04 09:28:53,793	BMS Server  	T_9BmsServer     	[DEBUG]	Battery temp -1
2026-02-04 09:28:57,777	BMS Server  	T_9BmsServer     	[DEBUG]	Battery temp -1
2026-02-04 09:28:58,284	DiskBatteryR	T_pdb_server     	[INFO ]	Writing to registry: battery 000000000000 uAH: 941115789
2026-02-04 09:28:58,284	DiskBatteryR	T_pdb_server     	[INFO ]	Writing to registry: battery 032225d763ff uAH: 190971
2026-02-04 09:28:58,284	BMS Server  	T_pdb_server     	[DEBUG]	Target = Full
2026-02-04 09:28:58,311	PDB Server  	T_pdb_server     	[INFO ]	Sys Volts: 23977 Sys Amps: 1349
2026-02-04 09:28:58,311	PDB Server  	T_pdb_server     	[INFO ]	12V rail Volts: 11998 12V rail Amps: 573
2026-02-04 09:28:58,311	PDB Server  	T_pdb_server     	[INFO ]	Energy[Joules]: 27125.4
2026-02-04 09:28:58,311	PDB Server  	T_pdb_server     	[INFO ]	Average Power: 68.1553
2026-02-04 09:28:58,311	PDB Server  	T_pdb_server     	[INFO ]	Sys Volts average: 23955
2026-02-04 09:28:58,311	PDB Server  	T_pdb_server     	[INFO ]	mah from ltc4282 314.54
2026-02-04 09:29:03,097	BMS Server  	T_9BmsServer     	[DEBUG]	Battery temp -1
2026-02-04 09:29:03,435	DiskBatteryR	T_pdb_server     	[INFO ]	Writing to registry: battery 000000000000 uAH: 941117740
2026-02-04 09:29:03,435	DiskBatteryR	T_pdb_server     	[INFO ]	Writing to registry: battery 032225d763ff uAH: 190971
2026-02-04 09:29:03,435	BMS Server  	T_pdb_server     	[DEBUG]	Target = Full
2026-02-04 09:29:03,461	PDB Server  	T_pdb_server     	[INFO ]	Sys Volts: 23977 Sys Amps: 1439
2026-02-04 09:29:03,461	PDB Server  	T_pdb_server     	[INFO ]	12V rail Volts: 11998 12V rail Amps: 581
2026-02-04 09:29:03,461	PDB Server  	T_pdb_server     	[INFO ]	Energy[Joules]: 27294.3
2026-02-04 09:29:03,462	PDB Server  	T_pdb_server     	[INFO ]	Average Power: 67.699
2026-02-04 09:29:03,462	PDB Server  	T_pdb_server     	[INFO ]	Sys Volts average: 23955.3
2026-02-04 09:29:03,462	PDB Server  	T_pdb_server     	[INFO ]	mah from ltc4282 316.495
2026-02-04 09:29:07,081	BMS Server  	T_9BmsServer     	[DEBUG]	Battery temp -1
2026-02-04 09:29:08,585	DiskBatteryR	T_pdb_server     	[INFO ]	Writing to registry: battery 000000000000 uAH: 941119694
2026-02-04 09:29:08,585	DiskBatteryR	T_pdb_server     	[INFO ]	Writing to registry: battery 032225d763ff uAH: 190971
2026-02-04 09:29:08,585	BMS Server  	T_pdb_server     	[DEBUG]	Target = Full
2026-02-04 09:29:08,613	PDB Server  	T_pdb_server     	[INFO ]	Sys Volts: 23969 Sys Amps: 1439
2026-02-04 09:29:08,613	PDB Server  	T_pdb_server     	[INFO ]	12V rail Volts: 11998 12V rail Amps: 574
2026-02-04 09:29:08,613	PDB Server  	T_pdb_server     	[INFO ]	Energy[Joules]: 27461.2
2026-02-04 09:29:08,613	PDB Server  	T_pdb_server     	[INFO ]	Average Power: 67.2602
2026-02-04 09:29:08,613	PDB Server  	T_pdb_server     	[INFO ]	Sys Volts average: 23955.6
2026-02-04 09:29:08,613	PDB Server  	T_pdb_server     	[INFO ]	mah from ltc4282 318.427
2026-02-04 09:29:12,400	BMS Server  	T_9BmsServer     	[DEBUG]	Battery temp -1
2026-02-04 09:29:13,737	DiskBatteryR	T_pdb_server     	[INFO ]	Writing to registry: battery 000000000000 uAH: 941121642
2026-02-04 09:29:13,737	DiskBatteryR	T_pdb_server     	[INFO ]	Writing to registry: battery 032225d763ff uAH: 190971
2026-02-04 09:29:13,737	BMS Server  	T_pdb_server     	[DEBUG]	Target = Full
2026-02-04 09:29:13,764	PDB Server  	T_pdb_server     	[INFO ]	Sys Volts: 23977 Sys Amps: 1349
2026-02-04 09:29:13,764	PDB Server  	T_pdb_server     	[INFO ]	12V rail Volts: 11998 12V rail Amps: 578
2026-02-04 09:29:13,764	PDB Server  	T_pdb_server     	[INFO ]	Energy[Joules]: 27629.8
2026-02-04 09:29:13,765	PDB Server  	T_pdb_server     	[INFO ]	Average Power: 66.8258
2026-02-04 09:29:13,765	PDB Server  	T_pdb_server     	[INFO ]	Sys Volts average: 23955.9
2026-02-04 09:29:13,765	PDB Server  	T_pdb_server     	[INFO ]	mah from ltc4282 320.379
2026-02-04 09:29:16,397	BMS Server  	T_9BmsServer     	[DEBUG]	Battery temp -1
2026-02-04 09:29:18,896	DiskBatteryR	T_pdb_server     	[INFO ]	Writing to registry: battery 000000000000 uAH: 941123595
2026-02-04 09:29:18,896	DiskBatteryR	T_pdb_server     	[INFO ]	Writing to registry: battery 032225d763ff uAH: 190971
2026-02-04 09:29:18,896	BMS Server  	T_pdb_server     	[DEBUG]	Target = Full
2026-02-04 09:29:18,925	PDB Server  	T_pdb_server     	[INFO ]	Sys Volts: 23977 Sys Amps: 1349
2026-02-04 09:29:18,925	PDB Server  	T_pdb_server     	[INFO ]	12V rail Volts: 11998 12V rail Amps: 573
2026-02-04 09:29:18,925	PDB Server  	T_pdb_server     	[INFO ]	Energy[Joules]: 27798.4
2026-02-04 09:29:18,926	PDB Server  	T_pdb_server     	[INFO ]	Average Power: 66.4021
2026-02-04 09:29:18,926	PDB Server  	T_pdb_server     	[INFO ]	Sys Volts average: 23956.1
2026-02-04 09:29:18,926	PDB Server  	T_pdb_server     	[INFO ]	mah from ltc4282 322.331
2026-02-04 09:29:21,724	BMS Server  	T_9BmsServer     	[DEBUG]	Battery temp -1
2026-02-04 09:29:24,049	DiskBatteryR	T_pdb_server     	[INFO ]	Writing to registry: battery 000000000000 uAH: 941125548
2026-02-04 09:29:24,049	DiskBatteryR	T_pdb_server     	[INFO ]	Writing to registry: battery 032225d763ff uAH: 190971
2026-02-04 09:29:24,049	BMS Server  	T_pdb_server     	[DEBUG]	Target = Full
2026-02-04 09:29:24,076	PDB Server  	T_pdb_server     	[INFO ]	Sys Volts: 23977 Sys Amps: 1349
2026-02-04 09:29:24,077	PDB Server  	T_pdb_server     	[INFO ]	12V rail Volts: 11998 12V rail Amps: 573
2026-02-04 09:29:24,077	PDB Server  	T_pdb_server     	[INFO ]	Energy[Joules]: 27965.2
2026-02-04 09:29:24,077	PDB Server  	T_pdb_server     	[INFO ]	Average Power: 65.9947
2026-02-04 09:29:24,077	PDB Server  	T_pdb_server     	[INFO ]	Sys Volts average: 23956.4
2026-02-04 09:29:24,077	PDB Server  	T_pdb_server     	[INFO ]	mah from ltc4282 324.261
2026-02-04 09:29:25,709	BMS Server  	T_9BmsServer     	[DEBUG]	Battery temp -1
2026-02-04 09:29:29,202	DiskBatteryR	T_pdb_server     	[INFO ]	Writing to registry: battery 000000000000 uAH: 941127495
2026-02-04 09:29:29,202	DiskBatteryR	T_pdb_server     	[INFO ]	Writing to registry: battery 032225d763ff uAH: 190971
2026-02-04 09:29:29,202	BMS Server  	T_pdb_server     	[DEBUG]	Target = Full
2026-02-04 09:29:29,230	PDB Server  	T_pdb_server     	[INFO ]	Sys Volts: 23977 Sys Amps: 1439
2026-02-04 09:29:29,230	PDB Server  	T_pdb_server     	[INFO ]	12V rail Volts: 11998 12V rail Amps: 580
2026-02-04 09:29:29,230	PDB Server  	T_pdb_server     	[INFO ]	Energy[Joules]: 28133.7
2026-02-04 09:29:29,230	PDB Server  	T_pdb_server     	[INFO ]	Average Power: 65.5909
2026-02-04 09:29:29,231	PDB Server  	T_pdb_server     	[INFO ]	Sys Volts average: 23956.6
2026-02-04 09:29:29,231	PDB Server  	T_pdb_server     	[INFO ]	mah from ltc4282 326.211
2026-02-04 09:29:31,041	BMS Server  	T_9BmsServer     	[DEBUG]	Battery temp -1
2026-02-04 09:29:34,355	DiskBatteryR	T_pdb_server     	[INFO ]	Writing to registry: battery 000000000000 uAH: 941129451
2026-02-04 09:29:34,355	DiskBatteryR	T_pdb_server     	[INFO ]	Writing to registry: battery 032225d763ff uAH: 190971
2026-02-04 09:29:34,355	BMS Server  	T_pdb_server     	[DEBUG]	Target = Full
2026-02-04 09:29:34,382	PDB Server  	T_pdb_server     	[INFO ]	Sys Volts: 23977 Sys Amps: 1349
2026-02-04 09:29:34,382	PDB Server  	T_pdb_server     	[INFO ]	12V rail Volts: 11998 12V rail Amps: 571
2026-02-04 09:29:34,382	PDB Server  	T_pdb_server     	[INFO ]	Energy[Joules]: 28300.7
2026-02-04 09:29:34,383	PDB Server  	T_pdb_server     	[INFO ]	Average Power: 65.2033
2026-02-04 09:29:34,383	PDB Server  	T_pdb_server     	[INFO ]	Sys Volts average: 23956.9
2026-02-04 09:29:34,383	PDB Server  	T_pdb_server     	[INFO ]	mah from ltc4282 328.145
2026-02-04 09:29:35,040	BMS Server  	T_9BmsServer     	[DEBUG]	Battery temp -1
2026-02-04 09:29:39,506	DiskBatteryR	T_pdb_server     	[INFO ]	Writing to registry: battery 000000000000 uAH: 941131392
2026-02-04 09:29:39,506	DiskBatteryR	T_pdb_server     	[INFO ]	Writing to registry: battery 032225d763ff uAH: 190971
2026-02-04 09:29:39,506	BMS Server  	T_pdb_server     	[DEBUG]	Target = Full
2026-02-04 09:29:39,534	PDB Server  	T_pdb_server     	[INFO ]	Sys Volts: 23977 Sys Amps: 1349
2026-02-04 09:29:39,534	PDB Server  	T_pdb_server     	[INFO ]	12V rail Volts: 11998 12V rail Amps: 580
2026-02-04 09:29:39,534	PDB Server  	T_pdb_server     	[INFO ]	Energy[Joules]: 28468.7
2026-02-04 09:29:39,535	PDB Server  	T_pdb_server     	[INFO ]	Average Power: 64.817
2026-02-04 09:29:39,535	PDB Server  	T_pdb_server     	[INFO ]	Sys Volts average: 23957.1
2026-02-04 09:29:39,535	PDB Server  	T_pdb_server     	[INFO ]	mah from ltc4282 330.088
2026-02-04 09:29:40,373	BMS Server  	T_9BmsServer     	[DEBUG]	Battery temp -1
2026-02-04 09:29:44,364	BMS Server  	T_9BmsServer     	[DEBUG]	Battery temp -1
2026-02-04 09:29:44,659	DiskBatteryR	T_pdb_server     	[INFO ]	Writing to registry: battery 000000000000 uAH: 941133344
2026-02-04 09:29:44,659	DiskBatteryR	T_pdb_server     	[INFO ]	Writing to registry: battery 032225d763ff uAH: 190971
2026-02-04 09:29:44,659	BMS Server  	T_pdb_server     	[DEBUG]	Target = Full
2026-02-04 09:29:44,688	PDB Server  	T_pdb_server     	[INFO ]	Sys Volts: 23977 Sys Amps: 1349
2026-02-04 09:29:44,688	PDB Server  	T_pdb_server     	[INFO ]	12V rail Volts: 11998 12V rail Amps: 571
2026-02-04 09:29:44,688	PDB Server  	T_pdb_server     	[INFO ]	Energy[Joules]: 28637.6
2026-02-04 09:29:44,688	PDB Server  	T_pdb_server     	[INFO ]	Average Power: 64.442
2026-02-04 09:29:44,688	PDB Server  	T_pdb_server     	[INFO ]	Sys Volts average: 23957.3
2026-02-04 09:29:44,688	PDB Server  	T_pdb_server     	[INFO ]	mah from ltc4282 332.044
2026-02-04 09:29:49,688	BMS Server  	T_9BmsServer     	[DEBUG]	Battery temp -1
2026-02-04 09:29:49,814	DiskBatteryR	T_pdb_server     	[INFO ]	Writing to registry: battery 000000000000 uAH: 941135296
2026-02-04 09:29:49,814	DiskBatteryR	T_pdb_server     	[INFO ]	Writing to registry: battery 032225d763ff uAH: 190971
2026-02-04 09:29:49,814	BMS Server  	T_pdb_server     	[DEBUG]	Target = Full
2026-02-04 09:29:49,842	PDB Server  	T_pdb_server     	[INFO ]	Sys Volts: 23977 Sys Amps: 1349
2026-02-04 09:29:49,842	PDB Server  	T_pdb_server     	[INFO ]	12V rail Volts: 11998 12V rail Amps: 577
2026-02-04 09:29:49,842	PDB Server  	T_pdb_server     	[INFO ]	Energy[Joules]: 28804.2
2026-02-04 09:29:49,842	PDB Server  	T_pdb_server     	[INFO ]	Average Power: 64.0799
2026-02-04 09:29:49,842	PDB Server  	T_pdb_server     	[INFO ]	Sys Volts average: 23957.5
2026-02-04 09:29:49,842	PDB Server  	T_pdb_server     	[INFO ]	mah from ltc4282 333.973
2026-02-04 09:29:53,676	BMS Server  	T_9BmsServer     	[DEBUG]	Battery temp -1
2026-02-04 09:29:54,976	DiskBatteryR	T_pdb_server     	[INFO ]	Writing to registry: battery 000000000000 uAH: 941137252
2026-02-04 09:29:54,976	DiskBatteryR	T_pdb_server     	[INFO ]	Writing to registry: battery 032225d763ff uAH: 190971
2026-02-04 09:29:54,976	BMS Server  	T_pdb_server     	[DEBUG]	Target = Full
2026-02-04 09:29:55,004	PDB Server  	T_pdb_server     	[INFO ]	Sys Volts: 23977 Sys Amps: 1439
2026-02-04 09:29:55,004	PDB Server  	T_pdb_server     	[INFO ]	12V rail Volts: 11998 12V rail Amps: 579
2026-02-04 09:29:55,004	PDB Server  	T_pdb_server     	[INFO ]	Energy[Joules]: 28973.1
2026-02-04 09:29:55,005	PDB Server  	T_pdb_server     	[INFO ]	Average Power: 63.7217
2026-02-04 09:29:55,005	PDB Server  	T_pdb_server     	[INFO ]	Sys Volts average: 23957.8
2026-02-04 09:29:55,005	PDB Server  	T_pdb_server     	[INFO ]	mah from ltc4282 335.928
2026-02-04 09:29:57,669	BMS Server  	T_9BmsServer     	[DEBUG]	Battery temp -1
2026-02-04 09:30:00,128	DiskBatteryR	T_pdb_server     	[INFO ]	Writing to registry: battery 000000000000 uAH: 941139211
2026-02-04 09:30:00,128	DiskBatteryR	T_pdb_server     	[INFO ]	Writing to registry: battery 032225d763ff uAH: 190971
2026-02-04 09:30:00,128	BMS Server  	T_pdb_server     	[DEBUG]	Target = Full
2026-02-04 09:30:00,156	PDB Server  	T_pdb_server     	[INFO ]	Sys Volts: 23977 Sys Amps: 1349
2026-02-04 09:30:00,156	PDB Server  	T_pdb_server     	[INFO ]	12V rail Volts: 11998 12V rail Amps: 579
2026-02-04 09:30:00,156	PDB Server  	T_pdb_server     	[INFO ]	Energy[Joules]: 29142.4
2026-02-04 09:30:00,156	PDB Server  	T_pdb_server     	[INFO ]	Average Power: 63.3725
2026-02-04 09:30:00,156	PDB Server  	T_pdb_server     	[INFO ]	Sys Volts average: 23958
2026-02-04 09:30:00,156	PDB Server  	T_pdb_server     	[INFO ]	mah from ltc4282 337.888
2026-02-04 09:30:02,989	BMS Server  	T_9BmsServer     	[DEBUG]	Battery temp -1
2026-02-04 09:30:05,279	DiskBatteryR	T_pdb_server     	[INFO ]	Writing to registry: battery 000000000000 uAH: 941141150
2026-02-04 09:30:05,279	DiskBatteryR	T_pdb_server     	[INFO ]	Writing to registry: battery 032225d763ff uAH: 190971
2026-02-04 09:30:05,279	BMS Server  	T_pdb_server     	[DEBUG]	Target = Full
2026-02-04 09:30:05,307	PDB Server  	T_pdb_server     	[INFO ]	Sys Volts: 23977 Sys Amps: 1349
2026-02-04 09:30:05,307	PDB Server  	T_pdb_server     	[INFO ]	12V rail Volts: 11998 12V rail Amps: 570
2026-02-04 09:30:05,307	PDB Server  	T_pdb_server     	[INFO ]	Energy[Joules]: 29308.1
2026-02-04 09:30:05,307	PDB Server  	T_pdb_server     	[INFO ]	Average Power: 63.032
2026-02-04 09:30:05,308	PDB Server  	T_pdb_server     	[INFO ]	Sys Volts average: 23958.2
2026-02-04 09:30:05,308	PDB Server  	T_pdb_server     	[INFO ]	mah from ltc4282 339.806
2026-02-04 09:30:06,989	BMS Server  	T_9BmsServer     	[DEBUG]	Battery temp -1
2026-02-04 09:30:10,435	DiskBatteryR	T_pdb_server     	[INFO ]	Writing to registry: battery 000000000000 uAH: 941143095
2026-02-04 09:30:10,436	DiskBatteryR	T_pdb_server     	[INFO ]	Writing to registry: battery 032225d763ff uAH: 190971
2026-02-04 09:30:10,436	BMS Server  	T_pdb_server     	[DEBUG]	Target = Full
2026-02-04 09:30:10,462	PDB Server  	T_pdb_server     	[INFO ]	Sys Volts: 23977 Sys Amps: 1349
2026-02-04 09:30:10,462	PDB Server  	T_pdb_server     	[INFO ]	12V rail Volts: 11998 12V rail Amps: 580
2026-02-04 09:30:10,462	PDB Server  	T_pdb_server     	[INFO ]	Energy[Joules]: 29476.4
2026-02-04 09:30:10,463	PDB Server  	T_pdb_server     	[INFO ]	Average Power: 62.696
2026-02-04 09:30:10,463	PDB Server  	T_pdb_server     	[INFO ]	Sys Volts average: 23958.4
2026-02-04 09:30:10,463	PDB Server  	T_pdb_server     	[INFO ]	mah from ltc4282 341.755
2026-02-04 09:30:12,309	BMS Server  	T_9BmsServer     	[DEBUG]	Battery temp -1
2026-02-04 09:30:15,588	DiskBatteryR	T_pdb_server     	[INFO ]	Writing to registry: battery 000000000000 uAH: 941145050
2026-02-04 09:30:15,588	DiskBatteryR	T_pdb_server     	[INFO ]	Writing to registry: battery 032225d763ff uAH: 190971
2026-02-04 09:30:15,588	BMS Server  	T_pdb_server     	[DEBUG]	Target = Full
2026-02-04 09:30:15,615	PDB Server  	T_pdb_server     	[INFO ]	Sys Volts: 23969 Sys Amps: 1439
2026-02-04 09:30:15,615	PDB Server  	T_pdb_server     	[INFO ]	12V rail Volts: 11999 12V rail Amps: 583
2026-02-04 09:30:15,615	PDB Server  	T_pdb_server     	[INFO ]	Energy[Joules]: 29645.3
2026-02-04 09:30:15,615	PDB Server  	T_pdb_server     	[INFO ]	Average Power: 62.3684
2026-02-04 09:30:15,616	PDB Server  	T_pdb_server     	[INFO ]	Sys Volts average: 23958.6
2026-02-04 09:30:15,616	PDB Server  	T_pdb_server     	[INFO ]	mah from ltc4282 343.71
2026-02-04 09:30:16,301	BMS Server  	T_9BmsServer     	[DEBUG]	Battery temp -1
2026-02-04 09:30:20,739	DiskBatteryR	T_pdb_server     	[INFO ]	Writing to registry: battery 000000000000 uAH: 941146985
2026-02-04 09:30:20,739	DiskBatteryR	T_pdb_server     	[INFO ]	Writing to registry: battery 032225d763ff uAH: 190971
2026-02-04 09:30:20,739	BMS Server  	T_pdb_server     	[DEBUG]	Target = Full
2026-02-04 09:30:20,767	PDB Server  	T_pdb_server     	[INFO ]	Sys Volts: 23977 Sys Amps: 1349
2026-02-04 09:30:20,767	PDB Server  	T_pdb_server     	[INFO ]	12V rail Volts: 11998 12V rail Amps: 580
2026-02-04 09:30:20,767	PDB Server  	T_pdb_server     	[INFO ]	Energy[Joules]: 29810.6
2026-02-04 09:30:20,768	PDB Server  	T_pdb_server     	[INFO ]	Average Power: 62.049
2026-02-04 09:30:20,768	PDB Server  	T_pdb_server     	[INFO ]	Sys Volts average: 23958.7
2026-02-04 09:30:20,768	PDB Server  	T_pdb_server     	[INFO ]	mah from ltc4282 345.625
2026-02-04 09:30:21,621	BMS Server  	T_9BmsServer     	[DEBUG]	Battery temp -1
2026-02-04 09:30:25,604	BMS Server  	T_9BmsServer     	[DEBUG]	Battery temp -1
2026-02-04 09:30:25,892	DiskBatteryR	T_pdb_server     	[INFO ]	Writing to registry: battery 000000000000 uAH: 941148932
2026-02-04 09:30:25,892	DiskBatteryR	T_pdb_server     	[INFO ]	Writing to registry: battery 032225d763ff uAH: 190971
2026-02-04 09:30:25,892	BMS Server  	T_pdb_server     	[DEBUG]	Target = Full
2026-02-04 09:30:25,919	PDB Server  	T_pdb_server     	[INFO ]	Sys Volts: 23969 Sys Amps: 1349
2026-02-04 09:30:25,919	PDB Server  	T_pdb_server     	[INFO ]	12V rail Volts: 11999 12V rail Amps: 578
2026-02-04 09:30:25,919	PDB Server  	T_pdb_server     	[INFO ]	Energy[Joules]: 29979
2026-02-04 09:30:25,920	PDB Server  	T_pdb_server     	[INFO ]	Average Power: 61.7341
2026-02-04 09:30:25,920	PDB Server  	T_pdb_server     	[INFO ]	Sys Volts average: 23958.9
2026-02-04 09:30:25,920	PDB Server  	T_pdb_server     	[INFO ]	mah from ltc4282 347.573
2026-02-04 09:30:30,917	BMS Server  	T_9BmsServer     	[DEBUG]	Battery temp -1
2026-02-04 09:30:31,048	DiskBatteryR	T_pdb_server     	[INFO ]	Writing to registry: battery 000000000000 uAH: 941150883
2026-02-04 09:30:31,048	DiskBatteryR	T_pdb_server     	[INFO ]	Writing to registry: battery 032225d763ff uAH: 190971
2026-02-04 09:30:31,048	BMS Server  	T_pdb_server     	[DEBUG]	Target = Full
2026-02-04 09:30:31,077	PDB Server  	T_pdb_server     	[INFO ]	Sys Volts: 23977 Sys Amps: 1349
2026-02-04 09:30:31,077	PDB Server  	T_pdb_server     	[INFO ]	12V rail Volts: 11998 12V rail Amps: 573
2026-02-04 09:30:31,077	PDB Server  	T_pdb_server     	[INFO ]	Energy[Joules]: 30147.6
2026-02-04 09:30:31,078	PDB Server  	T_pdb_server     	[INFO ]	Average Power: 61.4264
2026-02-04 09:30:31,078	PDB Server  	T_pdb_server     	[INFO ]	Sys Volts average: 23959.1
2026-02-04 09:30:31,078	PDB Server  	T_pdb_server     	[INFO ]	mah from ltc4282 349.526
2026-02-04 09:30:34,905	BMS Server  	T_9BmsServer     	[DEBUG]	Battery temp -1
2026-02-04 09:30:36,204	DiskBatteryR	T_pdb_server     	[INFO ]	Writing to registry: battery 000000000000 uAH: 941152827
2026-02-04 09:30:36,204	DiskBatteryR	T_pdb_server     	[INFO ]	Writing to registry: battery 032225d763ff uAH: 190971
2026-02-04 09:30:36,204	BMS Server  	T_pdb_server     	[DEBUG]	Target = Full
2026-02-04 09:30:36,231	PDB Server  	T_pdb_server     	[INFO ]	Sys Volts: 23977 Sys Amps: 1349
2026-02-04 09:30:36,231	PDB Server  	T_pdb_server     	[INFO ]	12V rail Volts: 11998 12V rail Amps: 576
2026-02-04 09:30:36,231	PDB Server  	T_pdb_server     	[INFO ]	Energy[Joules]: 30313.6
2026-02-04 09:30:36,232	PDB Server  	T_pdb_server     	[INFO ]	Average Power: 61.1281
2026-02-04 09:30:36,232	PDB Server  	T_pdb_server     	[INFO ]	Sys Volts average: 23959.3
2026-02-04 09:30:36,232	PDB Server  	T_pdb_server     	[INFO ]	mah from ltc4282 351.449
2026-02-04 09:30:40,237	BMS Server  	T_9BmsServer     	[DEBUG]	Battery temp -1
2026-02-04 09:30:41,359	DiskBatteryR	T_pdb_server     	[INFO ]	Writing to registry: battery 000000000000 uAH: 941154776
2026-02-04 09:30:41,359	DiskBatteryR	T_pdb_server     	[INFO ]	Writing to registry: battery 032225d763ff uAH: 190971
2026-02-04 09:30:41,359	BMS Server  	T_pdb_server     	[DEBUG]	Target = Full
2026-02-04 09:30:41,387	PDB Server  	T_pdb_server     	[INFO ]	Sys Volts: 23977 Sys Amps: 1349
2026-02-04 09:30:41,387	PDB Server  	T_pdb_server     	[INFO ]	12V rail Volts: 11998 12V rail Amps: 582
2026-02-04 09:30:41,387	PDB Server  	T_pdb_server     	[INFO ]	Energy[Joules]: 30482.2
2026-02-04 09:30:41,388	PDB Server  	T_pdb_server     	[INFO ]	Average Power: 60.833
2026-02-04 09:30:41,388	PDB Server  	T_pdb_server     	[INFO ]	Sys Volts average: 23959.4
2026-02-04 09:30:41,388	PDB Server  	T_pdb_server     	[INFO ]	mah from ltc4282 353.401
2026-02-04 09:30:44,233	BMS Server  	T_9BmsServer     	[DEBUG]	Battery temp -1
2026-02-04 09:30:46,512	DiskBatteryR	T_pdb_server     	[INFO ]	Writing to registry: battery 000000000000 uAH: 941156719
2026-02-04 09:30:46,512	DiskBatteryR	T_pdb_server     	[INFO ]	Writing to registry: battery 032225d763ff uAH: 190971
2026-02-04 09:30:46,514	BMS Server  	T_pdb_server     	[DEBUG]	Target = Full
2026-02-04 09:30:46,541	PDB Server  	T_pdb_server     	[INFO ]	Sys Volts: 23977 Sys Amps: 1349
2026-02-04 09:30:46,541	PDB Server  	T_pdb_server     	[INFO ]	12V rail Volts: 11998 12V rail Amps: 581
2026-02-04 09:30:46,541	PDB Server  	T_pdb_server     	[INFO ]	Energy[Joules]: 30650.1
2026-02-04 09:30:46,541	PDB Server  	T_pdb_server     	[INFO ]	Average Power: 60.5425
2026-02-04 09:30:46,541	PDB Server  	T_pdb_server     	[INFO ]	Sys Volts average: 23959.6
2026-02-04 09:30:46,541	PDB Server  	T_pdb_server     	[INFO ]	mah from ltc4282 355.345
2026-02-04 09:30:49,545	BMS Server  	T_9BmsServer     	[DEBUG]	Battery temp -1
2026-02-04 09:30:51,668	DiskBatteryR	T_pdb_server     	[INFO ]	Writing to registry: battery 000000000000 uAH: 941158669
2026-02-04 09:30:51,668	DiskBatteryR	T_pdb_server     	[INFO ]	Writing to registry: battery 032225d763ff uAH: 190971
2026-02-04 09:30:51,668	BMS Server  	T_pdb_server     	[DEBUG]	Target = Full
2026-02-04 09:30:51,695	PDB Server  	T_pdb_server     	[INFO ]	Sys Volts: 23977 Sys Amps: 1259
2026-02-04 09:30:51,695	PDB Server  	T_pdb_server     	[INFO ]	12V rail Volts: 11998 12V rail Amps: 579
2026-02-04 09:30:51,695	PDB Server  	T_pdb_server     	[INFO ]	Energy[Joules]: 30816.3
2026-02-04 09:30:51,695	PDB Server  	T_pdb_server     	[INFO ]	Average Power: 60.2623
2026-02-04 09:30:51,695	PDB Server  	T_pdb_server     	[INFO ]	Sys Volts average: 23959.8
2026-02-04 09:30:51,695	PDB Server  	T_pdb_server     	[INFO ]	mah from ltc4282 357.269
2026-02-04 09:30:53,529	BMS Server  	T_9BmsServer     	[DEBUG]	Battery temp -1
2026-02-04 09:30:56,821	DiskBatteryR	T_pdb_server     	[INFO ]	Writing to registry: battery 000000000000 uAH: 941160608
2026-02-04 09:30:56,821	DiskBatteryR	T_pdb_server     	[INFO ]	Writing to registry: battery 032225d763ff uAH: 190971
2026-02-04 09:30:56,821	BMS Server  	T_pdb_server     	[DEBUG]	Target = Full
2026-02-04 09:30:56,849	PDB Server  	T_pdb_server     	[INFO ]	Sys Volts: 23977 Sys Amps: 1349
2026-02-04 09:30:56,849	PDB Server  	T_pdb_server     	[INFO ]	12V rail Volts: 11999 12V rail Amps: 583
2026-02-04 09:30:56,849	PDB Server  	T_pdb_server     	[INFO ]	Energy[Joules]: 30984.2
2026-02-04 09:30:56,850	PDB Server  	T_pdb_server     	[INFO ]	Average Power: 59.9834
2026-02-04 09:30:56,850	PDB Server  	T_pdb_server     	[INFO ]	Sys Volts average: 23959.9
2026-02-04 09:30:56,850	PDB Server  	T_pdb_server     	[INFO ]	mah from ltc4282 359.214
2026-02-04 09:30:58,849	BMS Server  	T_9BmsServer     	[DEBUG]	Battery temp -1
2026-02-04 09:31:01,976	DiskBatteryR	T_pdb_server     	[INFO ]	Writing to registry: battery 000000000000 uAH: 941162551
2026-02-04 09:31:01,976	DiskBatteryR	T_pdb_server     	[INFO ]	Writing to registry: battery 032225d763ff uAH: 190971
2026-02-04 09:31:01,976	BMS Server  	T_pdb_server     	[DEBUG]	Target = Full
2026-02-04 09:31:02,003	PDB Server  	T_pdb_server     	[INFO ]	Sys Volts: 23977 Sys Amps: 1349
2026-02-04 09:31:02,003	PDB Server  	T_pdb_server     	[INFO ]	12V rail Volts: 11998 12V rail Amps: 580
2026-02-04 09:31:02,003	PDB Server  	T_pdb_server     	[INFO ]	Energy[Joules]: 31150.2
2026-02-04 09:31:02,003	PDB Server  	T_pdb_server     	[INFO ]	Average Power: 59.7137
2026-02-04 09:31:02,003	PDB Server  	T_pdb_server     	[INFO ]	Sys Volts average: 23960.1
2026-02-04 09:31:02,003	PDB Server  	T_pdb_server     	[INFO ]	mah from ltc4282 361.135
2026-02-04 09:31:02,836	BMS Server  	T_9BmsServer     	[DEBUG]	Battery temp -1
2026-02-04 09:31:06,820	BMS Server  	T_9BmsServer     	[DEBUG]	Battery temp -1
2026-02-04 09:31:07,130	DiskBatteryR	T_pdb_server     	[INFO ]	Writing to registry: battery 000000000000 uAH: 941164489
2026-02-04 09:31:07,130	DiskBatteryR	T_pdb_server     	[INFO ]	Writing to registry: battery 032225d763ff uAH: 190971
2026-02-04 09:31:07,130	BMS Server  	T_pdb_server     	[DEBUG]	Target = Full
2026-02-04 09:31:07,158	PDB Server  	T_pdb_server     	[INFO ]	Sys Volts: 23977 Sys Amps: 1349
2026-02-04 09:31:07,158	PDB Server  	T_pdb_server     	[INFO ]	12V rail Volts: 11998 12V rail Amps: 578
2026-02-04 09:31:07,158	PDB Server  	T_pdb_server     	[INFO ]	Energy[Joules]: 31317.9
2026-02-04 09:31:07,158	PDB Server  	T_pdb_server     	[INFO ]	Average Power: 59.4453
2026-02-04 09:31:07,159	PDB Server  	T_pdb_server     	[INFO ]	Sys Volts average: 23960.2
2026-02-04 09:31:07,159	PDB Server  	T_pdb_server     	[INFO ]	mah from ltc4282 363.078
2026-02-04 09:31:12,149	BMS Server  	T_9BmsServer     	[DEBUG]	Battery temp -1
2026-02-04 09:31:12,284	DiskBatteryR	T_pdb_server     	[INFO ]	Writing to registry: battery 000000000000 uAH: 941166432
2026-02-04 09:31:12,284	DiskBatteryR	T_pdb_server     	[INFO ]	Writing to registry: battery 032225d763ff uAH: 190971
2026-02-04 09:31:12,284	BMS Server  	T_pdb_server     	[DEBUG]	Target = Full
2026-02-04 09:31:12,313	PDB Server  	T_pdb_server     	[INFO ]	Sys Volts: 23977 Sys Amps: 1349
2026-02-04 09:31:12,314	PDB Server  	T_pdb_server     	[INFO ]	12V rail Volts: 11998 12V rail Amps: 583
2026-02-04 09:31:12,314	PDB Server  	T_pdb_server     	[INFO ]	Energy[Joules]: 31486
2026-02-04 09:31:12,314	PDB Server  	T_pdb_server     	[INFO ]	Average Power: 59.1827
2026-02-04 09:31:12,314	PDB Server  	T_pdb_server     	[INFO ]	Sys Volts average: 23960.4
2026-02-04 09:31:12,314	PDB Server  	T_pdb_server     	[INFO ]	mah from ltc4282 365.024
2026-02-04 09:31:16,141	BMS Server  	T_9BmsServer     	[DEBUG]	Battery temp -1
2026-02-04 09:31:17,440	DiskBatteryR	T_pdb_server     	[INFO ]	Writing to registry: battery 000000000000 uAH: 941168385
2026-02-04 09:31:17,440	DiskBatteryR	T_pdb_server     	[INFO ]	Writing to registry: battery 032225d763ff uAH: 190971
2026-02-04 09:31:17,440	BMS Server  	T_pdb_server     	[DEBUG]	Target = Full
2026-02-04 09:31:17,467	PDB Server  	T_pdb_server     	[INFO ]	Sys Volts: 23977 Sys Amps: 1349
2026-02-04 09:31:17,467	PDB Server  	T_pdb_server     	[INFO ]	12V rail Volts: 11998 12V rail Amps: 570
2026-02-04 09:31:17,467	PDB Server  	T_pdb_server     	[INFO ]	Energy[Joules]: 31652.5
2026-02-04 09:31:17,467	PDB Server  	T_pdb_server     	[INFO ]	Average Power: 58.9294
2026-02-04 09:31:17,467	PDB Server  	T_pdb_server     	[INFO ]	Sys Volts average: 23960.5
2026-02-04 09:31:17,467	PDB Server  	T_pdb_server     	[INFO ]	mah from ltc4282 366.952
2026-02-04 09:31:21,461	BMS Server  	T_9BmsServer     	[DEBUG]	Battery temp -1
2026-02-04 09:31:22,593	DiskBatteryR	T_pdb_server     	[INFO ]	Writing to registry: battery 000000000000 uAH: 941170325
2026-02-04 09:31:22,593	DiskBatteryR	T_pdb_server     	[INFO ]	Writing to registry: battery 032225d763ff uAH: 190971
2026-02-04 09:31:22,593	BMS Server  	T_pdb_server     	[DEBUG]	Target = Full
2026-02-04 09:31:22,620	PDB Server  	T_pdb_server     	[INFO ]	Sys Volts: 23977 Sys Amps: 1439
2026-02-04 09:31:22,620	PDB Server  	T_pdb_server     	[INFO ]	12V rail Volts: 11998 12V rail Amps: 575
2026-02-04 09:31:22,620	PDB Server  	T_pdb_server     	[INFO ]	Energy[Joules]: 31820.4
2026-02-04 09:31:22,620	PDB Server  	T_pdb_server     	[INFO ]	Average Power: 58.6764
2026-02-04 09:31:22,620	PDB Server  	T_pdb_server     	[INFO ]	Sys Volts average: 23960.7
2026-02-04 09:31:22,620	PDB Server  	T_pdb_server     	[INFO ]	mah from ltc4282 368.896
2026-02-04 09:31:25,453	BMS Server  	T_9BmsServer     	[DEBUG]	Battery temp -1
2026-02-04 09:31:27,746	DiskBatteryR	T_pdb_server     	[INFO ]	Writing to registry: battery 000000000000 uAH: 941172263
2026-02-04 09:31:27,746	DiskBatteryR	T_pdb_server     	[INFO ]	Writing to registry: battery 032225d763ff uAH: 190971
2026-02-04 09:31:27,746	BMS Server  	T_pdb_server     	[DEBUG]	Target = Full
2026-02-04 09:31:27,773	PDB Server  	T_pdb_server     	[INFO ]	Sys Volts: 23977 Sys Amps: 1349
2026-02-04 09:31:27,773	PDB Server  	T_pdb_server     	[INFO ]	12V rail Volts: 11998 12V rail Amps: 573
2026-02-04 09:31:27,773	PDB Server  	T_pdb_server     	[INFO ]	Energy[Joules]: 31988
2026-02-04 09:31:27,773	PDB Server  	T_pdb_server     	[INFO ]	Average Power: 58.4277
2026-02-04 09:31:27,773	PDB Server  	T_pdb_server     	[INFO ]	Sys Volts average: 23960.8
2026-02-04 09:31:27,773	PDB Server  	T_pdb_server     	[INFO ]	mah from ltc4282 370.837
2026-02-04 09:31:30,772	BMS Server  	T_9BmsServer     	[DEBUG]	Battery temp -1
2026-02-04 09:31:32,896	DiskBatteryR	T_pdb_server     	[INFO ]	Writing to registry: battery 000000000000 uAH: 941174204
2026-02-04 09:31:32,896	DiskBatteryR	T_pdb_server     	[INFO ]	Writing to registry: battery 032225d763ff uAH: 190971
2026-02-04 09:31:32,896	BMS Server  	T_pdb_server     	[DEBUG]	Target = Full
2026-02-04 09:31:32,923	PDB Server  	T_pdb_server     	[INFO ]	Sys Volts: 23977 Sys Amps: 1349
2026-02-04 09:31:32,923	PDB Server  	T_pdb_server     	[INFO ]	12V rail Volts: 11998 12V rail Amps: 578
2026-02-04 09:31:32,923	PDB Server  	T_pdb_server     	[INFO ]	Energy[Joules]: 32154.2
2026-02-04 09:31:32,924	PDB Server  	T_pdb_server     	[INFO ]	Average Power: 58.188
2026-02-04 09:31:32,924	PDB Server  	T_pdb_server     	[INFO ]	Sys Volts average: 23961
2026-02-04 09:31:32,924	PDB Server  	T_pdb_server     	[INFO ]	mah from ltc4282 372.761
2026-02-04 09:31:34,761	BMS Server  	T_9BmsServer     	[DEBUG]	Battery temp -1
2026-02-04 09:31:38,049	DiskBatteryR	T_pdb_server     	[INFO ]	Writing to registry: battery 000000000000 uAH: 941176155
2026-02-04 09:31:38,049	DiskBatteryR	T_pdb_server     	[INFO ]	Writing to registry: battery 032225d763ff uAH: 190971
2026-02-04 09:31:38,049	BMS Server  	T_pdb_server     	[DEBUG]	Target = Full
2026-02-04 09:31:38,076	PDB Server  	T_pdb_server     	[INFO ]	Sys Volts: 23977 Sys Amps: 1349
2026-02-04 09:31:38,076	PDB Server  	T_pdb_server     	[INFO ]	12V rail Volts: 11999 12V rail Amps: 581
2026-02-04 09:31:38,076	PDB Server  	T_pdb_server     	[INFO ]	Energy[Joules]: 32322.8
2026-02-04 09:31:38,077	PDB Server  	T_pdb_server     	[INFO ]	Average Power: 57.9502
2026-02-04 09:31:38,077	PDB Server  	T_pdb_server     	[INFO ]	Sys Volts average: 23961.1
2026-02-04 09:31:38,077	PDB Server  	T_pdb_server     	[INFO ]	mah from ltc4282 374.714
2026-02-04 09:31:40,077	BMS Server  	T_9BmsServer     	[DEBUG]	Battery temp -1
2026-02-04 09:31:43,202	DiskBatteryR	T_pdb_server     	[INFO ]	Writing to registry: battery 000000000000 uAH: 941178104
2026-02-04 09:31:43,202	DiskBatteryR	T_pdb_server     	[INFO ]	Writing to registry: battery 032225d763ff uAH: 190971
2026-02-04 09:31:43,202	BMS Server  	T_pdb_server     	[DEBUG]	Target = Full
2026-02-04 09:31:43,229	PDB Server  	T_pdb_server     	[INFO ]	Sys Volts: 23977 Sys Amps: 1349
2026-02-04 09:31:43,229	PDB Server  	T_pdb_server     	[INFO ]	12V rail Volts: 11998 12V rail Amps: 584
2026-02-04 09:31:43,229	PDB Server  	T_pdb_server     	[INFO ]	Energy[Joules]: 32489.3
2026-02-04 09:31:43,230	PDB Server  	T_pdb_server     	[INFO ]	Average Power: 57.7198
2026-02-04 09:31:43,230	PDB Server  	T_pdb_server     	[INFO ]	Sys Volts average: 23961.3
2026-02-04 09:31:43,230	PDB Server  	T_pdb_server     	[INFO ]	mah from ltc4282 376.642
2026-02-04 09:31:44,076	BMS Server  	T_9BmsServer     	[DEBUG]	Battery temp -1
2026-02-04 09:31:48,358	DiskBatteryR	T_pdb_server     	[INFO ]	Writing to registry: battery 000000000000 uAH: 941180060
2026-02-04 09:31:48,358	DiskBatteryR	T_pdb_server     	[INFO ]	Writing to registry: battery 032225d763ff uAH: 190971
2026-02-04 09:31:48,358	BMS Server  	T_pdb_server     	[DEBUG]	Target = Full
2026-02-04 09:31:48,386	PDB Server  	T_pdb_server     	[INFO ]	Sys Volts: 23977 Sys Amps: 1438
2026-02-04 09:31:48,386	PDB Server  	T_pdb_server     	[INFO ]	12V rail Volts: 11998 12V rail Amps: 576
2026-02-04 09:31:48,387	PDB Server  	T_pdb_server     	[INFO ]	Energy[Joules]: 32658.5
2026-02-04 09:31:48,387	PDB Server  	T_pdb_server     	[INFO ]	Average Power: 57.4915
2026-02-04 09:31:48,387	PDB Server  	T_pdb_server     	[INFO ]	Sys Volts average: 23961.4
2026-02-04 09:31:48,387	PDB Server  	T_pdb_server     	[INFO ]	mah from ltc4282 378.601
2026-02-04 09:31:49,396	BMS Server  	T_9BmsServer     	[DEBUG]	Battery temp -1
2026-02-04 09:31:53,381	BMS Server  	T_9BmsServer     	[DEBUG]	Battery temp -1
2026-02-04 09:31:53,514	DiskBatteryR	T_pdb_server     	[INFO ]	Writing to registry: battery 000000000000 uAH: 941182004
2026-02-04 09:31:53,514	DiskBatteryR	T_pdb_server     	[INFO ]	Writing to registry: battery 032225d763ff uAH: 190971
2026-02-04 09:31:53,514	BMS Server  	T_pdb_server     	[DEBUG]	Target = Full
2026-02-04 09:31:53,542	PDB Server  	T_pdb_server     	[INFO ]	Sys Volts: 23977 Sys Amps: 1349
2026-02-04 09:31:53,542	PDB Server  	T_pdb_server     	[INFO ]	12V rail Volts: 11999 12V rail Amps: 583
2026-02-04 09:31:53,542	PDB Server  	T_pdb_server     	[INFO ]	Energy[Joules]: 32826.8
2026-02-04 09:31:53,543	PDB Server  	T_pdb_server     	[INFO ]	Average Power: 57.2659
2026-02-04 09:31:53,543	PDB Server  	T_pdb_server     	[INFO ]	Sys Volts average: 23961.5
2026-02-04 09:31:53,543	PDB Server  	T_pdb_server     	[INFO ]	mah from ltc4282 380.55
2026-02-04 09:31:58,667	DiskBatteryR	T_pdb_server     	[INFO ]	Writing to registry: battery 000000000000 uAH: 941183954
2026-02-04 09:31:58,668	DiskBatteryR	T_pdb_server     	[INFO ]	Writing to registry: battery 032225d763ff uAH: 190971
2026-02-04 09:31:58,668	BMS Server  	T_pdb_server     	[DEBUG]	Target = Full
2026-02-04 09:31:58,696	PDB Server  	T_pdb_server     	[INFO ]	Sys Volts: 23977 Sys Amps: 1349
2026-02-04 09:31:58,696	PDB Server  	T_pdb_server     	[INFO ]	12V rail Volts: 11998 12V rail Amps: 575
2026-02-04 09:31:58,696	PDB Server  	T_pdb_server     	[INFO ]	Energy[Joules]: 32993.2
2026-02-04 09:31:58,696	PDB Server  	T_pdb_server     	[INFO ]	Average Power: 57.0474
2026-02-04 09:31:58,696	PDB Server  	T_pdb_server     	[INFO ]	Sys Volts average: 23961.7
2026-02-04 09:31:58,696	PDB Server  	T_pdb_server     	[INFO ]	mah from ltc4282 382.476
2026-02-04 09:31:58,697	BMS Server  	T_9BmsServer     	[DEBUG]	Battery temp -1
2026-02-04 09:32:02,697	BMS Server  	T_9BmsServer     	[DEBUG]	Battery temp -1
2026-02-04 09:32:03,819	DiskBatteryR	T_pdb_server     	[INFO ]	Writing to registry: battery 000000000000 uAH: 941185906
2026-02-04 09:32:03,819	DiskBatteryR	T_pdb_server     	[INFO ]	Writing to registry: battery 032225d763ff uAH: 190971
2026-02-04 09:32:03,820	BMS Server  	T_pdb_server     	[DEBUG]	Target = Full
2026-02-04 09:32:03,848	PDB Server  	T_pdb_server     	[INFO ]	Sys Volts: 23977 Sys Amps: 1349
2026-02-04 09:32:03,848	PDB Server  	T_pdb_server     	[INFO ]	12V rail Volts: 11998 12V rail Amps: 568
2026-02-04 09:32:03,848	PDB Server  	T_pdb_server     	[INFO ]	Energy[Joules]: 33162
2026-02-04 09:32:03,849	PDB Server  	T_pdb_server     	[INFO ]	Average Power: 56.8307
2026-02-04 09:32:03,849	PDB Server  	T_pdb_server     	[INFO ]	Sys Volts average: 23961.8
2026-02-04 09:32:03,849	PDB Server  	T_pdb_server     	[INFO ]	mah from ltc4282 384.432
2026-02-04 09:32:06,685	BMS Server  	T_9BmsServer     	[DEBUG]	Battery temp -1
2026-02-04 09:32:08,973	DiskBatteryR	T_pdb_server     	[INFO ]	Writing to registry: battery 000000000000 uAH: 941187849
2026-02-04 09:32:08,973	DiskBatteryR	T_pdb_server     	[INFO ]	Writing to registry: battery 032225d763ff uAH: 190971
2026-02-04 09:32:08,973	BMS Server  	T_pdb_server     	[DEBUG]	Target = Full
2026-02-04 09:32:09,000	PDB Server  	T_pdb_server     	[INFO ]	Sys Volts: 23969 Sys Amps: 1349
2026-02-04 09:32:09,000	PDB Server  	T_pdb_server     	[INFO ]	12V rail Volts: 11999 12V rail Amps: 576
2026-02-04 09:32:09,000	PDB Server  	T_pdb_server     	[INFO ]	Energy[Joules]: 33330.2
2026-02-04 09:32:09,000	PDB Server  	T_pdb_server     	[INFO ]	Average Power: 56.6165
2026-02-04 09:32:09,000	PDB Server  	T_pdb_server     	[INFO ]	Sys Volts average: 23961.9
2026-02-04 09:32:09,000	PDB Server  	T_pdb_server     	[INFO ]	mah from ltc4282 386.38
2026-02-04 09:32:12,005	BMS Server  	T_9BmsServer     	[DEBUG]	Battery temp -1
2026-02-04 09:32:14,128	PDB Server  	T_pdb_server     	[INFO ]	10 minutes passed, Reset the Power Monitor.
2026-02-04 09:32:15,174	PowerMonitor	T_pdb_server     	[DEBUG]	Initial voltage readings. Avg voltage: 23.9727 Max voltage: 23.9772 Min voltage: 23.9691 Var: 1.61764e-05 Standard Deviation: 0.00402199
2026-02-04 09:32:15,175	PowerMonitor	T_pdb_server     	[INFO ]	Initial voltage / est.fuel / mAH currently / mAH full (given age) 
23.9772V / 77 % / 14002 / 18185
2026-02-04 09:32:15,175	DiskBatteryR	T_pdb_server     	[INFO ]	Writing to registry: battery 000000000000 uAH: 941187849
2026-02-04 09:32:15,175	DiskBatteryR	T_pdb_server     	[INFO ]	Writing to registry: battery 032225d763ff uAH: 190971
2026-02-04 09:32:15,175	BMS Server  	T_pdb_server     	[DEBUG]	Target = Full
2026-02-04 09:32:15,202	PDB Server  	T_pdb_server     	[INFO ]	Sys Volts: 23977 Sys Amps: 1259
2026-02-04 09:32:15,202	PDB Server  	T_pdb_server     	[INFO ]	12V rail Volts: 11998 12V rail Amps: 578
2026-02-04 09:32:15,202	PDB Server  	T_pdb_server     	[INFO ]	Energy[Joules]: 33530.8
2026-02-04 09:32:15,202	PDB Server  	T_pdb_server     	[INFO ]	Average Power: 56.3674
2026-02-04 09:32:15,202	PDB Server  	T_pdb_server     	[INFO ]	Sys Volts average: 23962
2026-02-04 09:32:15,202	PDB Server  	T_pdb_server     	[INFO ]	mah from ltc4282 388.704
2026-02-04 09:32:15,988	BMS Server  	T_9BmsServer     	[DEBUG]	Battery temp -1
2026-02-04 09:32:20,327	DiskBatteryR	T_pdb_server     	[INFO ]	Writing to registry: battery 000000000000 uAH: 941189793
2026-02-04 09:32:20,327	DiskBatteryR	T_pdb_server     	[INFO ]	Writing to registry: battery 032225d763ff uAH: 190971
2026-02-04 09:32:20,327	BMS Server  	T_pdb_server     	[DEBUG]	Target = Full
2026-02-04 09:32:20,355	PDB Server  	T_pdb_server     	[INFO ]	Sys Volts: 23977 Sys Amps: 1259
2026-02-04 09:32:20,355	PDB Server  	T_pdb_server     	[INFO ]	12V rail Volts: 11998 12V rail Amps: 577
2026-02-04 09:32:20,355	PDB Server  	T_pdb_server     	[INFO ]	Energy[Joules]: 33699.2
2026-02-04 09:32:20,355	PDB Server  	T_pdb_server     	[INFO ]	Average Power: 56.1618
2026-02-04 09:32:20,355	PDB Server  	T_pdb_server     	[INFO ]	Sys Volts average: 23962.1
2026-02-04 09:32:20,355	PDB Server  	T_pdb_server     	[INFO ]	mah from ltc4282 390.655
2026-02-04 09:32:21,305	BMS Server  	T_9BmsServer     	[DEBUG]	Battery temp -1
2026-02-04 09:32:25,292	BMS Server  	T_9BmsServer     	[DEBUG]	Battery temp -1
2026-02-04 09:32:25,484	DiskBatteryR	T_pdb_server     	[INFO ]	Writing to registry: battery 000000000000 uAH: 941191741
2026-02-04 09:32:25,484	DiskBatteryR	T_pdb_server     	[INFO ]	Writing to registry: battery 032225d763ff uAH: 190971
2026-02-04 09:32:25,484	BMS Server  	T_pdb_server     	[DEBUG]	Target = Full
2026-02-04 09:32:25,510	PDB Server  	T_pdb_server     	[INFO ]	Sys Volts: 23969 Sys Amps: 1349
2026-02-04 09:32:25,510	PDB Server  	T_pdb_server     	[INFO ]	12V rail Volts: 11998 12V rail Amps: 579
2026-02-04 09:32:25,510	PDB Server  	T_pdb_server     	[INFO ]	Energy[Joules]: 33867.5
2026-02-04 09:32:25,511	PDB Server  	T_pdb_server     	[INFO ]	Average Power: 55.9594
2026-02-04 09:32:25,511	PDB Server  	T_pdb_server     	[INFO ]	Sys Volts average: 23962.1
2026-02-04 09:32:25,511	PDB Server  	T_pdb_server     	[INFO ]	mah from ltc4282 392.605
2026-02-04 09:32:30,612	BMS Server  	T_9BmsServer     	[DEBUG]	Battery temp -1
2026-02-04 09:32:30,635	DiskBatteryR	T_pdb_server     	[INFO ]	Writing to registry: battery 000000000000 uAH: 941193685
2026-02-04 09:32:30,635	DiskBatteryR	T_pdb_server     	[INFO ]	Writing to registry: battery 032225d763ff uAH: 190971
2026-02-04 09:32:30,635	BMS Server  	T_pdb_server     	[DEBUG]	Target = Full
2026-02-04 09:32:30,664	PDB Server  	T_pdb_server     	[INFO ]	Sys Volts: 23969 Sys Amps: 1348
2026-02-04 09:32:30,664	PDB Server  	T_pdb_server     	[INFO ]	12V rail Volts: 11999 12V rail Amps: 580
2026-02-04 09:32:30,665	PDB Server  	T_pdb_server     	[INFO ]	Energy[Joules]: 34033.6
2026-02-04 09:32:30,665	PDB Server  	T_pdb_server     	[INFO ]	Average Power: 55.7628
2026-02-04 09:32:30,665	PDB Server  	T_pdb_server     	[INFO ]	Sys Volts average: 23962.2
2026-02-04 09:32:30,665	PDB Server  	T_pdb_server     	[INFO ]	mah from ltc4282 394.528
2026-02-04 09:32:34,597	BMS Server  	T_9BmsServer     	[DEBUG]	Battery temp -1
2026-02-04 09:32:35,792	DiskBatteryR	T_pdb_server     	[INFO ]	Writing to registry: battery 000000000000 uAH: 941195645
2026-02-04 09:32:35,792	DiskBatteryR	T_pdb_server     	[INFO ]	Writing to registry: battery 032225d763ff uAH: 190971
2026-02-04 09:32:35,792	BMS Server  	T_pdb_server     	[DEBUG]	Target = Full
2026-02-04 09:32:35,820	PDB Server  	T_pdb_server     	[INFO ]	Sys Volts: 23969 Sys Amps: 1438
2026-02-04 09:32:35,820	PDB Server  	T_pdb_server     	[INFO ]	12V rail Volts: 11998 12V rail Amps: 579
2026-02-04 09:32:35,820	PDB Server  	T_pdb_server     	[INFO ]	Energy[Joules]: 34203.1
2026-02-04 09:32:35,820	PDB Server  	T_pdb_server     	[INFO ]	Average Power: 55.5692
2026-02-04 09:32:35,820	PDB Server  	T_pdb_server     	[INFO ]	Sys Volts average: 23962.3
2026-02-04 09:32:35,820	PDB Server  	T_pdb_server     	[INFO ]	mah from ltc4282 396.492
2026-02-04 09:32:39,929	BMS Server  	T_9BmsServer     	[DEBUG]	Battery temp -1
2026-02-04 09:32:40,949	DiskBatteryR	T_pdb_server     	[INFO ]	Writing to registry: battery 000000000000 uAH: 941197598
2026-02-04 09:32:40,949	DiskBatteryR	T_pdb_server     	[INFO ]	Writing to registry: battery 032225d763ff uAH: 190971
2026-02-04 09:32:40,949	BMS Server  	T_pdb_server     	[DEBUG]	Target = Full
2026-02-04 09:32:40,976	PDB Server  	T_pdb_server     	[INFO ]	Sys Volts: 23977 Sys Amps: 1348
2026-02-04 09:32:40,976	PDB Server  	T_pdb_server     	[INFO ]	12V rail Volts: 11998 12V rail Amps: 583
2026-02-04 09:32:40,977	PDB Server  	T_pdb_server     	[INFO ]	Energy[Joules]: 34371.9
2026-02-04 09:32:40,977	PDB Server  	T_pdb_server     	[INFO ]	Average Power: 55.3776
2026-02-04 09:32:40,977	PDB Server  	T_pdb_server     	[INFO ]	Sys Volts average: 23962.4
2026-02-04 09:32:40,977	PDB Server  	T_pdb_server     	[INFO ]	mah from ltc4282 398.447
2026-02-04 09:32:43,917	BMS Server  	T_9BmsServer     	[DEBUG]	Battery temp -1
2026-02-04 09:32:46,099	DiskBatteryR	T_pdb_server     	[INFO ]	Writing to registry: battery 000000000000 uAH: 941199559
2026-02-04 09:32:46,099	DiskBatteryR	T_pdb_server     	[INFO ]	Writing to registry: battery 032225d763ff uAH: 190971
2026-02-04 09:32:46,099	BMS Server  	T_pdb_server     	[DEBUG]	Target = Full
2026-02-04 09:32:46,127	PDB Server  	T_pdb_server     	[INFO ]	Sys Volts: 23969 Sys Amps: 1438
2026-02-04 09:32:46,127	PDB Server  	T_pdb_server     	[INFO ]	12V rail Volts: 11998 12V rail Amps: 576
2026-02-04 09:32:46,127	PDB Server  	T_pdb_server     	[INFO ]	Energy[Joules]: 34539.6
2026-02-04 09:32:46,128	PDB Server  	T_pdb_server     	[INFO ]	Average Power: 55.1932
2026-02-04 09:32:46,128	PDB Server  	T_pdb_server     	[INFO ]	Sys Volts average: 23962.5
2026-02-04 09:32:46,128	PDB Server  	T_pdb_server     	[INFO ]	mah from ltc4282 400.39
2026-02-04 09:32:49,241	BMS Server  	T_9BmsServer     	[DEBUG]	Battery temp -1
2026-02-04 09:32:51,252	DiskBatteryR	T_pdb_server     	[INFO ]	Writing to registry: battery 000000000000 uAH: 941201522
2026-02-04 09:32:51,252	DiskBatteryR	T_pdb_server     	[INFO ]	Writing to registry: battery 032225d763ff uAH: 190971
2026-02-04 09:32:51,252	BMS Server  	T_pdb_server     	[DEBUG]	Target = Full
2026-02-04 09:32:51,281	PDB Server  	T_pdb_server     	[INFO ]	Sys Volts: 23969 Sys Amps: 1348
2026-02-04 09:32:51,281	PDB Server  	T_pdb_server     	[INFO ]	12V rail Volts: 11998 12V rail Amps: 583
2026-02-04 09:32:51,281	PDB Server  	T_pdb_server     	[INFO ]	Energy[Joules]: 34709.1
2026-02-04 09:32:51,283	PDB Server  	T_pdb_server     	[INFO ]	Average Power: 55.0091
2026-02-04 09:32:51,283	PDB Server  	T_pdb_server     	[INFO ]	Sys Volts average: 23962.5
2026-02-04 09:32:51,283	PDB Server  	T_pdb_server     	[INFO ]	mah from ltc4282 402.354
2026-02-04 09:32:53,229	BMS Server  	T_9BmsServer     	[DEBUG]	Battery temp -1
2026-02-04 09:32:56,411	DiskBatteryR	T_pdb_server     	[INFO ]	Writing to registry: battery 000000000000 uAH: 941203489
2026-02-04 09:32:56,411	DiskBatteryR	T_pdb_server     	[INFO ]	Writing to registry: battery 032225d763ff uAH: 190971
2026-02-04 09:32:56,411	BMS Server  	T_pdb_server     	[DEBUG]	Target = Full
2026-02-04 09:32:56,439	PDB Server  	T_pdb_server     	[INFO ]	Sys Volts: 23969 Sys Amps: 1348
2026-02-04 09:32:56,439	PDB Server  	T_pdb_server     	[INFO ]	12V rail Volts: 11999 12V rail Amps: 583
2026-02-04 09:32:56,439	PDB Server  	T_pdb_server     	[INFO ]	Energy[Joules]: 34877.2
2026-02-04 09:32:56,439	PDB Server  	T_pdb_server     	[INFO ]	Average Power: 54.8312
2026-02-04 09:32:56,439	PDB Server  	T_pdb_server     	[INFO ]	Sys Volts average: 23962.6
2026-02-04 09:32:56,439	PDB Server  	T_pdb_server     	[INFO ]	mah from ltc4282 404.301
2026-02-04 09:32:58,549	BMS Server  	T_9BmsServer     	[DEBUG]	Battery temp -1
2026-02-04 09:33:01,570	DiskBatteryR	T_pdb_server     	[INFO ]	Writing to registry: battery 000000000000 uAH: 941205460
2026-02-04 09:33:01,570	DiskBatteryR	T_pdb_server     	[INFO ]	Writing to registry: battery 032225d763ff uAH: 190971
2026-02-04 09:33:01,570	BMS Server  	T_pdb_server     	[DEBUG]	Target = Full
2026-02-04 09:33:01,597	PDB Server  	T_pdb_server     	[INFO ]	Sys Volts: 23969 Sys Amps: 1438
2026-02-04 09:33:01,597	PDB Server  	T_pdb_server     	[INFO ]	12V rail Volts: 11998 12V rail Amps: 576
2026-02-04 09:33:01,597	PDB Server  	T_pdb_server     	[INFO ]	Energy[Joules]: 35047.5
2026-02-04 09:33:01,598	PDB Server  	T_pdb_server     	[INFO ]	Average Power: 54.654
2026-02-04 09:33:01,598	PDB Server  	T_pdb_server     	[INFO ]	Sys Volts average: 23962.7
2026-02-04 09:33:01,598	PDB Server  	T_pdb_server     	[INFO ]	mah from ltc4282 406.273
2026-02-04 09:33:02,533	BMS Server  	T_9BmsServer     	[DEBUG]	Battery temp -1
2026-02-04 09:33:06,721	DiskBatteryR	T_pdb_server     	[INFO ]	Writing to registry: battery 000000000000 uAH: 941207429
2026-02-04 09:33:06,721	DiskBatteryR	T_pdb_server     	[INFO ]	Writing to registry: battery 032225d763ff uAH: 190971
2026-02-04 09:33:06,721	BMS Server  	T_pdb_server     	[DEBUG]	Target = Full
2026-02-04 09:33:06,748	PDB Server  	T_pdb_server     	[INFO ]	Sys Volts: 23977 Sys Amps: 1438
2026-02-04 09:33:06,749	PDB Server  	T_pdb_server     	[INFO ]	12V rail Volts: 11998 12V rail Amps: 585
2026-02-04 09:33:06,749	PDB Server  	T_pdb_server     	[INFO ]	Energy[Joules]: 35217.6
2026-02-04 09:33:06,749	PDB Server  	T_pdb_server     	[INFO ]	Average Power: 54.4795
2026-02-04 09:33:06,749	PDB Server  	T_pdb_server     	[INFO ]	Sys Volts average: 23962.8
2026-02-04 09:33:06,750	PDB Server  	T_pdb_server     	[INFO ]	mah from ltc4282 408.244
2026-02-04 09:33:07,845	BMS Server  	T_9BmsServer     	[DEBUG]	Battery temp -1
2026-02-04 09:33:11,833	BMS Server  	T_9BmsServer     	[DEBUG]	Battery temp -1
2026-02-04 09:33:11,875	DiskBatteryR	T_pdb_server     	[INFO ]	Writing to registry: battery 000000000000 uAH: 941209383
2026-02-04 09:33:11,875	DiskBatteryR	T_pdb_server     	[INFO ]	Writing to registry: battery 032225d763ff uAH: 190971
2026-02-04 09:33:11,876	BMS Server  	T_pdb_server     	[DEBUG]	Target = Full
2026-02-04 09:33:11,904	PDB Server  	T_pdb_server     	[INFO ]	Sys Volts: 23969 Sys Amps: 1348
2026-02-04 09:33:11,904	PDB Server  	T_pdb_server     	[INFO ]	12V rail Volts: 11998 12V rail Amps: 578
2026-02-04 09:33:11,904	PDB Server  	T_pdb_server     	[INFO ]	Energy[Joules]: 35384.6
2026-02-04 09:33:11,904	PDB Server  	T_pdb_server     	[INFO ]	Average Power: 54.3085
2026-02-04 09:33:11,904	PDB Server  	T_pdb_server     	[INFO ]	Sys Volts average: 23962.9
2026-02-04 09:33:11,904	PDB Server  	T_pdb_server     	[INFO ]	mah from ltc4282 410.179
2026-02-04 09:33:15,828	BMS Server  	T_9BmsServer     	[DEBUG]	Battery temp -1
2026-02-04 09:33:17,028	DiskBatteryR	T_pdb_server     	[INFO ]	Writing to registry: battery 000000000000 uAH: 941211350
2026-02-04 09:33:17,028	DiskBatteryR	T_pdb_server     	[INFO ]	Writing to registry: battery 032225d763ff uAH: 190971
2026-02-04 09:33:17,028	BMS Server  	T_pdb_server     	[DEBUG]	Target = Full
2026-02-04 09:33:17,055	PDB Server  	T_pdb_server     	[INFO ]	Sys Volts: 23977 Sys Amps: 1348
2026-02-04 09:33:17,055	PDB Server  	T_pdb_server     	[INFO ]	12V rail Volts: 11999 12V rail Amps: 581
2026-02-04 09:33:17,055	PDB Server  	T_pdb_server     	[INFO ]	Energy[Joules]: 35554.8
2026-02-04 09:33:17,056	PDB Server  	T_pdb_server     	[INFO ]	Average Power: 54.1394
2026-02-04 09:33:17,056	PDB Server  	T_pdb_server     	[INFO ]	Sys Volts average: 23963
2026-02-04 09:33:17,056	PDB Server  	T_pdb_server     	[INFO ]	mah from ltc4282 412.15
2026-02-04 09:33:21,145	BMS Server  	T_9BmsServer     	[DEBUG]	Battery temp -1
2026-02-04 09:33:22,181	DiskBatteryR	T_pdb_server     	[INFO ]	Writing to registry: battery 000000000000 uAH: 941213312
2026-02-04 09:33:22,181	DiskBatteryR	T_pdb_server     	[INFO ]	Writing to registry: battery 032225d763ff uAH: 190971
2026-02-04 09:33:22,181	BMS Server  	T_pdb_server     	[DEBUG]	Target = Full
2026-02-04 09:33:22,208	PDB Server  	T_pdb_server     	[INFO ]	Sys Volts: 23977 Sys Amps: 1348
2026-02-04 09:33:22,208	PDB Server  	T_pdb_server     	[INFO ]	12V rail Volts: 11998 12V rail Amps: 576
2026-02-04 09:33:22,208	PDB Server  	T_pdb_server     	[INFO ]	Energy[Joules]: 35724.5
2026-02-04 09:33:22,209	PDB Server  	T_pdb_server     	[INFO ]	Average Power: 53.9724
2026-02-04 09:33:22,209	PDB Server  	T_pdb_server     	[INFO ]	Sys Volts average: 23963
2026-02-04 09:33:22,209	PDB Server  	T_pdb_server     	[INFO ]	mah from ltc4282 414.116
2026-02-04 09:33:25,129	BMS Server  	T_9BmsServer     	[DEBUG]	Battery temp -1
2026-02-04 09:33:27,335	DiskBatteryR	T_pdb_server     	[INFO ]	Writing to registry: battery 000000000000 uAH: 941215263
2026-02-04 09:33:27,335	DiskBatteryR	T_pdb_server     	[INFO ]	Writing to registry: battery 032225d763ff uAH: 190971
2026-02-04 09:33:27,335	BMS Server  	T_pdb_server     	[DEBUG]	Target = Full
2026-02-04 09:33:27,363	PDB Server  	T_pdb_server     	[INFO ]	Sys Volts: 23977 Sys Amps: 1438
2026-02-04 09:33:27,363	PDB Server  	T_pdb_server     	[INFO ]	12V rail Volts: 11999 12V rail Amps: 576
2026-02-04 09:33:27,363	PDB Server  	T_pdb_server     	[INFO ]	Energy[Joules]: 35891.3
2026-02-04 09:33:27,364	PDB Server  	T_pdb_server     	[INFO ]	Average Power: 53.8087
2026-02-04 09:33:27,364	PDB Server  	T_pdb_server     	[INFO ]	Sys Volts average: 23963.1
2026-02-04 09:33:27,364	PDB Server  	T_pdb_server     	[INFO ]	mah from ltc4282 416.047
2026-02-04 09:33:30,445	BMS Server  	T_9BmsServer     	[DEBUG]	Battery temp -1
2026-02-04 09:33:32,488	DiskBatteryR	T_pdb_server     	[INFO ]	Writing to registry: battery 000000000000 uAH: 941217226
2026-02-04 09:33:32,488	DiskBatteryR	T_pdb_server     	[INFO ]	Writing to registry: battery 032225d763ff uAH: 190971
2026-02-04 09:33:32,488	BMS Server  	T_pdb_server     	[DEBUG]	Target = Full
2026-02-04 09:33:32,516	PDB Server  	T_pdb_server     	[INFO ]	Sys Volts: 23969 Sys Amps: 1348
2026-02-04 09:33:32,516	PDB Server  	T_pdb_server     	[INFO ]	12V rail Volts: 11999 12V rail Amps: 582
2026-02-04 09:33:32,516	PDB Server  	T_pdb_server     	[INFO ]	Energy[Joules]: 36061
2026-02-04 09:33:32,516	PDB Server  	T_pdb_server     	[INFO ]	Average Power: 53.6468
2026-02-04 09:33:32,516	PDB Server  	T_pdb_server     	[INFO ]	Sys Volts average: 23963.2
2026-02-04 09:33:32,517	PDB Server  	T_pdb_server     	[INFO ]	mah from ltc4282 418.013
2026-02-04 09:33:34,428	BMS Server  	T_9BmsServer     	[DEBUG]	Battery temp -1
2026-02-04 09:33:37,642	DiskBatteryR	T_pdb_server     	[INFO ]	Writing to registry: battery 000000000000 uAH: 941219192
2026-02-04 09:33:37,642	DiskBatteryR	T_pdb_server     	[INFO ]	Writing to registry: battery 032225d763ff uAH: 190971
2026-02-04 09:33:37,643	BMS Server  	T_pdb_server     	[DEBUG]	Target = Full
2026-02-04 09:33:37,670	PDB Server  	T_pdb_server     	[INFO ]	Sys Volts: 23969 Sys Amps: 1438
2026-02-04 09:33:37,670	PDB Server  	T_pdb_server     	[INFO ]	12V rail Volts: 11999 12V rail Amps: 583
2026-02-04 09:33:37,670	PDB Server  	T_pdb_server     	[INFO ]	Energy[Joules]: 36231.1
2026-02-04 09:33:37,670	PDB Server  	T_pdb_server     	[INFO ]	Average Power: 53.4879
2026-02-04 09:33:37,670	PDB Server  	T_pdb_server     	[INFO ]	Sys Volts average: 23963.3
2026-02-04 09:33:37,670	PDB Server  	T_pdb_server     	[INFO ]	mah from ltc4282 419.984
2026-02-04 09:33:39,745	BMS Server  	T_9BmsServer     	[DEBUG]	Battery temp -1
2026-02-04 09:33:42,798	DiskBatteryR	T_pdb_server     	[INFO ]	Writing to registry: battery 000000000000 uAH: 941221150
2026-02-04 09:33:42,799	DiskBatteryR	T_pdb_server     	[INFO ]	Writing to registry: battery 032225d763ff uAH: 190971
2026-02-04 09:33:42,799	BMS Server  	T_pdb_server     	[DEBUG]	Target = Full
2026-02-04 09:33:42,826	PDB Server  	T_pdb_server     	[INFO ]	Sys Volts: 23977 Sys Amps: 1258
2026-02-04 09:33:42,826	PDB Server  	T_pdb_server     	[INFO ]	12V rail Volts: 11998 12V rail Amps: 576
2026-02-04 09:33:42,826	PDB Server  	T_pdb_server     	[INFO ]	Energy[Joules]: 36398.2
2026-02-04 09:33:42,826	PDB Server  	T_pdb_server     	[INFO ]	Average Power: 53.3321
2026-02-04 09:33:42,826	PDB Server  	T_pdb_server     	[INFO ]	Sys Volts average: 23963.4
2026-02-04 09:33:42,826	PDB Server  	T_pdb_server     	[INFO ]	mah from ltc4282 421.919
2026-02-04 09:33:43,733	BMS Server  	T_9BmsServer     	[DEBUG]	Battery temp -1
2026-02-04 09:33:47,950	DiskBatteryR	T_pdb_server     	[INFO ]	Writing to registry: battery 000000000000 uAH: 941223103
2026-02-04 09:33:47,950	DiskBatteryR	T_pdb_server     	[INFO ]	Writing to registry: battery 032225d763ff uAH: 190971
2026-02-04 09:33:47,950	BMS Server  	T_pdb_server     	[DEBUG]	Target = Full
2026-02-04 09:33:47,978	PDB Server  	T_pdb_server     	[INFO ]	Sys Volts: 23969 Sys Amps: 1438
2026-02-04 09:33:47,978	PDB Server  	T_pdb_server     	[INFO ]	12V rail Volts: 11998 12V rail Amps: 577
2026-02-04 09:33:47,978	PDB Server  	T_pdb_server     	[INFO ]	Energy[Joules]: 36567.3
2026-02-04 09:33:47,978	PDB Server  	T_pdb_server     	[INFO ]	Average Power: 53.1765
2026-02-04 09:33:47,978	PDB Server  	T_pdb_server     	[INFO ]	Sys Volts average: 23963.5
2026-02-04 09:33:47,978	PDB Server  	T_pdb_server     	[INFO ]	mah from ltc4282 423.878
2026-02-04 09:33:49,049	BMS Server  	T_9BmsServer     	[DEBUG]	Battery temp -1
2026-02-04 09:33:53,037	BMS Server  	T_9BmsServer     	[DEBUG]	Battery temp -1
2026-02-04 09:33:53,106	DiskBatteryR	T_pdb_server     	[INFO ]	Writing to registry: battery 000000000000 uAH: 941225055
2026-02-04 09:33:53,106	DiskBatteryR	T_pdb_server     	[INFO ]	Writing to registry: battery 032225d763ff uAH: 190971
2026-02-04 09:33:53,106	BMS Server  	T_pdb_server     	[DEBUG]	Target = Full
2026-02-04 09:33:53,132	PDB Server  	T_pdb_server     	[INFO ]	Sys Volts: 23969 Sys Amps: 1438
2026-02-04 09:33:53,133	PDB Server  	T_pdb_server     	[INFO ]	12V rail Volts: 11998 12V rail Amps: 572
2026-02-04 09:33:53,133	PDB Server  	T_pdb_server     	[INFO ]	Energy[Joules]: 36736.2
2026-02-04 09:33:53,133	PDB Server  	T_pdb_server     	[INFO ]	Average Power: 53.0229
2026-02-04 09:33:53,133	PDB Server  	T_pdb_server     	[INFO ]	Sys Volts average: 23963.5
2026-02-04 09:33:53,133	PDB Server  	T_pdb_server     	[INFO ]	mah from ltc4282 425.835
2026-02-04 09:33:58,259	DiskBatteryR	T_pdb_server     	[INFO ]	Writing to registry: battery 000000000000 uAH: 941227012
2026-02-04 09:33:58,260	DiskBatteryR	T_pdb_server     	[INFO ]	Writing to registry: battery 032225d763ff uAH: 190971
2026-02-04 09:33:58,260	BMS Server  	T_pdb_server     	[DEBUG]	Target = Full
2026-02-04 09:33:58,288	PDB Server  	T_pdb_server     	[INFO ]	Sys Volts: 23969 Sys Amps: 1438
2026-02-04 09:33:58,288	PDB Server  	T_pdb_server     	[INFO ]	12V rail Volts: 11998 12V rail Amps: 575
2026-02-04 09:33:58,288	PDB Server  	T_pdb_server     	[INFO ]	Energy[Joules]: 36903.2
2026-02-04 09:33:58,288	PDB Server  	T_pdb_server     	[INFO ]	Average Power: 52.8739
2026-02-04 09:33:58,288	PDB Server  	T_pdb_server     	[INFO ]	Sys Volts average: 23963.6
2026-02-04 09:33:58,288	PDB Server  	T_pdb_server     	[INFO ]	mah from ltc4282 427.77
2026-02-04 09:33:58,349	BMS Server  	T_9BmsServer     	[DEBUG]	Battery temp -1
2026-02-04 09:34:02,341	BMS Server  	T_9BmsServer     	[DEBUG]	Battery temp -1
2026-02-04 09:34:03,411	DiskBatteryR	T_pdb_server     	[INFO ]	Writing to registry: battery 000000000000 uAH: 941228944
2026-02-04 09:34:03,411	DiskBatteryR	T_pdb_server     	[INFO ]	Writing to registry: battery 032225d763ff uAH: 190971
2026-02-04 09:34:03,411	BMS Server  	T_pdb_server     	[DEBUG]	Target = Full
2026-02-04 09:34:03,439	PDB Server  	T_pdb_server     	[INFO ]	Sys Volts: 23977 Sys Amps: 1348
2026-02-04 09:34:03,439	PDB Server  	T_pdb_server     	[INFO ]	12V rail Volts: 11998 12V rail Amps: 574
2026-02-04 09:34:03,439	PDB Server  	T_pdb_server     	[INFO ]	Energy[Joules]: 37070.3
2026-02-04 09:34:03,440	PDB Server  	T_pdb_server     	[INFO ]	Average Power: 52.7222
2026-02-04 09:34:03,440	PDB Server  	T_pdb_server     	[INFO ]	Sys Volts average: 23963.7
2026-02-04 09:34:03,440	PDB Server  	T_pdb_server     	[INFO ]	mah from ltc4282 429.705
2026-02-04 09:34:07,661	BMS Server  	T_9BmsServer     	[DEBUG]	Battery temp -1
2026-02-04 09:34:08,565	DiskBatteryR	T_pdb_server     	[INFO ]	Writing to registry: battery 000000000000 uAH: 941230906
2026-02-04 09:34:08,565	DiskBatteryR	T_pdb_server     	[INFO ]	Writing to registry: battery 032225d763ff uAH: 190971
2026-02-04 09:34:08,565	BMS Server  	T_pdb_server     	[DEBUG]	Target = Full
2026-02-04 09:34:08,592	PDB Server  	T_pdb_server     	[INFO ]	Sys Volts: 23977 Sys Amps: 1348
2026-02-04 09:34:08,592	PDB Server  	T_pdb_server     	[INFO ]	12V rail Volts: 11998 12V rail Amps: 576
2026-02-04 09:34:08,592	PDB Server  	T_pdb_server     	[INFO ]	Energy[Joules]: 37237.9
2026-02-04 09:34:08,592	PDB Server  	T_pdb_server     	[INFO ]	Average Power: 52.5783
2026-02-04 09:34:08,592	PDB Server  	T_pdb_server     	[INFO ]	Sys Volts average: 23963.7
2026-02-04 09:34:08,592	PDB Server  	T_pdb_server     	[INFO ]	mah from ltc4282 431.646
2026-02-04 09:34:11,645	BMS Server  	T_9BmsServer     	[DEBUG]	Battery temp -1
2026-02-04 09:34:13,719	DiskBatteryR	T_pdb_server     	[INFO ]	Writing to registry: battery 000000000000 uAH: 941232858
2026-02-04 09:34:13,719	DiskBatteryR	T_pdb_server     	[INFO ]	Writing to registry: battery 032225d763ff uAH: 190971
2026-02-04 09:34:13,719	BMS Server  	T_pdb_server     	[DEBUG]	Target = Full
2026-02-04 09:34:13,748	PDB Server  	T_pdb_server     	[INFO ]	Sys Volts: 23977 Sys Amps: 1348
2026-02-04 09:34:13,748	PDB Server  	T_pdb_server     	[INFO ]	12V rail Volts: 11998 12V rail Amps: 573
2026-02-04 09:34:13,748	PDB Server  	T_pdb_server     	[INFO ]	Energy[Joules]: 37406.9
2026-02-04 09:34:13,748	PDB Server  	T_pdb_server     	[INFO ]	Average Power: 52.4336
2026-02-04 09:34:13,748	PDB Server  	T_pdb_server     	[INFO ]	Sys Volts average: 23963.8
2026-02-04 09:34:13,749	PDB Server  	T_pdb_server     	[INFO ]	mah from ltc4282 433.604
2026-02-04 09:34:16,961	BMS Server  	T_9BmsServer     	[DEBUG]	Battery temp -1
2026-02-04 09:34:18,876	DiskBatteryR	T_pdb_server     	[INFO ]	Writing to registry: battery 000000000000 uAH: 941234812
2026-02-04 09:34:18,877	DiskBatteryR	T_pdb_server     	[INFO ]	Writing to registry: battery 032225d763ff uAH: 190971
2026-02-04 09:34:18,878	BMS Server  	T_pdb_server     	[DEBUG]	Target = Full
2026-02-04 09:34:18,907	PDB Server  	T_pdb_server     	[INFO ]	Sys Volts: 23969 Sys Amps: 1348
2026-02-04 09:34:18,907	PDB Server  	T_pdb_server     	[INFO ]	12V rail Volts: 11998 12V rail Amps: 578
2026-02-04 09:34:18,907	PDB Server  	T_pdb_server     	[INFO ]	Energy[Joules]: 37575.6
2026-02-04 09:34:18,907	PDB Server  	T_pdb_server     	[INFO ]	Average Power: 52.2906
2026-02-04 09:34:18,907	PDB Server  	T_pdb_server     	[INFO ]	Sys Volts average: 23963.9
2026-02-04 09:34:18,907	PDB Server  	T_pdb_server     	[INFO ]	mah from ltc4282 435.559
2026-02-04 09:34:20,944	BMS Server  	T_9BmsServer     	[DEBUG]	Battery temp -1
2026-02-04 09:34:24,032	DiskBatteryR	T_pdb_server     	[INFO ]	Writing to registry: battery 000000000000 uAH: 941236766
2026-02-04 09:34:24,032	DiskBatteryR	T_pdb_server     	[INFO ]	Writing to registry: battery 032225d763ff uAH: 190971
2026-02-04 09:34:24,032	BMS Server  	T_pdb_server     	[DEBUG]	Target = Full
2026-02-04 09:34:24,059	PDB Server  	T_pdb_server     	[INFO ]	Sys Volts: 23969 Sys Amps: 1438
2026-02-04 09:34:24,059	PDB Server  	T_pdb_server     	[INFO ]	12V rail Volts: 11998 12V rail Amps: 583
2026-02-04 09:34:24,059	PDB Server  	T_pdb_server     	[INFO ]	Energy[Joules]: 37742.5
2026-02-04 09:34:24,060	PDB Server  	T_pdb_server     	[INFO ]	Average Power: 52.1519
2026-02-04 09:34:24,060	PDB Server  	T_pdb_server     	[INFO ]	Sys Volts average: 23963.9
2026-02-04 09:34:24,060	PDB Server  	T_pdb_server     	[INFO ]	mah from ltc4282 437.492
2026-02-04 09:34:24,937	BMS Server  	T_9BmsServer     	[DEBUG]	Battery temp -1
2026-02-04 09:34:29,189	DiskBatteryR	T_pdb_server     	[INFO ]	Writing to registry: battery 000000000000 uAH: 941238719
2026-02-04 09:34:29,189	DiskBatteryR	T_pdb_server     	[INFO ]	Writing to registry: battery 032225d763ff uAH: 190971
2026-02-04 09:34:29,189	BMS Server  	T_pdb_server     	[DEBUG]	Target = Full
2026-02-04 09:34:29,221	PDB Server  	T_pdb_server     	[INFO ]	Sys Volts: 23977 Sys Amps: 1348
2026-02-04 09:34:29,221	PDB Server  	T_pdb_server     	[INFO ]	12V rail Volts: 11998 12V rail Amps: 582
2026-02-04 09:34:29,221	PDB Server  	T_pdb_server     	[INFO ]	Energy[Joules]: 37911.3
2026-02-04 09:34:29,222	PDB Server  	T_pdb_server     	[INFO ]	Average Power: 52.0131
2026-02-04 09:34:29,222	PDB Server  	T_pdb_server     	[INFO ]	Sys Volts average: 23964
2026-02-04 09:34:29,222	PDB Server  	T_pdb_server     	[INFO ]	mah from ltc4282 439.448
2026-02-04 09:34:30,249	BMS Server  	T_9BmsServer     	[DEBUG]	Battery temp -1
2026-02-04 09:34:34,233	BMS Server  	T_9BmsServer     	[DEBUG]	Battery temp -1
2026-02-04 09:34:34,349	DiskBatteryR	T_pdb_server     	[INFO ]	Writing to registry: battery 000000000000 uAH: 941240676
2026-02-04 09:34:34,349	DiskBatteryR	T_pdb_server     	[INFO ]	Writing to registry: battery 032225d763ff uAH: 190971
2026-02-04 09:34:34,349	BMS Server  	T_pdb_server     	[DEBUG]	Target = Full
2026-02-04 09:34:34,377	PDB Server  	T_pdb_server     	[INFO ]	Sys Volts: 23969 Sys Amps: 1438
2026-02-04 09:34:34,377	PDB Server  	T_pdb_server     	[INFO ]	12V rail Volts: 11998 12V rail Amps: 581
2026-02-04 09:34:34,377	PDB Server  	T_pdb_server     	[INFO ]	Energy[Joules]: 38080.3
2026-02-04 09:34:34,378	PDB Server  	T_pdb_server     	[INFO ]	Average Power: 51.8765
2026-02-04 09:34:34,378	PDB Server  	T_pdb_server     	[INFO ]	Sys Volts average: 23964
2026-02-04 09:34:34,378	PDB Server  	T_pdb_server     	[INFO ]	mah from ltc4282 441.406
2026-02-04 09:34:39,501	DiskBatteryR	T_pdb_server     	[INFO ]	Writing to registry: battery 000000000000 uAH: 941248846
2026-02-04 09:34:39,501	DiskBatteryR	T_pdb_server     	[INFO ]	Writing to registry: battery 032225d763ff uAH: 190971
2026-02-04 09:34:39,502	BMS Server  	T_pdb_server     	[DEBUG]	Target = Full
2026-02-04 09:34:39,529	PDB Server  	T_pdb_server     	[INFO ]	Sys Volts: 23343 Sys Amps: 45590
2026-02-04 09:34:39,529	PDB Server  	T_pdb_server     	[INFO ]	12V rail Volts: 11999 12V rail Amps: 583
2026-02-04 09:34:39,529	PDB Server  	T_pdb_server     	[INFO ]	Energy[Joules]: 38794.1
2026-02-04 09:34:39,529	PDB Server  	T_pdb_server     	[INFO ]	Average Power: 52.4834
2026-02-04 09:34:39,529	PDB Server  	T_pdb_server     	[INFO ]	Sys Volts average: 23963.6
2026-02-04 09:34:39,529	PDB Server  	T_pdb_server     	[INFO ]	mah from ltc4282 449.689
2026-02-04 09:34:39,553	BMS Server  	T_9BmsServer     	[DEBUG]	Battery temp -1
2026-02-04 09:34:43,545	BMS Server  	T_9BmsServer     	[DEBUG]	Battery temp -1
2026-02-04 09:34:44,658	DiskBatteryR	T_pdb_server     	[INFO ]	Writing to registry: battery 000000000000 uAH: 941314122
2026-02-04 09:34:44,658	DiskBatteryR	T_pdb_server     	[INFO ]	Writing to registry: battery 032225d763ff uAH: 190971
2026-02-04 09:34:44,658	BMS Server  	T_pdb_server     	[DEBUG]	Target = Full
2026-02-04 09:34:44,687	PDB Server  	T_pdb_server     	[INFO ]	Sys Volts: 23343 Sys Amps: 45676
2026-02-04 09:34:44,687	PDB Server  	T_pdb_server     	[INFO ]	12V rail Volts: 11998 12V rail Amps: 577
2026-02-04 09:34:44,687	PDB Server  	T_pdb_server     	[INFO ]	Energy[Joules]: 44297.4
2026-02-04 09:34:44,687	PDB Server  	T_pdb_server     	[INFO ]	Average Power: 59.5117
2026-02-04 09:34:44,687	PDB Server  	T_pdb_server     	[INFO ]	Sys Volts average: 23959.2
2026-02-04 09:34:44,687	PDB Server  	T_pdb_server     	[INFO ]	mah from ltc4282 513.573
2026-02-04 09:34:48,873	BMS Server  	T_9BmsServer     	[DEBUG]	Battery temp -1
2026-02-04 09:34:49,814	DiskBatteryR	T_pdb_server     	[INFO ]	Writing to registry: battery 000000000000 uAH: 941379499
2026-02-04 09:34:49,814	DiskBatteryR	T_pdb_server     	[INFO ]	Writing to registry: battery 032225d763ff uAH: 190971
2026-02-04 09:34:49,814	BMS Server  	T_pdb_server     	[DEBUG]	Target = Full
2026-02-04 09:34:49,844	PDB Server  	T_pdb_server     	[INFO ]	Sys Volts: 23343 Sys Amps: 45673
2026-02-04 09:34:49,844	PDB Server  	T_pdb_server     	[INFO ]	12V rail Volts: 11998 12V rail Amps: 579
2026-02-04 09:34:49,844	PDB Server  	T_pdb_server     	[INFO ]	Energy[Joules]: 49800.7
2026-02-04 09:34:49,844	PDB Server  	T_pdb_server     	[INFO ]	Average Power: 66.4431
2026-02-04 09:34:49,844	PDB Server  	T_pdb_server     	[INFO ]	Sys Volts average: 23955
2026-02-04 09:34:49,844	PDB Server  	T_pdb_server     	[INFO ]	mah from ltc4282 577.48
2026-02-04 09:34:52,869	BMS Server  	T_9BmsServer     	[DEBUG]	Battery temp -1
2026-02-04 09:34:54,971	DiskBatteryR	T_pdb_server     	[INFO ]	Writing to registry: battery 000000000000 uAH: 941407323
2026-02-04 09:34:54,971	DiskBatteryR	T_pdb_server     	[INFO ]	Writing to registry: battery 032225d763ff uAH: 190971
2026-02-04 09:34:54,971	BMS Server  	T_pdb_server     	[DEBUG]	Target = Full
2026-02-04 09:34:55,004	PDB Server  	T_pdb_server     	[INFO ]	Sys Volts: 23977 Sys Amps: 1438
2026-02-04 09:34:55,004	PDB Server  	T_pdb_server     	[INFO ]	12V rail Volts: 11998 12V rail Amps: 578
2026-02-04 09:34:55,004	PDB Server  	T_pdb_server     	[INFO ]	Energy[Joules]: 52065.8
2026-02-04 09:34:55,005	PDB Server  	T_pdb_server     	[INFO ]	Average Power: 68.9886
2026-02-04 09:34:55,005	PDB Server  	T_pdb_server     	[INFO ]	Sys Volts average: 23953.4
2026-02-04 09:34:55,005	PDB Server  	T_pdb_server     	[INFO ]	mah from ltc4282 603.785
2026-02-04 09:34:58,184	BMS Server  	T_9BmsServer     	[DEBUG]	Battery temp -1
2026-02-04 09:35:00,139	DiskBatteryR	T_pdb_server     	[INFO ]	Writing to registry: battery 000000000000 uAH: 941409344
2026-02-04 09:35:00,139	DiskBatteryR	T_pdb_server     	[INFO ]	Writing to registry: battery 032225d763ff uAH: 190971
2026-02-04 09:35:00,139	BMS Server  	T_pdb_server     	[DEBUG]	Target = Full
2026-02-04 09:35:00,168	PDB Server  	T_pdb_server     	[INFO ]	Sys Volts: 23977 Sys Amps: 1348
2026-02-04 09:35:00,168	PDB Server  	T_pdb_server     	[INFO ]	12V rail Volts: 11998 12V rail Amps: 579
2026-02-04 09:35:00,168	PDB Server  	T_pdb_server     	[INFO ]	Energy[Joules]: 52237.6
2026-02-04 09:35:00,168	PDB Server  	T_pdb_server     	[INFO ]	Average Power: 68.7506
2026-02-04 09:35:00,169	PDB Server  	T_pdb_server     	[INFO ]	Sys Volts average: 23953.6
2026-02-04 09:35:00,169	PDB Server  	T_pdb_server     	[INFO ]	mah from ltc4282 605.774
2026-02-04 09:35:00,670	FlightTime  	T_pdb_server     	[INFO ]	flight_time 110779 current_run 20 seconds
2026-02-04 09:35:02,192	BMS Server  	T_9BmsServer     	[DEBUG]	Battery temp -1
2026-02-04 09:35:05,292	DiskBatteryR	T_pdb_server     	[INFO ]	Writing to registry: battery 000000000000 uAH: 941411297
2026-02-04 09:35:05,292	DiskBatteryR	T_pdb_server     	[INFO ]	Writing to registry: battery 032225d763ff uAH: 190971
2026-02-04 09:35:05,292	BMS Server  	T_pdb_server     	[DEBUG]	Target = Full
2026-02-04 09:35:05,319	PDB Server  	T_pdb_server     	[INFO ]	Sys Volts: 23977 Sys Amps: 1348
2026-02-04 09:35:05,319	PDB Server  	T_pdb_server     	[INFO ]	12V rail Volts: 11998 12V rail Amps: 568
2026-02-04 09:35:05,319	PDB Server  	T_pdb_server     	[INFO ]	Energy[Joules]: 52406.7
2026-02-04 09:35:05,320	PDB Server  	T_pdb_server     	[INFO ]	Average Power: 68.5063
2026-02-04 09:35:05,320	PDB Server  	T_pdb_server     	[INFO ]	Sys Volts average: 23953.7
2026-02-04 09:35:05,320	PDB Server  	T_pdb_server     	[INFO ]	mah from ltc4282 607.73
2026-02-04 09:35:07,513	BMS Server  	T_9BmsServer     	[DEBUG]	Battery temp -1
2026-02-04 09:35:10,448	DiskBatteryR	T_pdb_server     	[INFO ]	Writing to registry: battery 000000000000 uAH: 941413254
2026-02-04 09:35:10,448	DiskBatteryR	T_pdb_server     	[INFO ]	Writing to registry: battery 032225d763ff uAH: 190971
2026-02-04 09:35:10,448	BMS Server  	T_pdb_server     	[DEBUG]	Target = Full
2026-02-04 09:35:10,475	PDB Server  	T_pdb_server     	[INFO ]	Sys Volts: 23977 Sys Amps: 1438
2026-02-04 09:35:10,475	PDB Server  	T_pdb_server     	[INFO ]	12V rail Volts: 11999 12V rail Amps: 570
2026-02-04 09:35:10,475	PDB Server  	T_pdb_server     	[INFO ]	Energy[Joules]: 52575.8
2026-02-04 09:35:10,476	PDB Server  	T_pdb_server     	[INFO ]	Average Power: 68.2655
2026-02-04 09:35:10,476	PDB Server  	T_pdb_server     	[INFO ]	Sys Volts average: 23953.9
2026-02-04 09:35:10,476	PDB Server  	T_pdb_server     	[INFO ]	mah from ltc4282 609.688
2026-02-04 09:35:11,513	BMS Server  	T_9BmsServer     	[DEBUG]	Battery temp -1
2026-02-04 09:35:15,599	DiskBatteryR	T_pdb_server     	[INFO ]	Writing to registry: battery 000000000000 uAH: 941415208
2026-02-04 09:35:15,599	DiskBatteryR	T_pdb_server     	[INFO ]	Writing to registry: battery 032225d763ff uAH: 190971
2026-02-04 09:35:15,600	BMS Server  	T_pdb_server     	[DEBUG]	Target = Full
2026-02-04 09:35:15,628	PDB Server  	T_pdb_server     	[INFO ]	Sys Volts: 23977 Sys Amps: 1348
2026-02-04 09:35:15,628	PDB Server  	T_pdb_server     	[INFO ]	12V rail Volts: 11999 12V rail Amps: 577
2026-02-04 09:35:15,628	PDB Server  	T_pdb_server     	[INFO ]	Energy[Joules]: 52742.8
2026-02-04 09:35:15,629	PDB Server  	T_pdb_server     	[INFO ]	Average Power: 68.0307
2026-02-04 09:35:15,629	PDB Server  	T_pdb_server     	[INFO ]	Sys Volts average: 23954
2026-02-04 09:35:15,629	PDB Server  	T_pdb_server     	[INFO ]	mah from ltc4282 611.62
2026-02-04 09:35:16,825	BMS Server  	T_9BmsServer     	[DEBUG]	Battery temp -1
2026-02-04 09:35:20,752	DiskBatteryR	T_pdb_server     	[INFO ]	Writing to registry: battery 000000000000 uAH: 941417151
2026-02-04 09:35:20,752	DiskBatteryR	T_pdb_server     	[INFO ]	Writing to registry: battery 032225d763ff uAH: 190971
2026-02-04 09:35:20,752	BMS Server  	T_pdb_server     	[DEBUG]	Target = Full
2026-02-04 09:35:20,782	PDB Server  	T_pdb_server     	[INFO ]	Sys Volts: 23977 Sys Amps: 1348
2026-02-04 09:35:20,782	PDB Server  	T_pdb_server     	[INFO ]	12V rail Volts: 11998 12V rail Amps: 570
2026-02-04 09:35:20,782	PDB Server  	T_pdb_server     	[INFO ]	Energy[Joules]: 52911.1
2026-02-04 09:35:20,783	PDB Server  	T_pdb_server     	[INFO ]	Average Power: 67.7951
2026-02-04 09:35:20,783	PDB Server  	T_pdb_server     	[INFO ]	Sys Volts average: 23954.2
2026-02-04 09:35:20,783	PDB Server  	T_pdb_server     	[INFO ]	mah from ltc4282 613.568
2026-02-04 09:35:20,836	BMS Server  	T_9BmsServer     	[DEBUG]	Battery temp -1
2026-02-04 09:35:24,825	BMS Server  	T_9BmsServer     	[DEBUG]	Battery temp -1
2026-02-04 09:35:25,908	DiskBatteryR	T_pdb_server     	[INFO ]	Writing to registry: battery 000000000000 uAH: 941419116
2026-02-04 09:35:25,908	DiskBatteryR	T_pdb_server     	[INFO ]	Writing to registry: battery 032225d763ff uAH: 190971
2026-02-04 09:35:25,908	BMS Server  	T_pdb_server     	[DEBUG]	Target = Full
2026-02-04 09:35:25,937	PDB Server  	T_pdb_server     	[INFO ]	Sys Volts: 23977 Sys Amps: 1258
2026-02-04 09:35:25,937	PDB Server  	T_pdb_server     	[INFO ]	12V rail Volts: 11999 12V rail Amps: 575
2026-02-04 09:35:25,937	PDB Server  	T_pdb_server     	[INFO ]	Energy[Joules]: 53080.7
2026-02-04 09:35:25,937	PDB Server  	T_pdb_server     	[INFO ]	Average Power: 67.5642
2026-02-04 09:35:25,938	PDB Server  	T_pdb_server     	[INFO ]	Sys Volts average: 23954.3
2026-02-04 09:35:25,938	PDB Server  	T_pdb_server     	[INFO ]	mah from ltc4282 615.531
2026-02-04 09:35:30,153	BMS Server  	T_9BmsServer     	[DEBUG]	Battery temp -1
2026-02-04 09:35:31,061	DiskBatteryR	T_pdb_server     	[INFO ]	Writing to registry: battery 000000000000 uAH: 941421061
2026-02-04 09:35:31,061	DiskBatteryR	T_pdb_server     	[INFO ]	Writing to registry: battery 032225d763ff uAH: 190971
2026-02-04 09:35:31,061	BMS Server  	T_pdb_server     	[DEBUG]	Target = Full
2026-02-04 09:35:31,093	PDB Server  	T_pdb_server     	[INFO ]	Sys Volts: 23977 Sys Amps: 1348
2026-02-04 09:35:31,093	PDB Server  	T_pdb_server     	[INFO ]	12V rail Volts: 11999 12V rail Amps: 583
2026-02-04 09:35:31,093	PDB Server  	T_pdb_server     	[INFO ]	Energy[Joules]: 53247.2
2026-02-04 09:35:31,094	PDB Server  	T_pdb_server     	[INFO ]	Average Power: 67.338
2026-02-04 09:35:31,094	PDB Server  	T_pdb_server     	[INFO ]	Sys Volts average: 23954.5
2026-02-04 09:35:31,094	PDB Server  	T_pdb_server     	[INFO ]	mah from ltc4282 617.458
2026-02-04 09:35:34,141	BMS Server  	T_9BmsServer     	[DEBUG]	Battery temp -1
2026-02-04 09:35:36,221	DiskBatteryR	T_pdb_server     	[INFO ]	Writing to registry: battery 000000000000 uAH: 941423010
2026-02-04 09:35:36,221	DiskBatteryR	T_pdb_server     	[INFO ]	Writing to registry: battery 032225d763ff uAH: 190971
2026-02-04 09:35:36,221	BMS Server  	T_pdb_server     	[DEBUG]	Target = Full
2026-02-04 09:35:36,249	PDB Server  	T_pdb_server     	[INFO ]	Sys Volts: 23977 Sys Amps: 1348
2026-02-04 09:35:36,249	PDB Server  	T_pdb_server     	[INFO ]	12V rail Volts: 11999 12V rail Amps: 580
2026-02-04 09:35:36,249	PDB Server  	T_pdb_server     	[INFO ]	Energy[Joules]: 53415.4
2026-02-04 09:35:36,250	PDB Server  	T_pdb_server     	[INFO ]	Average Power: 67.1113
2026-02-04 09:35:36,250	PDB Server  	T_pdb_server     	[INFO ]	Sys Volts average: 23954.6
2026-02-04 09:35:36,250	PDB Server  	T_pdb_server     	[INFO ]	mah from ltc4282 619.405
2026-02-04 09:35:39,465	BMS Server  	T_9BmsServer     	[DEBUG]	Battery temp -1
2026-02-04 09:35:41,373	DiskBatteryR	T_pdb_server     	[INFO ]	Writing to registry: battery 000000000000 uAH: 941424960
2026-02-04 09:35:41,374	DiskBatteryR	T_pdb_server     	[INFO ]	Writing to registry: battery 032225d763ff uAH: 190971
2026-02-04 09:35:41,374	BMS Server  	T_pdb_server     	[DEBUG]	Target = Full
2026-02-04 09:35:41,401	PDB Server  	T_pdb_server     	[INFO ]	Sys Volts: 23977 Sys Amps: 1348
2026-02-04 09:35:41,401	PDB Server  	T_pdb_server     	[INFO ]	12V rail Volts: 11999 12V rail Amps: 583
2026-02-04 09:35:41,401	PDB Server  	T_pdb_server     	[INFO ]	Energy[Joules]: 53584.1
2026-02-04 09:35:41,401	PDB Server  	T_pdb_server     	[INFO ]	Average Power: 66.8882
2026-02-04 09:35:41,401	PDB Server  	T_pdb_server     	[INFO ]	Sys Volts average: 23954.8
2026-02-04 09:35:41,402	PDB Server  	T_pdb_server     	[INFO ]	mah from ltc4282 621.358
2026-02-04 09:35:43,453	BMS Server  	T_9BmsServer     	[DEBUG]	Battery temp -1
2026-02-04 09:35:46,528	DiskBatteryR	T_pdb_server     	[INFO ]	Writing to registry: battery 000000000000 uAH: 941426910
2026-02-04 09:35:46,528	DiskBatteryR	T_pdb_server     	[INFO ]	Writing to registry: battery 032225d763ff uAH: 190971
2026-02-04 09:35:46,528	BMS Server  	T_pdb_server     	[DEBUG]	Target = Full
2026-02-04 09:35:46,556	PDB Server  	T_pdb_server     	[INFO ]	Sys Volts: 23977 Sys Amps: 1348
2026-02-04 09:35:46,556	PDB Server  	T_pdb_server     	[INFO ]	12V rail Volts: 11998 12V rail Amps: 579
2026-02-04 09:35:46,557	PDB Server  	T_pdb_server     	[INFO ]	Energy[Joules]: 53750.8
2026-02-04 09:35:46,557	PDB Server  	T_pdb_server     	[INFO ]	Average Power: 66.6708
2026-02-04 09:35:46,557	PDB Server  	T_pdb_server     	[INFO ]	Sys Volts average: 23954.9
2026-02-04 09:35:46,557	PDB Server  	T_pdb_server     	[INFO ]	mah from ltc4282 623.286
2026-02-04 09:35:48,773	BMS Server  	T_9BmsServer     	[DEBUG]	Battery temp -1
2026-02-04 09:35:51,683	DiskBatteryR	T_pdb_server     	[INFO ]	Writing to registry: battery 000000000000 uAH: 941428870
2026-02-04 09:35:51,684	DiskBatteryR	T_pdb_server     	[INFO ]	Writing to registry: battery 032225d763ff uAH: 190971
2026-02-04 09:35:51,684	BMS Server  	T_pdb_server     	[DEBUG]	Target = Full
2026-02-04 09:35:51,711	PDB Server  	T_pdb_server     	[INFO ]	Sys Volts: 23977 Sys Amps: 1528
2026-02-04 09:35:51,711	PDB Server  	T_pdb_server     	[INFO ]	12V rail Volts: 11999 12V rail Amps: 576
2026-02-04 09:35:51,711	PDB Server  	T_pdb_server     	[INFO ]	Energy[Joules]: 53920.2
2026-02-04 09:35:51,711	PDB Server  	T_pdb_server     	[INFO ]	Average Power: 66.4542
2026-02-04 09:35:51,711	PDB Server  	T_pdb_server     	[INFO ]	Sys Volts average: 23955.1
2026-02-04 09:35:51,711	PDB Server  	T_pdb_server     	[INFO ]	mah from ltc4282 625.248
2026-02-04 09:35:52,769	BMS Server  	T_9BmsServer     	[DEBUG]	Battery temp -1
2026-02-04 09:35:56,835	DiskBatteryR	T_pdb_server     	[INFO ]	Writing to registry: battery 000000000000 uAH: 941430825
2026-02-04 09:35:56,836	DiskBatteryR	T_pdb_server     	[INFO ]	Writing to registry: battery 032225d763ff uAH: 190971
2026-02-04 09:35:56,836	BMS Server  	T_pdb_server     	[DEBUG]	Target = Full
2026-02-04 09:35:56,862	PDB Server  	T_pdb_server     	[INFO ]	Sys Volts: 23977 Sys Amps: 1438
2026-02-04 09:35:56,862	PDB Server  	T_pdb_server     	[INFO ]	12V rail Volts: 11998 12V rail Amps: 574
2026-02-04 09:35:56,862	PDB Server  	T_pdb_server     	[INFO ]	Energy[Joules]: 54087.3
2026-02-04 09:35:56,863	PDB Server  	T_pdb_server     	[INFO ]	Average Power: 66.2428
2026-02-04 09:35:56,863	PDB Server  	T_pdb_server     	[INFO ]	Sys Volts average: 23955.2
2026-02-04 09:35:56,863	PDB Server  	T_pdb_server     	[INFO ]	mah from ltc4282 627.181
2026-02-04 09:35:58,089	BMS Server  	T_9BmsServer     	[DEBUG]	Battery temp -1
2026-02-04 09:36:01,987	DiskBatteryR	T_pdb_server     	[INFO ]	Writing to registry: battery 000000000000 uAH: 941432777
2026-02-04 09:36:01,987	DiskBatteryR	T_pdb_server     	[INFO ]	Writing to registry: battery 032225d763ff uAH: 190971
2026-02-04 09:36:01,987	BMS Server  	T_pdb_server     	[DEBUG]	Target = Full
2026-02-04 09:36:02,014	PDB Server  	T_pdb_server     	[INFO ]	Sys Volts: 23969 Sys Amps: 1348
2026-02-04 09:36:02,014	PDB Server  	T_pdb_server     	[INFO ]	12V rail Volts: 11998 12V rail Amps: 580
2026-02-04 09:36:02,014	PDB Server  	T_pdb_server     	[INFO ]	Energy[Joules]: 54256.1
2026-02-04 09:36:02,014	PDB Server  	T_pdb_server     	[INFO ]	Average Power: 66.0308
2026-02-04 09:36:02,015	PDB Server  	T_pdb_server     	[INFO ]	Sys Volts average: 23955.3
2026-02-04 09:36:02,015	PDB Server  	T_pdb_server     	[INFO ]	mah from ltc4282 629.135
2026-02-04 09:36:02,081	BMS Server  	T_9BmsServer     	[DEBUG]	Battery temp -1
2026-02-04 09:36:07,141	DiskBatteryR	T_pdb_server     	[INFO ]	Writing to registry: battery 000000000000 uAH: 941434721
2026-02-04 09:36:07,141	DiskBatteryR	T_pdb_server     	[INFO ]	Writing to registry: battery 032225d763ff uAH: 190971
2026-02-04 09:36:07,141	BMS Server  	T_pdb_server     	[DEBUG]	Target = Full
2026-02-04 09:36:07,168	PDB Server  	T_pdb_server     	[INFO ]	Sys Volts: 23977 Sys Amps: 1348
2026-02-04 09:36:07,168	PDB Server  	T_pdb_server     	[INFO ]	12V rail Volts: 11998 12V rail Amps: 579
2026-02-04 09:36:07,169	PDB Server  	T_pdb_server     	[INFO ]	Energy[Joules]: 54424.4
2026-02-04 09:36:07,171	PDB Server  	T_pdb_server     	[INFO ]	Average Power: 65.8209
2026-02-04 09:36:07,171	PDB Server  	T_pdb_server     	[INFO ]	Sys Volts average: 23955.5
2026-02-04 09:36:07,171	PDB Server  	T_pdb_server     	[INFO ]	mah from ltc4282 631.083
2026-02-04 09:36:07,401	BMS Server  	T_9BmsServer     	[DEBUG]	Battery temp -1
2026-02-04 09:36:11,405	BMS Server  	T_9BmsServer     	[DEBUG]	Battery temp -1
2026-02-04 09:36:12,298	DiskBatteryR	T_pdb_server     	[INFO ]	Writing to registry: battery 000000000000 uAH: 941436668
2026-02-04 09:36:12,298	DiskBatteryR	T_pdb_server     	[INFO ]	Writing to registry: battery 032225d763ff uAH: 190971
2026-02-04 09:36:12,298	BMS Server  	T_pdb_server     	[DEBUG]	Target = Full
2026-02-04 09:36:12,326	PDB Server  	T_pdb_server     	[INFO ]	Sys Volts: 23977 Sys Amps: 1348
2026-02-04 09:36:12,326	PDB Server  	T_pdb_server     	[INFO ]	12V rail Volts: 11998 12V rail Amps: 583
2026-02-04 09:36:12,326	PDB Server  	T_pdb_server     	[INFO ]	Energy[Joules]: 54590.3
2026-02-04 09:36:12,326	PDB Server  	T_pdb_server     	[INFO ]	Average Power: 65.616
2026-02-04 09:36:12,327	PDB Server  	T_pdb_server     	[INFO ]	Sys Volts average: 23955.6
2026-02-04 09:36:12,327	PDB Server  	T_pdb_server     	[INFO ]	mah from ltc4282 633.004
2026-02-04 09:36:16,721	BMS Server  	T_9BmsServer     	[DEBUG]	Battery temp -1
2026-02-04 09:36:17,450	DiskBatteryR	T_pdb_server     	[INFO ]	Writing to registry: battery 000000000000 uAH: 941438596
2026-02-04 09:36:17,450	DiskBatteryR	T_pdb_server     	[INFO ]	Writing to registry: battery 032225d763ff uAH: 190971
2026-02-04 09:36:17,450	BMS Server  	T_pdb_server     	[DEBUG]	Target = Full
2026-02-04 09:36:17,478	PDB Server  	T_pdb_server     	[INFO ]	Sys Volts: 23969 Sys Amps: 1438
2026-02-04 09:36:17,478	PDB Server  	T_pdb_server     	[INFO ]	12V rail Volts: 11998 12V rail Amps: 581
2026-02-04 09:36:17,478	PDB Server  	T_pdb_server     	[INFO ]	Energy[Joules]: 54757.2
2026-02-04 09:36:17,478	PDB Server  	T_pdb_server     	[INFO ]	Average Power: 65.4096
2026-02-04 09:36:17,478	PDB Server  	T_pdb_server     	[INFO ]	Sys Volts average: 23955.7
2026-02-04 09:36:17,478	PDB Server  	T_pdb_server     	[INFO ]	mah from ltc4282 634.936
2026-02-04 09:36:20,713	BMS Server  	T_9BmsServer     	[DEBUG]	Battery temp -1
2026-02-04 09:36:22,601	DiskBatteryR	T_pdb_server     	[INFO ]	Writing to registry: battery 000000000000 uAH: 941440538
2026-02-04 09:36:22,601	DiskBatteryR	T_pdb_server     	[INFO ]	Writing to registry: battery 032225d763ff uAH: 190971
2026-02-04 09:36:22,601	BMS Server  	T_pdb_server     	[DEBUG]	Target = Full
2026-02-04 09:36:22,629	PDB Server  	T_pdb_server     	[INFO ]	Sys Volts: 23977 Sys Amps: 1348
2026-02-04 09:36:22,629	PDB Server  	T_pdb_server     	[INFO ]	12V rail Volts: 11998 12V rail Amps: 581
2026-02-04 09:36:22,629	PDB Server  	T_pdb_server     	[INFO ]	Energy[Joules]: 54925.6
2026-02-04 09:36:22,630	PDB Server  	T_pdb_server     	[INFO ]	Average Power: 65.2074
2026-02-04 09:36:22,630	PDB Server  	T_pdb_server     	[INFO ]	Sys Volts average: 23955.8
2026-02-04 09:36:22,630	PDB Server  	T_pdb_server     	[INFO ]	mah from ltc4282 636.885
2026-02-04 09:36:24,717	BMS Server  	T_9BmsServer     	[DEBUG]	Battery temp -1
2026-02-04 09:36:27,756	DiskBatteryR	T_pdb_server     	[INFO ]	Writing to registry: battery 000000000000 uAH: 941442489
2026-02-04 09:36:27,756	DiskBatteryR	T_pdb_server     	[INFO ]	Writing to registry: battery 032225d763ff uAH: 190971
2026-02-04 09:36:27,757	BMS Server  	T_pdb_server     	[DEBUG]	Target = Full
2026-02-04 09:36:27,786	PDB Server  	T_pdb_server     	[INFO ]	Sys Volts: 23977 Sys Amps: 1348
2026-02-04 09:36:27,786	PDB Server  	T_pdb_server     	[INFO ]	12V rail Volts: 11999 12V rail Amps: 575
2026-02-04 09:36:27,786	PDB Server  	T_pdb_server     	[INFO ]	Energy[Joules]: 55091.9
2026-02-04 09:36:27,787	PDB Server  	T_pdb_server     	[INFO ]	Average Power: 65.0103
2026-02-04 09:36:27,787	PDB Server  	T_pdb_server     	[INFO ]	Sys Volts average: 23956
2026-02-04 09:36:27,787	PDB Server  	T_pdb_server     	[INFO ]	mah from ltc4282 638.81
2026-02-04 09:36:30,029	BMS Server  	T_9BmsServer     	[DEBUG]	Battery temp -1
2026-02-04 09:36:32,913	DiskBatteryR	T_pdb_server     	[INFO ]	Writing to registry: battery 000000000000 uAH: 941444440
2026-02-04 09:36:32,913	DiskBatteryR	T_pdb_server     	[INFO ]	Writing to registry: battery 032225d763ff uAH: 190971
2026-02-04 09:36:32,913	BMS Server  	T_pdb_server     	[DEBUG]	Target = Full
2026-02-04 09:36:32,941	PDB Server  	T_pdb_server     	[INFO ]	Sys Volts: 23977 Sys Amps: 1348
2026-02-04 09:36:32,941	PDB Server  	T_pdb_server     	[INFO ]	12V rail Volts: 11998 12V rail Amps: 577
2026-02-04 09:36:32,941	PDB Server  	T_pdb_server     	[INFO ]	Energy[Joules]: 55260.5
2026-02-04 09:36:32,941	PDB Server  	T_pdb_server     	[INFO ]	Average Power: 64.8133
2026-02-04 09:36:32,941	PDB Server  	T_pdb_server     	[INFO ]	Sys Volts average: 23956.1
2026-02-04 09:36:32,941	PDB Server  	T_pdb_server     	[INFO ]	mah from ltc4282 640.762
2026-02-04 09:36:34,013	BMS Server  	T_9BmsServer     	[DEBUG]	Battery temp -1
2026-02-04 09:36:38,067	DiskBatteryR	T_pdb_server     	[INFO ]	Writing to registry: battery 000000000000 uAH: 941446382
2026-02-04 09:36:38,067	DiskBatteryR	T_pdb_server     	[INFO ]	Writing to registry: battery 032225d763ff uAH: 190971
2026-02-04 09:36:38,067	BMS Server  	T_pdb_server     	[DEBUG]	Target = Full
2026-02-04 09:36:38,094	PDB Server  	T_pdb_server     	[INFO ]	Sys Volts: 23977 Sys Amps: 1348
2026-02-04 09:36:38,094	PDB Server  	T_pdb_server     	[INFO ]	12V rail Volts: 11998 12V rail Amps: 583
2026-02-04 09:36:38,094	PDB Server  	T_pdb_server     	[INFO ]	Energy[Joules]: 55428.7
2026-02-04 09:36:38,095	PDB Server  	T_pdb_server     	[INFO ]	Average Power: 64.6182
2026-02-04 09:36:38,095	PDB Server  	T_pdb_server     	[INFO ]	Sys Volts average: 23956.2
2026-02-04 09:36:38,095	PDB Server  	T_pdb_server     	[INFO ]	mah from ltc4282 642.709
2026-02-04 09:36:39,336	BMS Server  	T_9BmsServer     	[DEBUG]	Battery temp -1
2026-02-04 09:36:43,219	DiskBatteryR	T_pdb_server     	[INFO ]	Writing to registry: battery 000000000000 uAH: 941448325
2026-02-04 09:36:43,219	DiskBatteryR	T_pdb_server     	[INFO ]	Writing to registry: battery 032225d763ff uAH: 190971
2026-02-04 09:36:43,219	BMS Server  	T_pdb_server     	[DEBUG]	Target = Full
2026-02-04 09:36:43,246	PDB Server  	T_pdb_server     	[INFO ]	Sys Volts: 23977 Sys Amps: 1348
2026-02-04 09:36:43,246	PDB Server  	T_pdb_server     	[INFO ]	12V rail Volts: 11998 12V rail Amps: 572
2026-02-04 09:36:43,246	PDB Server  	T_pdb_server     	[INFO ]	Energy[Joules]: 55594.8
2026-02-04 09:36:43,247	PDB Server  	T_pdb_server     	[INFO ]	Average Power: 64.4279
2026-02-04 09:36:43,247	PDB Server  	T_pdb_server     	[INFO ]	Sys Volts average: 23956.3
2026-02-04 09:36:43,247	PDB Server  	T_pdb_server     	[INFO ]	mah from ltc4282 644.631
2026-02-04 09:36:43,333	BMS Server  	T_9BmsServer     	[DEBUG]	Battery temp -1
2026-02-04 09:36:48,375	DiskBatteryR	T_pdb_server     	[INFO ]	Writing to registry: battery 000000000000 uAH: 941450275
2026-02-04 09:36:48,375	DiskBatteryR	T_pdb_server     	[INFO ]	Writing to registry: battery 032225d763ff uAH: 190971
2026-02-04 09:36:48,375	BMS Server  	T_pdb_server     	[DEBUG]	Target = Full
2026-02-04 09:36:48,404	PDB Server  	T_pdb_server     	[INFO ]	Sys Volts: 23977 Sys Amps: 1348
2026-02-04 09:36:48,404	PDB Server  	T_pdb_server     	[INFO ]	12V rail Volts: 11998 12V rail Amps: 570
2026-02-04 09:36:48,404	PDB Server  	T_pdb_server     	[INFO ]	Energy[Joules]: 55763.5
2026-02-04 09:36:48,405	PDB Server  	T_pdb_server     	[INFO ]	Average Power: 64.238
2026-02-04 09:36:48,405	PDB Server  	T_pdb_server     	[INFO ]	Sys Volts average: 23956.4
2026-02-04 09:36:48,405	PDB Server  	T_pdb_server     	[INFO ]	mah from ltc4282 646.585
2026-02-04 09:36:48,657	BMS Server  	T_9BmsServer     	[DEBUG]	Battery temp -1
2026-02-04 09:36:52,640	BMS Server  	T_9BmsServer     	[DEBUG]	Battery temp -1
2026-02-04 09:36:53,532	DiskBatteryR	T_pdb_server     	[INFO ]	Writing to registry: battery 000000000000 uAH: 941452218
2026-02-04 09:36:53,533	DiskBatteryR	T_pdb_server     	[INFO ]	Writing to registry: battery 032225d763ff uAH: 190971
2026-02-04 09:36:53,533	BMS Server  	T_pdb_server     	[DEBUG]	Target = Full
2026-02-04 09:36:53,561	PDB Server  	T_pdb_server     	[INFO ]	Sys Volts: 23977 Sys Amps: 1348
2026-02-04 09:36:53,561	PDB Server  	T_pdb_server     	[INFO ]	12V rail Volts: 11998 12V rail Amps: 579
2026-02-04 09:36:53,562	PDB Server  	T_pdb_server     	[INFO ]	Energy[Joules]: 55931.4
2026-02-04 09:36:53,562	PDB Server  	T_pdb_server     	[INFO ]	Average Power: 64.0495
2026-02-04 09:36:53,562	PDB Server  	T_pdb_server     	[INFO ]	Sys Volts average: 23956.6
2026-02-04 09:36:53,562	PDB Server  	T_pdb_server     	[INFO ]	mah from ltc4282 648.529
2026-02-04 09:36:57,953	BMS Server  	T_9BmsServer     	[DEBUG]	Battery temp -1
2026-02-04 09:36:58,686	DiskBatteryR	T_pdb_server     	[INFO ]	Writing to registry: battery 000000000000 uAH: 941454163
2026-02-04 09:36:58,687	DiskBatteryR	T_pdb_server     	[INFO ]	Writing to registry: battery 032225d763ff uAH: 190971
2026-02-04 09:36:58,687	BMS Server  	T_pdb_server     	[DEBUG]	Target = Full
2026-02-04 09:36:58,713	PDB Server  	T_pdb_server     	[INFO ]	Sys Volts: 23977 Sys Amps: 1348
2026-02-04 09:36:58,713	PDB Server  	T_pdb_server     	[INFO ]	12V rail Volts: 11999 12V rail Amps: 576
2026-02-04 09:36:58,713	PDB Server  	T_pdb_server     	[INFO ]	Energy[Joules]: 56097.6
2026-02-04 09:36:58,714	PDB Server  	T_pdb_server     	[INFO ]	Average Power: 63.8659
2026-02-04 09:36:58,714	PDB Server  	T_pdb_server     	[INFO ]	Sys Volts average: 23956.7
2026-02-04 09:36:58,714	PDB Server  	T_pdb_server     	[INFO ]	mah from ltc4282 650.453
2026-02-04 09:37:01,940	BMS Server  	T_9BmsServer     	[DEBUG]	Battery temp -1
2026-02-04 09:37:03,839	DiskBatteryR	T_pdb_server     	[INFO ]	Writing to registry: battery 000000000000 uAH: 941456114
2026-02-04 09:37:03,839	DiskBatteryR	T_pdb_server     	[INFO ]	Writing to registry: battery 032225d763ff uAH: 190971
2026-02-04 09:37:03,839	BMS Server  	T_pdb_server     	[DEBUG]	Target = Full
2026-02-04 09:37:03,866	PDB Server  	T_pdb_server     	[INFO ]	Sys Volts: 23977 Sys Amps: 1348
2026-02-04 09:37:03,867	PDB Server  	T_pdb_server     	[INFO ]	12V rail Volts: 11998 12V rail Amps: 583
2026-02-04 09:37:03,867	PDB Server  	T_pdb_server     	[INFO ]	Energy[Joules]: 56266.5
2026-02-04 09:37:03,868	PDB Server  	T_pdb_server     	[INFO ]	Average Power: 63.6829
2026-02-04 09:37:03,868	PDB Server  	T_pdb_server     	[INFO ]	Sys Volts average: 23956.8
2026-02-04 09:37:03,868	PDB Server  	T_pdb_server     	[INFO ]	mah from ltc4282 652.408
2026-02-04 09:37:07,264	BMS Server  	T_9BmsServer     	[DEBUG]	Battery temp -1
2026-02-04 09:37:08,998	DiskBatteryR	T_pdb_server     	[INFO ]	Writing to registry: battery 000000000000 uAH: 941458074
2026-02-04 09:37:08,998	DiskBatteryR	T_pdb_server     	[INFO ]	Writing to registry: battery 032225d763ff uAH: 190971
2026-02-04 09:37:08,998	BMS Server  	T_pdb_server     	[DEBUG]	Target = Full
2026-02-04 09:37:09,025	PDB Server  	T_pdb_server     	[INFO ]	Sys Volts: 23977 Sys Amps: 1348
2026-02-04 09:37:09,025	PDB Server  	T_pdb_server     	[INFO ]	12V rail Volts: 11999 12V rail Amps: 577
2026-02-04 09:37:09,025	PDB Server  	T_pdb_server     	[INFO ]	Energy[Joules]: 56435.7
2026-02-04 09:37:09,026	PDB Server  	T_pdb_server     	[INFO ]	Average Power: 63.5022
2026-02-04 09:37:09,026	PDB Server  	T_pdb_server     	[INFO ]	Sys Volts average: 23956.9
2026-02-04 09:37:09,026	PDB Server  	T_pdb_server     	[INFO ]	mah from ltc4282 654.367
2026-02-04 09:37:11,256	BMS Server  	T_9BmsServer     	[DEBUG]	Battery temp -1
2026-02-04 09:37:14,152	DiskBatteryR	T_pdb_server     	[INFO ]	Writing to registry: battery 000000000000 uAH: 941460009
2026-02-04 09:37:14,152	DiskBatteryR	T_pdb_server     	[INFO ]	Writing to registry: battery 032225d763ff uAH: 190971
2026-02-04 09:37:14,152	BMS Server  	T_pdb_server     	[DEBUG]	Target = Full
2026-02-04 09:37:14,180	PDB Server  	T_pdb_server     	[INFO ]	Sys Volts: 23977 Sys Amps: 1348
2026-02-04 09:37:14,180	PDB Server  	T_pdb_server     	[INFO ]	12V rail Volts: 11998 12V rail Amps: 573
2026-02-04 09:37:14,180	PDB Server  	T_pdb_server     	[INFO ]	Energy[Joules]: 56601.1
2026-02-04 09:37:14,180	PDB Server  	T_pdb_server     	[INFO ]	Average Power: 63.3241
2026-02-04 09:37:14,180	PDB Server  	T_pdb_server     	[INFO ]	Sys Volts average: 23957
2026-02-04 09:37:14,180	PDB Server  	T_pdb_server     	[INFO ]	mah from ltc4282 656.281
2026-02-04 09:37:16,577	BMS Server  	T_9BmsServer     	[DEBUG]	Battery temp -1
2026-02-04 09:37:19,306	DiskBatteryR	T_pdb_server     	[INFO ]	Writing to registry: battery 000000000000 uAH: 941461952
2026-02-04 09:37:19,306	DiskBatteryR	T_pdb_server     	[INFO ]	Writing to registry: battery 032225d763ff uAH: 190971
2026-02-04 09:37:19,306	BMS Server  	T_pdb_server     	[DEBUG]	Target = Full
2026-02-04 09:37:19,333	PDB Server  	T_pdb_server     	[INFO ]	Sys Volts: 23977 Sys Amps: 1348
2026-02-04 09:37:19,333	PDB Server  	T_pdb_server     	[INFO ]	12V rail Volts: 11999 12V rail Amps: 575
2026-02-04 09:37:19,333	PDB Server  	T_pdb_server     	[INFO ]	Energy[Joules]: 56769.4
2026-02-04 09:37:19,334	PDB Server  	T_pdb_server     	[INFO ]	Average Power: 63.1466
2026-02-04 09:37:19,334	PDB Server  	T_pdb_server     	[INFO ]	Sys Volts average: 23957.1
2026-02-04 09:37:19,334	PDB Server  	T_pdb_server     	[INFO ]	mah from ltc4282 658.23
2026-02-04 09:37:20,569	BMS Server  	T_9BmsServer     	[DEBUG]	Battery temp -1
2026-02-04 09:37:24,456	DiskBatteryR	T_pdb_server     	[INFO ]	Writing to registry: battery 000000000000 uAH: 941463902
2026-02-04 09:37:24,457	DiskBatteryR	T_pdb_server     	[INFO ]	Writing to registry: battery 032225d763ff uAH: 190971
2026-02-04 09:37:24,457	BMS Server  	T_pdb_server     	[DEBUG]	Target = Full
2026-02-04 09:37:24,484	PDB Server  	T_pdb_server     	[INFO ]	Sys Volts: 23977 Sys Amps: 1258
2026-02-04 09:37:24,484	PDB Server  	T_pdb_server     	[INFO ]	12V rail Volts: 11998 12V rail Amps: 576
2026-02-04 09:37:24,484	PDB Server  	T_pdb_server     	[INFO ]	Energy[Joules]: 56935.8
2026-02-04 09:37:24,485	PDB Server  	T_pdb_server     	[INFO ]	Average Power: 62.9736
2026-02-04 09:37:24,485	PDB Server  	T_pdb_server     	[INFO ]	Sys Volts average: 23957.2
2026-02-04 09:37:24,485	PDB Server  	T_pdb_server     	[INFO ]	mah from ltc4282 660.156
2026-02-04 09:37:25,909	BMS Server  	T_9BmsServer     	[DEBUG]	Battery temp -1
2026-02-04 09:37:29,614	DiskBatteryR	T_pdb_server     	[INFO ]	Writing to registry: battery 000000000000 uAH: 941465844
2026-02-04 09:37:29,614	DiskBatteryR	T_pdb_server     	[INFO ]	Writing to registry: battery 032225d763ff uAH: 190971
2026-02-04 09:37:29,614	BMS Server  	T_pdb_server     	[DEBUG]	Target = Full
2026-02-04 09:37:29,642	PDB Server  	T_pdb_server     	[INFO ]	Sys Volts: 23977 Sys Amps: 1348
2026-02-04 09:37:29,642	PDB Server  	T_pdb_server     	[INFO ]	12V rail Volts: 11998 12V rail Amps: 579
2026-02-04 09:37:29,642	PDB Server  	T_pdb_server     	[INFO ]	Energy[Joules]: 57103.8
2026-02-04 09:37:29,642	PDB Server  	T_pdb_server     	[INFO ]	Average Power: 62.7999
2026-02-04 09:37:29,642	PDB Server  	T_pdb_server     	[INFO ]	Sys Volts average: 23957.3
2026-02-04 09:37:29,642	PDB Server  	T_pdb_server     	[INFO ]	mah from ltc4282 662.101
2026-02-04 09:37:29,913	BMS Server  	T_9BmsServer     	[DEBUG]	Battery temp -1
2026-02-04 09:37:33,909	BMS Server  	T_9BmsServer     	[DEBUG]	Battery temp -1
2026-02-04 09:37:34,772	DiskBatteryR	T_pdb_server     	[INFO ]	Writing to registry: battery 000000000000 uAH: 941467789
2026-02-04 09:37:34,772	DiskBatteryR	T_pdb_server     	[INFO ]	Writing to registry: battery 032225d763ff uAH: 190971
2026-02-04 09:37:34,772	BMS Server  	T_pdb_server     	[DEBUG]	Target = Full
2026-02-04 09:37:34,800	PDB Server  	T_pdb_server     	[INFO ]	Sys Volts: 23977 Sys Amps: 1258
2026-02-04 09:37:34,800	PDB Server  	T_pdb_server     	[INFO ]	12V rail Volts: 11998 12V rail Amps: 585
2026-02-04 09:37:34,800	PDB Server  	T_pdb_server     	[INFO ]	Energy[Joules]: 57271.8
2026-02-04 09:37:34,800	PDB Server  	T_pdb_server     	[INFO ]	Average Power: 62.6281
2026-02-04 09:37:34,800	PDB Server  	T_pdb_server     	[INFO ]	Sys Volts average: 23957.4
2026-02-04 09:37:34,800	PDB Server  	T_pdb_server     	[INFO ]	mah from ltc4282 664.047
2026-02-04 09:37:39,225	BMS Server  	T_9BmsServer     	[DEBUG]	Battery temp -1
2026-02-04 09:37:39,923	DiskBatteryR	T_pdb_server     	[INFO ]	Writing to registry: battery 000000000000 uAH: 941469734
2026-02-04 09:37:39,923	DiskBatteryR	T_pdb_server     	[INFO ]	Writing to registry: battery 032225d763ff uAH: 190971
2026-02-04 09:37:39,924	BMS Server  	T_pdb_server     	[DEBUG]	Target = Full
2026-02-04 09:37:39,952	PDB Server  	T_pdb_server     	[INFO ]	Sys Volts: 23977 Sys Amps: 1438
2026-02-04 09:37:39,953	PDB Server  	T_pdb_server     	[INFO ]	12V rail Volts: 11998 12V rail Amps: 583
2026-02-04 09:37:39,953	PDB Server  	T_pdb_server     	[INFO ]	Energy[Joules]: 57440.3
2026-02-04 09:37:39,953	PDB Server  	T_pdb_server     	[INFO ]	Average Power: 62.4587
2026-02-04 09:37:39,953	PDB Server  	T_pdb_server     	[INFO ]	Sys Volts average: 23957.5
2026-02-04 09:37:39,953	PDB Server  	T_pdb_server     	[INFO ]	mah from ltc4282 665.997
2026-02-04 09:37:43,217	BMS Server  	T_9BmsServer     	[DEBUG]	Battery temp -1
2026-02-04 09:37:45,077	DiskBatteryR	T_pdb_server     	[INFO ]	Writing to registry: battery 000000000000 uAH: 941471683
2026-02-04 09:37:45,077	DiskBatteryR	T_pdb_server     	[INFO ]	Writing to registry: battery 032225d763ff uAH: 190971
2026-02-04 09:37:45,077	BMS Server  	T_pdb_server     	[DEBUG]	Target = Full
2026-02-04 09:37:45,106	PDB Server  	T_pdb_server     	[INFO ]	Sys Volts: 23977 Sys Amps: 1348
2026-02-04 09:37:45,106	PDB Server  	T_pdb_server     	[INFO ]	12V rail Volts: 11998 12V rail Amps: 576
2026-02-04 09:37:45,107	PDB Server  	T_pdb_server     	[INFO ]	Energy[Joules]: 57606.8
2026-02-04 09:37:45,107	PDB Server  	T_pdb_server     	[INFO ]	Average Power: 62.2935
2026-02-04 09:37:45,107	PDB Server  	T_pdb_server     	[INFO ]	Sys Volts average: 23957.6
2026-02-04 09:37:45,107	PDB Server  	T_pdb_server     	[INFO ]	mah from ltc4282 667.925
2026-02-04 09:37:48,529	BMS Server  	T_9BmsServer     	[DEBUG]	Battery temp -1
2026-02-04 09:37:50,231	DiskBatteryR	T_pdb_server     	[INFO ]	Writing to registry: battery 000000000000 uAH: 941473636
2026-02-04 09:37:50,231	DiskBatteryR	T_pdb_server     	[INFO ]	Writing to registry: battery 032225d763ff uAH: 190971
2026-02-04 09:37:50,231	BMS Server  	T_pdb_server     	[DEBUG]	Target = Full
2026-02-04 09:37:50,258	PDB Server  	T_pdb_server     	[INFO ]	Sys Volts: 23977 Sys Amps: 1438
2026-02-04 09:37:50,258	PDB Server  	T_pdb_server     	[INFO ]	12V rail Volts: 11999 12V rail Amps: 578
2026-02-04 09:37:50,258	PDB Server  	T_pdb_server     	[INFO ]	Energy[Joules]: 57775.8
2026-02-04 09:37:50,259	PDB Server  	T_pdb_server     	[INFO ]	Average Power: 62.1284
2026-02-04 09:37:50,259	PDB Server  	T_pdb_server     	[INFO ]	Sys Volts average: 23957.7
2026-02-04 09:37:50,259	PDB Server  	T_pdb_server     	[INFO ]	mah from ltc4282 669.882
2026-02-04 09:37:52,525	BMS Server  	T_9BmsServer     	[DEBUG]	Battery temp -1
2026-02-04 09:37:55,382	DiskBatteryR	T_pdb_server     	[INFO ]	Writing to registry: battery 000000000000 uAH: 941475593
2026-02-04 09:37:55,382	DiskBatteryR	T_pdb_server     	[INFO ]	Writing to registry: battery 032225d763ff uAH: 190971
2026-02-04 09:37:55,382	BMS Server  	T_pdb_server     	[DEBUG]	Target = Full
2026-02-04 09:37:55,409	PDB Server  	T_pdb_server     	[INFO ]	Sys Volts: 23977 Sys Amps: 1348
2026-02-04 09:37:55,409	PDB Server  	T_pdb_server     	[INFO ]	12V rail Volts: 11999 12V rail Amps: 584
2026-02-04 09:37:55,409	PDB Server  	T_pdb_server     	[INFO ]	Energy[Joules]: 57943
2026-02-04 09:37:55,409	PDB Server  	T_pdb_server     	[INFO ]	Average Power: 61.9676
2026-02-04 09:37:55,409	PDB Server  	T_pdb_server     	[INFO ]	Sys Volts average: 23957.8
2026-02-04 09:37:55,409	PDB Server  	T_pdb_server     	[INFO ]	mah from ltc4282 671.817
2026-02-04 09:37:57,845	BMS Server  	T_9BmsServer     	[DEBUG]	Battery temp -1
2026-02-04 09:38:00,534	DiskBatteryR	T_pdb_server     	[INFO ]	Writing to registry: battery 000000000000 uAH: 941477539
2026-02-04 09:38:00,534	DiskBatteryR	T_pdb_server     	[INFO ]	Writing to registry: battery 032225d763ff uAH: 190971
2026-02-04 09:38:00,534	BMS Server  	T_pdb_server     	[DEBUG]	Target = Full
2026-02-04 09:38:00,561	PDB Server  	T_pdb_server     	[INFO ]	Sys Volts: 23977 Sys Amps: 1348
2026-02-04 09:38:00,561	PDB Server  	T_pdb_server     	[INFO ]	12V rail Volts: 11998 12V rail Amps: 585
2026-02-04 09:38:00,561	PDB Server  	T_pdb_server     	[INFO ]	Energy[Joules]: 58111.5
2026-02-04 09:38:00,561	PDB Server  	T_pdb_server     	[INFO ]	Average Power: 61.8056
2026-02-04 09:38:00,561	PDB Server  	T_pdb_server     	[INFO ]	Sys Volts average: 23957.9
2026-02-04 09:38:00,561	PDB Server  	T_pdb_server     	[INFO ]	mah from ltc4282 673.768
2026-02-04 09:38:01,837	BMS Server  	T_9BmsServer     	[DEBUG]	Battery temp -1
2026-02-04 09:38:05,688	DiskBatteryR	T_pdb_server     	[INFO ]	Writing to registry: battery 000000000000 uAH: 941479496
2026-02-04 09:38:05,688	DiskBatteryR	T_pdb_server     	[INFO ]	Writing to registry: battery 032225d763ff uAH: 190971
2026-02-04 09:38:05,688	BMS Server  	T_pdb_server     	[DEBUG]	Target = Full
2026-02-04 09:38:05,716	PDB Server  	T_pdb_server     	[INFO ]	Sys Volts: 23977 Sys Amps: 1348
2026-02-04 09:38:05,716	PDB Server  	T_pdb_server     	[INFO ]	12V rail Volts: 11998 12V rail Amps: 581
2026-02-04 09:38:05,716	PDB Server  	T_pdb_server     	[INFO ]	Energy[Joules]: 58280.8
2026-02-04 09:38:05,716	PDB Server  	T_pdb_server     	[INFO ]	Average Power: 61.6462
2026-02-04 09:38:05,716	PDB Server  	T_pdb_server     	[INFO ]	Sys Volts average: 23958
2026-02-04 09:38:05,716	PDB Server  	T_pdb_server     	[INFO ]	mah from ltc4282 675.728
2026-02-04 09:38:07,153	BMS Server  	T_9BmsServer     	[DEBUG]	Battery temp -1
2026-02-04 09:38:10,842	DiskBatteryR	T_pdb_server     	[INFO ]	Writing to registry: battery 000000000000 uAH: 941481444
2026-02-04 09:38:10,842	DiskBatteryR	T_pdb_server     	[INFO ]	Writing to registry: battery 032225d763ff uAH: 190971
2026-02-04 09:38:10,842	BMS Server  	T_pdb_server     	[DEBUG]	Target = Full
2026-02-04 09:38:10,870	PDB Server  	T_pdb_server     	[INFO ]	Sys Volts: 23969 Sys Amps: 1348
2026-02-04 09:38:10,870	PDB Server  	T_pdb_server     	[INFO ]	12V rail Volts: 11998 12V rail Amps: 580
2026-02-04 09:38:10,870	PDB Server  	T_pdb_server     	[INFO ]	Energy[Joules]: 58447.3
2026-02-04 09:38:10,870	PDB Server  	T_pdb_server     	[INFO ]	Average Power: 61.4898
2026-02-04 09:38:10,870	PDB Server  	T_pdb_server     	[INFO ]	Sys Volts average: 23958.1
2026-02-04 09:38:10,871	PDB Server  	T_pdb_server     	[INFO ]	mah from ltc4282 677.656
2026-02-04 09:38:11,144	BMS Server  	T_9BmsServer     	[DEBUG]	Battery temp -1
2026-02-04 09:38:15,994	DiskBatteryR	T_pdb_server     	[INFO ]	Writing to registry: battery 000000000000 uAH: 941483385
2026-02-04 09:38:15,995	DiskBatteryR	T_pdb_server     	[INFO ]	Writing to registry: battery 032225d763ff uAH: 190971
2026-02-04 09:38:15,995	BMS Server  	T_pdb_server     	[DEBUG]	Target = Full
2026-02-04 09:38:16,022	PDB Server  	T_pdb_server     	[INFO ]	Sys Volts: 23977 Sys Amps: 1348
2026-02-04 09:38:16,022	PDB Server  	T_pdb_server     	[INFO ]	12V rail Volts: 11999 12V rail Amps: 576
2026-02-04 09:38:16,022	PDB Server  	T_pdb_server     	[INFO ]	Energy[Joules]: 58615.3
2026-02-04 09:38:16,023	PDB Server  	T_pdb_server     	[INFO ]	Average Power: 61.3326
2026-02-04 09:38:16,023	PDB Server  	T_pdb_server     	[INFO ]	Sys Volts average: 23958.2
2026-02-04 09:38:16,023	PDB Server  	T_pdb_server     	[INFO ]	mah from ltc4282 679.601
2026-02-04 09:38:16,464	BMS Server  	T_9BmsServer     	[DEBUG]	Battery temp -1
2026-02-04 09:38:20,453	BMS Server  	T_9BmsServer     	[DEBUG]	Battery temp -1
2026-02-04 09:38:21,153	DiskBatteryR	T_pdb_server     	[INFO ]	Writing to registry: battery 000000000000 uAH: 941485335
2026-02-04 09:38:21,153	DiskBatteryR	T_pdb_server     	[INFO ]	Writing to registry: battery 032225d763ff uAH: 190971
2026-02-04 09:38:21,153	BMS Server  	T_pdb_server     	[DEBUG]	Target = Full
2026-02-04 09:38:21,180	PDB Server  	T_pdb_server     	[INFO ]	Sys Volts: 23969 Sys Amps: 1348
2026-02-04 09:38:21,180	PDB Server  	T_pdb_server     	[INFO ]	12V rail Volts: 11999 12V rail Amps: 577
2026-02-04 09:38:21,180	PDB Server  	T_pdb_server     	[INFO ]	Energy[Joules]: 58783.9
2026-02-04 09:38:21,180	PDB Server  	T_pdb_server     	[INFO ]	Average Power: 61.1775
2026-02-04 09:38:21,180	PDB Server  	T_pdb_server     	[INFO ]	Sys Volts average: 23958.3
2026-02-04 09:38:21,180	PDB Server  	T_pdb_server     	[INFO ]	mah from ltc4282 681.553
2026-02-04 09:38:25,781	BMS Server  	T_9BmsServer     	[DEBUG]	Battery temp -1
2026-02-04 09:38:26,304	DiskBatteryR	T_pdb_server     	[INFO ]	Writing to registry: battery 000000000000 uAH: 941487274
2026-02-04 09:38:26,304	DiskBatteryR	T_pdb_server     	[INFO ]	Writing to registry: battery 032225d763ff uAH: 190971
2026-02-04 09:38:26,304	BMS Server  	T_pdb_server     	[DEBUG]	Target = Full
2026-02-04 09:38:26,331	PDB Server  	T_pdb_server     	[INFO ]	Sys Volts: 23969 Sys Amps: 1438
2026-02-04 09:38:26,331	PDB Server  	T_pdb_server     	[INFO ]	12V rail Volts: 11998 12V rail Amps: 571
2026-02-04 09:38:26,331	PDB Server  	T_pdb_server     	[INFO ]	Energy[Joules]: 58949.9
2026-02-04 09:38:26,332	PDB Server  	T_pdb_server     	[INFO ]	Average Power: 61.0256
2026-02-04 09:38:26,332	PDB Server  	T_pdb_server     	[INFO ]	Sys Volts average: 23958.4
2026-02-04 09:38:26,332	PDB Server  	T_pdb_server     	[INFO ]	mah from ltc4282 683.474
2026-02-04 09:38:29,781	BMS Server  	T_9BmsServer     	[DEBUG]	Battery temp -1
2026-02-04 09:38:31,457	DiskBatteryR	T_pdb_server     	[INFO ]	Writing to registry: battery 000000000000 uAH: 941489219
2026-02-04 09:38:31,457	DiskBatteryR	T_pdb_server     	[INFO ]	Writing to registry: battery 032225d763ff uAH: 190971
2026-02-04 09:38:31,458	BMS Server  	T_pdb_server     	[DEBUG]	Target = Full
2026-02-04 09:38:31,485	PDB Server  	T_pdb_server     	[INFO ]	Sys Volts: 23977 Sys Amps: 1348
2026-02-04 09:38:31,485	PDB Server  	T_pdb_server     	[INFO ]	12V rail Volts: 11998 12V rail Amps: 573
2026-02-04 09:38:31,485	PDB Server  	T_pdb_server     	[INFO ]	Energy[Joules]: 59117.7
2026-02-04 09:38:31,485	PDB Server  	T_pdb_server     	[INFO ]	Average Power: 60.8731
2026-02-04 09:38:31,486	PDB Server  	T_pdb_server     	[INFO ]	Sys Volts average: 23958.5
2026-02-04 09:38:31,486	PDB Server  	T_pdb_server     	[INFO ]	mah from ltc4282 685.419
2026-02-04 09:38:33,793	BMS Server  	T_9BmsServer     	[DEBUG]	Battery temp -1
2026-02-04 09:38:36,609	DiskBatteryR	T_pdb_server     	[INFO ]	Writing to registry: battery 000000000000 uAH: 941491167
2026-02-04 09:38:36,610	DiskBatteryR	T_pdb_server     	[INFO ]	Writing to registry: battery 032225d763ff uAH: 190971
2026-02-04 09:38:36,610	BMS Server  	T_pdb_server     	[DEBUG]	Target = Full
2026-02-04 09:38:36,636	PDB Server  	T_pdb_server     	[INFO ]	Sys Volts: 23969 Sys Amps: 1348
2026-02-04 09:38:36,636	PDB Server  	T_pdb_server     	[INFO ]	12V rail Volts: 11998 12V rail Amps: 579
2026-02-04 09:38:36,636	PDB Server  	T_pdb_server     	[INFO ]	Energy[Joules]: 59284.2
2026-02-04 09:38:36,637	PDB Server  	T_pdb_server     	[INFO ]	Average Power: 60.7249
2026-02-04 09:38:36,637	PDB Server  	T_pdb_server     	[INFO ]	Sys Volts average: 23958.5
2026-02-04 09:38:36,637	PDB Server  	T_pdb_server     	[INFO ]	mah from ltc4282 687.347
2026-02-04 09:38:39,113	BMS Server  	T_9BmsServer     	[DEBUG]	Battery temp -1
2026-02-04 09:38:41,762	DiskBatteryR	T_pdb_server     	[INFO ]	Writing to registry: battery 000000000000 uAH: 941493103
2026-02-04 09:38:41,762	DiskBatteryR	T_pdb_server     	[INFO ]	Writing to registry: battery 032225d763ff uAH: 190971
2026-02-04 09:38:41,762	BMS Server  	T_pdb_server     	[DEBUG]	Target = Full
2026-02-04 09:38:41,789	PDB Server  	T_pdb_server     	[INFO ]	Sys Volts: 23977 Sys Amps: 1438
2026-02-04 09:38:41,789	PDB Server  	T_pdb_server     	[INFO ]	12V rail Volts: 11999 12V rail Amps: 583
2026-02-04 09:38:41,789	PDB Server  	T_pdb_server     	[INFO ]	Energy[Joules]: 59452.2
2026-02-04 09:38:41,790	PDB Server  	T_pdb_server     	[INFO ]	Average Power: 60.5758
2026-02-04 09:38:41,790	PDB Server  	T_pdb_server     	[INFO ]	Sys Volts average: 23958.6
2026-02-04 09:38:41,790	PDB Server  	T_pdb_server     	[INFO ]	mah from ltc4282 689.293
2026-02-04 09:38:43,105	BMS Server  	T_9BmsServer     	[DEBUG]	Battery temp -1
2026-02-04 09:38:46,918	DiskBatteryR	T_pdb_server     	[INFO ]	Writing to registry: battery 000000000000 uAH: 941495059
2026-02-04 09:38:46,918	DiskBatteryR	T_pdb_server     	[INFO ]	Writing to registry: battery 032225d763ff uAH: 190971
2026-02-04 09:38:46,918	BMS Server  	T_pdb_server     	[DEBUG]	Target = Full
2026-02-04 09:38:46,946	PDB Server  	T_pdb_server     	[INFO ]	Sys Volts: 23977 Sys Amps: 1348
2026-02-04 09:38:46,946	PDB Server  	T_pdb_server     	[INFO ]	12V rail Volts: 11998 12V rail Amps: 583
2026-02-04 09:38:46,946	PDB Server  	T_pdb_server     	[INFO ]	Energy[Joules]: 59620.9
2026-02-04 09:38:46,947	PDB Server  	T_pdb_server     	[INFO ]	Average Power: 60.4289
2026-02-04 09:38:46,947	PDB Server  	T_pdb_server     	[INFO ]	Sys Volts average: 23958.7
2026-02-04 09:38:46,947	PDB Server  	T_pdb_server     	[INFO ]	mah from ltc4282 691.246
2026-02-04 09:38:48,425	BMS Server  	T_9BmsServer     	[DEBUG]	Battery temp -1
2026-02-04 09:38:52,069	DiskBatteryR	T_pdb_server     	[INFO ]	Writing to registry: battery 000000000000 uAH: 941496998
2026-02-04 09:38:52,069	DiskBatteryR	T_pdb_server     	[INFO ]	Writing to registry: battery 032225d763ff uAH: 190971
2026-02-04 09:38:52,069	BMS Server  	T_pdb_server     	[DEBUG]	Target = Full
2026-02-04 09:38:52,097	PDB Server  	T_pdb_server     	[INFO ]	Sys Volts: 23969 Sys Amps: 1348
2026-02-04 09:38:52,097	PDB Server  	T_pdb_server     	[INFO ]	12V rail Volts: 11998 12V rail Amps: 582
2026-02-04 09:38:52,097	PDB Server  	T_pdb_server     	[INFO ]	Energy[Joules]: 59786.7
2026-02-04 09:38:52,097	PDB Server  	T_pdb_server     	[INFO ]	Average Power: 60.2846
2026-02-04 09:38:52,097	PDB Server  	T_pdb_server     	[INFO ]	Sys Volts average: 23958.8
2026-02-04 09:38:52,097	PDB Server  	T_pdb_server     	[INFO ]	mah from ltc4282 693.166
2026-02-04 09:38:52,413	BMS Server  	T_9BmsServer     	[DEBUG]	Battery temp -1
2026-02-04 09:38:57,220	DiskBatteryR	T_pdb_server     	[INFO ]	Writing to registry: battery 000000000000 uAH: 941498924
2026-02-04 09:38:57,220	DiskBatteryR	T_pdb_server     	[INFO ]	Writing to registry: battery 032225d763ff uAH: 190971
2026-02-04 09:38:57,220	BMS Server  	T_pdb_server     	[DEBUG]	Target = Full
2026-02-04 09:38:57,246	PDB Server  	T_pdb_server     	[INFO ]	Sys Volts: 23969 Sys Amps: 1348
2026-02-04 09:38:57,246	PDB Server  	T_pdb_server     	[INFO ]	12V rail Volts: 11998 12V rail Amps: 583
2026-02-04 09:38:57,246	PDB Server  	T_pdb_server     	[INFO ]	Energy[Joules]: 59953.5
2026-02-04 09:38:57,247	PDB Server  	T_pdb_server     	[INFO ]	Average Power: 60.1388
2026-02-04 09:38:57,247	PDB Server  	T_pdb_server     	[INFO ]	Sys Volts average: 23958.9
2026-02-04 09:38:57,247	PDB Server  	T_pdb_server     	[INFO ]	mah from ltc4282 695.097
2026-02-04 09:38:57,741	BMS Server  	T_9BmsServer     	[DEBUG]	Battery temp -1
2026-02-04 09:39:01,725	BMS Server  	T_9BmsServer     	[DEBUG]	Battery temp -1
2026-02-04 09:39:02,372	DiskBatteryR	T_pdb_server     	[INFO ]	Writing to registry: battery 000000000000 uAH: 941500868
2026-02-04 09:39:02,373	DiskBatteryR	T_pdb_server     	[INFO ]	Writing to registry: battery 032225d763ff uAH: 190971
2026-02-04 09:39:02,374	BMS Server  	T_pdb_server     	[DEBUG]	Target = Full
2026-02-04 09:39:02,401	PDB Server  	T_pdb_server     	[INFO ]	Sys Volts: 23977 Sys Amps: 1348
2026-02-04 09:39:02,402	PDB Server  	T_pdb_server     	[INFO ]	12V rail Volts: 11998 12V rail Amps: 583
2026-02-04 09:39:02,402	PDB Server  	T_pdb_server     	[INFO ]	Energy[Joules]: 60121.5
2026-02-04 09:39:02,403	PDB Server  	T_pdb_server     	[INFO ]	Average Power: 59.9957
2026-02-04 09:39:02,403	PDB Server  	T_pdb_server     	[INFO ]	Sys Volts average: 23958.9
2026-02-04 09:39:02,403	PDB Server  	T_pdb_server     	[INFO ]	mah from ltc4282 697.043
2026-02-04 09:39:07,041	BMS Server  	T_9BmsServer     	[DEBUG]	Battery temp -1
2026-02-04 09:39:07,529	DiskBatteryR	T_pdb_server     	[INFO ]	Writing to registry: battery 000000000000 uAH: 941502805
2026-02-04 09:39:07,529	DiskBatteryR	T_pdb_server     	[INFO ]	Writing to registry: battery 032225d763ff uAH: 190971
2026-02-04 09:39:07,529	BMS Server  	T_pdb_server     	[DEBUG]	Target = Full
2026-02-04 09:39:07,555	PDB Server  	T_pdb_server     	[INFO ]	Sys Volts: 23977 Sys Amps: 1348
2026-02-04 09:39:07,556	PDB Server  	T_pdb_server     	[INFO ]	12V rail Volts: 11998 12V rail Amps: 581
2026-02-04 09:39:07,556	PDB Server  	T_pdb_server     	[INFO ]	Energy[Joules]: 60287.1
2026-02-04 09:39:07,556	PDB Server  	T_pdb_server     	[INFO ]	Average Power: 59.8557
2026-02-04 09:39:07,556	PDB Server  	T_pdb_server     	[INFO ]	Sys Volts average: 23959
2026-02-04 09:39:07,556	PDB Server  	T_pdb_server     	[INFO ]	mah from ltc4282 698.962
2026-02-04 09:39:11,036	BMS Server  	T_9BmsServer     	[DEBUG]	Battery temp -1
2026-02-04 09:39:12,680	DiskBatteryR	T_pdb_server     	[INFO ]	Writing to registry: battery 000000000000 uAH: 941504750
2026-02-04 09:39:12,680	DiskBatteryR	T_pdb_server     	[INFO ]	Writing to registry: battery 032225d763ff uAH: 190971
2026-02-04 09:39:12,681	BMS Server  	T_pdb_server     	[DEBUG]	Target = Full
2026-02-04 09:39:12,708	PDB Server  	T_pdb_server     	[INFO ]	Sys Volts: 23969 Sys Amps: 1348
2026-02-04 09:39:12,708	PDB Server  	T_pdb_server     	[INFO ]	12V rail Volts: 11998 12V rail Amps: 579
2026-02-04 09:39:12,708	PDB Server  	T_pdb_server     	[INFO ]	Energy[Joules]: 60455.7
2026-02-04 09:39:12,708	PDB Server  	T_pdb_server     	[INFO ]	Average Power: 59.7161
2026-02-04 09:39:12,708	PDB Server  	T_pdb_server     	[INFO ]	Sys Volts average: 23959.1
2026-02-04 09:39:12,708	PDB Server  	T_pdb_server     	[INFO ]	mah from ltc4282 700.914
2026-02-04 09:39:16,357	BMS Server  	T_9BmsServer     	[DEBUG]	Battery temp -1
2026-02-04 09:39:17,832	DiskBatteryR	T_pdb_server     	[INFO ]	Writing to registry: battery 000000000000 uAH: 941506701
2026-02-04 09:39:17,833	DiskBatteryR	T_pdb_server     	[INFO ]	Writing to registry: battery 032225d763ff uAH: 190971
2026-02-04 09:39:17,833	BMS Server  	T_pdb_server     	[DEBUG]	Target = Full
2026-02-04 09:39:17,861	PDB Server  	T_pdb_server     	[INFO ]	Sys Volts: 23969 Sys Amps: 1348
2026-02-04 09:39:17,861	PDB Server  	T_pdb_server     	[INFO ]	12V rail Volts: 11998 12V rail Amps: 588
2026-02-04 09:39:17,861	PDB Server  	T_pdb_server     	[INFO ]	Energy[Joules]: 60622.1
2026-02-04 09:39:17,862	PDB Server  	T_pdb_server     	[INFO ]	Average Power: 59.5759
2026-02-04 09:39:17,862	PDB Server  	T_pdb_server     	[INFO ]	Sys Volts average: 23959.1
2026-02-04 09:39:17,862	PDB Server  	T_pdb_server     	[INFO ]	mah from ltc4282 702.842
2026-02-04 09:39:20,345	BMS Server  	T_9BmsServer     	[DEBUG]	Battery temp -1
2026-02-04 09:39:22,987	DiskBatteryR	T_pdb_server     	[INFO ]	Writing to registry: battery 000000000000 uAH: 941508655
2026-02-04 09:39:22,988	DiskBatteryR	T_pdb_server     	[INFO ]	Writing to registry: battery 032225d763ff uAH: 190971
2026-02-04 09:39:22,988	BMS Server  	T_pdb_server     	[DEBUG]	Target = Full
2026-02-04 09:39:23,016	PDB Server  	T_pdb_server     	[INFO ]	Sys Volts: 23969 Sys Amps: 1348
2026-02-04 09:39:23,016	PDB Server  	T_pdb_server     	[INFO ]	12V rail Volts: 11998 12V rail Amps: 580
2026-02-04 09:39:23,016	PDB Server  	T_pdb_server     	[INFO ]	Energy[Joules]: 60791.1
2026-02-04 09:39:23,016	PDB Server  	T_pdb_server     	[INFO ]	Average Power: 59.4433
2026-02-04 09:39:23,016	PDB Server  	T_pdb_server     	[INFO ]	Sys Volts average: 23959.2
2026-02-04 09:39:23,017	PDB Server  	T_pdb_server     	[INFO ]	mah from ltc4282 704.8
2026-02-04 09:39:25,669	BMS Server  	T_9BmsServer     	[DEBUG]	Battery temp -1
2026-02-04 09:39:28,143	DiskBatteryR	T_pdb_server     	[INFO ]	Writing to registry: battery 000000000000 uAH: 941510594
2026-02-04 09:39:28,143	DiskBatteryR	T_pdb_server     	[INFO ]	Writing to registry: battery 032225d763ff uAH: 190971
2026-02-04 09:39:28,143	BMS Server  	T_pdb_server     	[DEBUG]	Target = Full
2026-02-04 09:39:28,171	PDB Server  	T_pdb_server     	[INFO ]	Sys Volts: 23977 Sys Amps: 1348
2026-02-04 09:39:28,171	PDB Server  	T_pdb_server     	[INFO ]	12V rail Volts: 11998 12V rail Amps: 581
2026-02-04 09:39:28,171	PDB Server  	T_pdb_server     	[INFO ]	Energy[Joules]: 60958.9
2026-02-04 09:39:28,171	PDB Server  	T_pdb_server     	[INFO ]	Average Power: 59.3071
2026-02-04 09:39:28,171	PDB Server  	T_pdb_server     	[INFO ]	Sys Volts average: 23959.2
2026-02-04 09:39:28,171	PDB Server  	T_pdb_server     	[INFO ]	mah from ltc4282 706.742
2026-02-04 09:39:29,657	BMS Server  	T_9BmsServer     	[DEBUG]	Battery temp -1
2026-02-04 09:39:33,294	DiskBatteryR	T_pdb_server     	[INFO ]	Writing to registry: battery 000000000000 uAH: 941512546
2026-02-04 09:39:33,295	DiskBatteryR	T_pdb_server     	[INFO ]	Writing to registry: battery 032225d763ff uAH: 190971
2026-02-04 09:39:33,295	BMS Server  	T_pdb_server     	[DEBUG]	Target = Full
2026-02-04 09:39:33,323	PDB Server  	T_pdb_server     	[INFO ]	Sys Volts: 23977 Sys Amps: 1348
2026-02-04 09:39:33,323	PDB Server  	T_pdb_server     	[INFO ]	12V rail Volts: 11999 12V rail Amps: 583
2026-02-04 09:39:33,323	PDB Server  	T_pdb_server     	[INFO ]	Energy[Joules]: 61125.6
2026-02-04 09:39:33,323	PDB Server  	T_pdb_server     	[INFO ]	Average Power: 59.175
2026-02-04 09:39:33,324	PDB Server  	T_pdb_server     	[INFO ]	Sys Volts average: 23959.3
2026-02-04 09:39:33,324	PDB Server  	T_pdb_server     	[INFO ]	mah from ltc4282 708.674
2026-02-04 09:39:33,653	BMS Server  	T_9BmsServer     	[DEBUG]	Battery temp -1
2026-02-04 09:39:38,449	DiskBatteryR	T_pdb_server     	[INFO ]	Writing to registry: battery 000000000000 uAH: 941514489
2026-02-04 09:39:38,449	DiskBatteryR	T_pdb_server     	[INFO ]	Writing to registry: battery 032225d763ff uAH: 190971
2026-02-04 09:39:38,450	BMS Server  	T_pdb_server     	[DEBUG]	Target = Full
2026-02-04 09:39:38,478	PDB Server  	T_pdb_server     	[INFO ]	Sys Volts: 23977 Sys Amps: 1348
2026-02-04 09:39:38,478	PDB Server  	T_pdb_server     	[INFO ]	12V rail Volts: 11999 12V rail Amps: 574
2026-02-04 09:39:38,478	PDB Server  	T_pdb_server     	[INFO ]	Energy[Joules]: 61293.6
2026-02-04 09:39:38,478	PDB Server  	T_pdb_server     	[INFO ]	Average Power: 59.0418
2026-02-04 09:39:38,478	PDB Server  	T_pdb_server     	[INFO ]	Sys Volts average: 23959.4
2026-02-04 09:39:38,478	PDB Server  	T_pdb_server     	[INFO ]	mah from ltc4282 710.62
2026-02-04 09:39:38,969	BMS Server  	T_9BmsServer     	[DEBUG]	Battery temp -1
2026-02-04 09:39:42,953	BMS Server  	T_9BmsServer     	[DEBUG]	Battery temp -1
2026-02-04 09:39:43,605	DiskBatteryR	T_pdb_server     	[INFO ]	Writing to registry: battery 000000000000 uAH: 941516434
2026-02-04 09:39:43,605	DiskBatteryR	T_pdb_server     	[INFO ]	Writing to registry: battery 032225d763ff uAH: 190971
2026-02-04 09:39:43,605	BMS Server  	T_pdb_server     	[DEBUG]	Target = Full
2026-02-04 09:39:43,634	PDB Server  	T_pdb_server     	[INFO ]	Sys Volts: 23977 Sys Amps: 1348
2026-02-04 09:39:43,634	PDB Server  	T_pdb_server     	[INFO ]	12V rail Volts: 11998 12V rail Amps: 581
2026-02-04 09:39:43,634	PDB Server  	T_pdb_server     	[INFO ]	Energy[Joules]: 61462.1
2026-02-04 09:39:43,635	PDB Server  	T_pdb_server     	[INFO ]	Average Power: 58.9102
2026-02-04 09:39:43,635	PDB Server  	T_pdb_server     	[INFO ]	Sys Volts average: 23959.4
2026-02-04 09:39:43,635	PDB Server  	T_pdb_server     	[INFO ]	mah from ltc4282 712.571
2026-02-04 09:39:48,277	BMS Server  	T_9BmsServer     	[DEBUG]	Battery temp -1
2026-02-04 09:39:48,763	DiskBatteryR	T_pdb_server     	[INFO ]	Writing to registry: battery 000000000000 uAH: 941518386
2026-02-04 09:39:48,764	DiskBatteryR	T_pdb_server     	[INFO ]	Writing to registry: battery 032225d763ff uAH: 190971
2026-02-04 09:39:48,764	BMS Server  	T_pdb_server     	[DEBUG]	Target = Full
2026-02-04 09:39:48,791	PDB Server  	T_pdb_server     	[INFO ]	Sys Volts: 23969 Sys Amps: 1348
2026-02-04 09:39:48,791	PDB Server  	T_pdb_server     	[INFO ]	12V rail Volts: 11998 12V rail Amps: 577
2026-02-04 09:39:48,791	PDB Server  	T_pdb_server     	[INFO ]	Energy[Joules]: 61628.4
2026-02-04 09:39:48,791	PDB Server  	T_pdb_server     	[INFO ]	Average Power: 58.7817
2026-02-04 09:39:48,791	PDB Server  	T_pdb_server     	[INFO ]	Sys Volts average: 23959.5
2026-02-04 09:39:48,791	PDB Server  	T_pdb_server     	[INFO ]	mah from ltc4282 714.497
2026-02-04 09:39:52,261	BMS Server  	T_9BmsServer     	[DEBUG]	Battery temp -1
2026-02-04 09:39:53,915	DiskBatteryR	T_pdb_server     	[INFO ]	Writing to registry: battery 000000000000 uAH: 941520340
2026-02-04 09:39:53,915	DiskBatteryR	T_pdb_server     	[INFO ]	Writing to registry: battery 032225d763ff uAH: 190971
2026-02-04 09:39:53,915	BMS Server  	T_pdb_server     	[DEBUG]	Target = Full
2026-02-04 09:39:53,942	PDB Server  	T_pdb_server     	[INFO ]	Sys Volts: 23977 Sys Amps: 1348
2026-02-04 09:39:53,942	PDB Server  	T_pdb_server     	[INFO ]	12V rail Volts: 11998 12V rail Amps: 575
2026-02-04 09:39:53,942	PDB Server  	T_pdb_server     	[INFO ]	Energy[Joules]: 61797.6
2026-02-04 09:39:53,943	PDB Server  	T_pdb_server     	[INFO ]	Average Power: 58.6534
2026-02-04 09:39:53,943	PDB Server  	T_pdb_server     	[INFO ]	Sys Volts average: 23959.6
2026-02-04 09:39:53,943	PDB Server  	T_pdb_server     	[INFO ]	mah from ltc4282 716.456
2026-02-04 09:39:57,589	BMS Server  	T_9BmsServer     	[DEBUG]	Battery temp -1
2026-02-04 09:39:59,066	DiskBatteryR	T_pdb_server     	[INFO ]	Writing to registry: battery 000000000000 uAH: 941522281
2026-02-04 09:39:59,066	DiskBatteryR	T_pdb_server     	[INFO ]	Writing to registry: battery 032225d763ff uAH: 190971
2026-02-04 09:39:59,066	BMS Server  	T_pdb_server     	[DEBUG]	Target = Full
2026-02-04 09:39:59,093	PDB Server  	T_pdb_server     	[INFO ]	Sys Volts: 23977 Sys Amps: 1348
2026-02-04 09:39:59,093	PDB Server  	T_pdb_server     	[INFO ]	12V rail Volts: 11999 12V rail Amps: 577
2026-02-04 09:39:59,093	PDB Server  	T_pdb_server     	[INFO ]	Energy[Joules]: 61965.6
2026-02-04 09:39:59,094	PDB Server  	T_pdb_server     	[INFO ]	Average Power: 58.5253
2026-02-04 09:39:59,094	PDB Server  	T_pdb_server     	[INFO ]	Sys Volts average: 23959.6
2026-02-04 09:39:59,094	PDB Server  	T_pdb_server     	[INFO ]	mah from ltc4282 718.402
2026-02-04 09:40:01,585	BMS Server  	T_9BmsServer     	[DEBUG]	Battery temp -1
2026-02-04 09:40:04,224	DiskBatteryR	T_pdb_server     	[INFO ]	Writing to registry: battery 000000000000 uAH: 941524226
2026-02-04 09:40:04,224	DiskBatteryR	T_pdb_server     	[INFO ]	Writing to registry: battery 032225d763ff uAH: 190971
2026-02-04 09:40:04,224	BMS Server  	T_pdb_server     	[DEBUG]	Target = Full
2026-02-04 09:40:04,252	PDB Server  	T_pdb_server     	[INFO ]	Sys Volts: 23977 Sys Amps: 1348
2026-02-04 09:40:04,252	PDB Server  	T_pdb_server     	[INFO ]	12V rail Volts: 11999 12V rail Amps: 580
2026-02-04 09:40:04,253	PDB Server  	T_pdb_server     	[INFO ]	Energy[Joules]: 62131.6
2026-02-04 09:40:04,253	PDB Server  	T_pdb_server     	[INFO ]	Average Power: 58.4001
2026-02-04 09:40:04,253	PDB Server  	T_pdb_server     	[INFO ]	Sys Volts average: 23959.7
2026-02-04 09:40:04,253	PDB Server  	T_pdb_server     	[INFO ]	mah from ltc4282 720.325
2026-02-04 09:40:06,901	BMS Server  	T_9BmsServer     	[DEBUG]	Battery temp -1
2026-02-04 09:40:09,377	DiskBatteryR	T_pdb_server     	[INFO ]	Writing to registry: battery 000000000000 uAH: 941526173
2026-02-04 09:40:09,377	DiskBatteryR	T_pdb_server     	[INFO ]	Writing to registry: battery 032225d763ff uAH: 190971
2026-02-04 09:40:09,378	BMS Server  	T_pdb_server     	[DEBUG]	Target = Full
2026-02-04 09:40:09,405	PDB Server  	T_pdb_server     	[INFO ]	Sys Volts: 23969 Sys Amps: 1348
2026-02-04 09:40:09,406	PDB Server  	T_pdb_server     	[INFO ]	12V rail Volts: 11998 12V rail Amps: 581
2026-02-04 09:40:09,406	PDB Server  	T_pdb_server     	[INFO ]	Energy[Joules]: 62300.1
2026-02-04 09:40:09,406	PDB Server  	T_pdb_server     	[INFO ]	Average Power: 58.2749
2026-02-04 09:40:09,406	PDB Server  	T_pdb_server     	[INFO ]	Sys Volts average: 23959.8
2026-02-04 09:40:09,406	PDB Server  	T_pdb_server     	[INFO ]	mah from ltc4282 722.276
2026-02-04 09:40:10,885	BMS Server  	T_9BmsServer     	[DEBUG]	Battery temp -1
2026-02-04 09:40:14,528	DiskBatteryR	T_pdb_server     	[INFO ]	Writing to registry: battery 000000000000 uAH: 941528117
2026-02-04 09:40:14,528	DiskBatteryR	T_pdb_server     	[INFO ]	Writing to registry: battery 032225d763ff uAH: 190971
2026-02-04 09:40:14,528	BMS Server  	T_pdb_server     	[DEBUG]	Target = Full
2026-02-04 09:40:14,557	PDB Server  	T_pdb_server     	[INFO ]	Sys Volts: 23969 Sys Amps: 1348
2026-02-04 09:40:14,557	PDB Server  	T_pdb_server     	[INFO ]	12V rail Volts: 11999 12V rail Amps: 576
2026-02-04 09:40:14,557	PDB Server  	T_pdb_server     	[INFO ]	Energy[Joules]: 62468.7
2026-02-04 09:40:14,558	PDB Server  	T_pdb_server     	[INFO ]	Average Power: 58.151
2026-02-04 09:40:14,558	PDB Server  	T_pdb_server     	[INFO ]	Sys Volts average: 23959.8
2026-02-04 09:40:14,558	PDB Server  	T_pdb_server     	[INFO ]	mah from ltc4282 724.229
2026-02-04 09:40:16,209	BMS Server  	T_9BmsServer     	[DEBUG]	Battery temp -1
2026-02-04 09:40:19,684	DiskBatteryR	T_pdb_server     	[INFO ]	Writing to registry: battery 000000000000 uAH: 941530069
2026-02-04 09:40:19,684	DiskBatteryR	T_pdb_server     	[INFO ]	Writing to registry: battery 032225d763ff uAH: 190971
2026-02-04 09:40:19,684	BMS Server  	T_pdb_server     	[DEBUG]	Target = Full
2026-02-04 09:40:19,713	PDB Server  	T_pdb_server     	[INFO ]	Sys Volts: 23977 Sys Amps: 1348
2026-02-04 09:40:19,713	PDB Server  	T_pdb_server     	[INFO ]	12V rail Volts: 11999 12V rail Amps: 573
2026-02-04 09:40:19,713	PDB Server  	T_pdb_server     	[INFO ]	Energy[Joules]: 62635.1
2026-02-04 09:40:19,714	PDB Server  	T_pdb_server     	[INFO ]	Average Power: 58.0298
2026-02-04 09:40:19,714	PDB Server  	T_pdb_server     	[INFO ]	Sys Volts average: 23959.9
2026-02-04 09:40:19,714	PDB Server  	T_pdb_server     	[INFO ]	mah from ltc4282 726.157
2026-02-04 09:40:20,201	BMS Server  	T_9BmsServer     	[DEBUG]	Battery temp -1
2026-02-04 09:40:24,842	DiskBatteryR	T_pdb_server     	[INFO ]	Writing to registry: battery 000000000000 uAH: 941532020
2026-02-04 09:40:24,843	DiskBatteryR	T_pdb_server     	[INFO ]	Writing to registry: battery 032225d763ff uAH: 190971
2026-02-04 09:40:24,843	BMS Server  	T_pdb_server     	[DEBUG]	Target = Full
2026-02-04 09:40:24,871	PDB Server  	T_pdb_server     	[INFO ]	Sys Volts: 23969 Sys Amps: 1438
2026-02-04 09:40:24,871	PDB Server  	T_pdb_server     	[INFO ]	12V rail Volts: 11998 12V rail Amps: 574
2026-02-04 09:40:24,871	PDB Server  	T_pdb_server     	[INFO ]	Energy[Joules]: 62804.2
2026-02-04 09:40:24,872	PDB Server  	T_pdb_server     	[INFO ]	Average Power: 57.9086
2026-02-04 09:40:24,872	PDB Server  	T_pdb_server     	[INFO ]	Sys Volts average: 23960
2026-02-04 09:40:24,872	PDB Server  	T_pdb_server     	[INFO ]	mah from ltc4282 728.115
2026-02-04 09:40:25,517	BMS Server  	T_9BmsServer     	[DEBUG]	Battery temp -1
2026-02-04 09:40:29,505	BMS Server  	T_9BmsServer     	[DEBUG]	Battery temp -1
2026-02-04 09:40:29,994	DiskBatteryR	T_pdb_server     	[INFO ]	Writing to registry: battery 000000000000 uAH: 941533959
2026-02-04 09:40:29,994	DiskBatteryR	T_pdb_server     	[INFO ]	Writing to registry: battery 032225d763ff uAH: 190971
2026-02-04 09:40:29,994	BMS Server  	T_pdb_server     	[DEBUG]	Target = Full
2026-02-04 09:40:30,022	PDB Server  	T_pdb_server     	[INFO ]	Sys Volts: 23977 Sys Amps: 1348
2026-02-04 09:40:30,022	PDB Server  	T_pdb_server     	[INFO ]	12V rail Volts: 11999 12V rail Amps: 582
2026-02-04 09:40:30,022	PDB Server  	T_pdb_server     	[INFO ]	Energy[Joules]: 62971.9
2026-02-04 09:40:30,023	PDB Server  	T_pdb_server     	[INFO ]	Average Power: 57.7874
2026-02-04 09:40:30,023	PDB Server  	T_pdb_server     	[INFO ]	Sys Volts average: 23960
2026-02-04 09:40:30,023	PDB Server  	T_pdb_server     	[INFO ]	mah from ltc4282 730.057
2026-02-04 09:40:34,825	BMS Server  	T_9BmsServer     	[DEBUG]	Battery temp -1
2026-02-04 09:40:35,146	DiskBatteryR	T_pdb_server     	[INFO ]	Writing to registry: battery 000000000000 uAH: 941535910
2026-02-04 09:40:35,146	DiskBatteryR	T_pdb_server     	[INFO ]	Writing to registry: battery 032225d763ff uAH: 190971
2026-02-04 09:40:35,146	BMS Server  	T_pdb_server     	[DEBUG]	Target = Full
2026-02-04 09:40:35,173	PDB Server  	T_pdb_server     	[INFO ]	Sys Volts: 23969 Sys Amps: 1438
2026-02-04 09:40:35,174	PDB Server  	T_pdb_server     	[INFO ]	12V rail Volts: 11998 12V rail Amps: 577
2026-02-04 09:40:35,174	PDB Server  	T_pdb_server     	[INFO ]	Energy[Joules]: 63138.7
2026-02-04 09:40:35,174	PDB Server  	T_pdb_server     	[INFO ]	Average Power: 57.67
2026-02-04 09:40:35,174	PDB Server  	T_pdb_server     	[INFO ]	Sys Volts average: 23960.1
2026-02-04 09:40:35,174	PDB Server  	T_pdb_server     	[INFO ]	mah from ltc4282 731.989
2026-02-04 09:40:38,821	BMS Server  	T_9BmsServer     	[DEBUG]	Battery temp -1
2026-02-04 09:40:40,297	DiskBatteryR	T_pdb_server     	[INFO ]	Writing to registry: battery 000000000000 uAH: 941537857
2026-02-04 09:40:40,297	DiskBatteryR	T_pdb_server     	[INFO ]	Writing to registry: battery 032225d763ff uAH: 190971
2026-02-04 09:40:40,297	BMS Server  	T_pdb_server     	[DEBUG]	Target = Full
2026-02-04 09:40:40,325	PDB Server  	T_pdb_server     	[INFO ]	Sys Volts: 23969 Sys Amps: 1438
2026-02-04 09:40:40,325	PDB Server  	T_pdb_server     	[INFO ]	12V rail Volts: 11999 12V rail Amps: 579
2026-02-04 09:40:40,325	PDB Server  	T_pdb_server     	[INFO ]	Energy[Joules]: 63307.1
2026-02-04 09:40:40,326	PDB Server  	T_pdb_server     	[INFO ]	Average Power: 57.5517
2026-02-04 09:40:40,326	PDB Server  	T_pdb_server     	[INFO ]	Sys Volts average: 23960.2
2026-02-04 09:40:40,326	PDB Server  	T_pdb_server     	[INFO ]	mah from ltc4282 733.94
2026-02-04 09:40:42,813	BMS Server  	T_9BmsServer     	[DEBUG]	Battery temp -1
2026-02-04 09:40:45,456	DiskBatteryR	T_pdb_server     	[INFO ]	Writing to registry: battery 000000000000 uAH: 941539807
2026-02-04 09:40:45,456	DiskBatteryR	T_pdb_server     	[INFO ]	Writing to registry: battery 032225d763ff uAH: 190971
2026-02-04 09:40:45,456	BMS Server  	T_pdb_server     	[DEBUG]	Target = Full
2026-02-04 09:40:45,483	PDB Server  	T_pdb_server     	[INFO ]	Sys Volts: 23969 Sys Amps: 1438
2026-02-04 09:40:45,483	PDB Server  	T_pdb_server     	[INFO ]	12V rail Volts: 11998 12V rail Amps: 579
2026-02-04 09:40:45,483	PDB Server  	T_pdb_server     	[INFO ]	Energy[Joules]: 63476
2026-02-04 09:40:45,484	PDB Server  	T_pdb_server     	[INFO ]	Average Power: 57.4349
2026-02-04 09:40:45,484	PDB Server  	T_pdb_server     	[INFO ]	Sys Volts average: 23960.2
2026-02-04 09:40:45,484	PDB Server  	T_pdb_server     	[INFO ]	mah from ltc4282 735.896
2026-02-04 09:40:48,133	BMS Server  	T_9BmsServer     	[DEBUG]	Battery temp -1
2026-02-04 09:40:50,608	DiskBatteryR	T_pdb_server     	[INFO ]	Writing to registry: battery 000000000000 uAH: 941541750
2026-02-04 09:40:50,608	DiskBatteryR	T_pdb_server     	[INFO ]	Writing to registry: battery 032225d763ff uAH: 190971
2026-02-04 09:40:50,608	BMS Server  	T_pdb_server     	[DEBUG]	Target = Full
2026-02-04 09:40:50,641	PDB Server  	T_pdb_server     	[INFO ]	Sys Volts: 23969 Sys Amps: 1438
2026-02-04 09:40:50,641	PDB Server  	T_pdb_server     	[INFO ]	12V rail Volts: 11998 12V rail Amps: 576
2026-02-04 09:40:50,641	PDB Server  	T_pdb_server     	[INFO ]	Energy[Joules]: 63641.9
2026-02-04 09:40:50,642	PDB Server  	T_pdb_server     	[INFO ]	Average Power: 57.3199
2026-02-04 09:40:50,642	PDB Server  	T_pdb_server     	[INFO ]	Sys Volts average: 23960.3
2026-02-04 09:40:50,642	PDB Server  	T_pdb_server     	[INFO ]	mah from ltc4282 737.817
2026-02-04 09:40:52,133	BMS Server  	T_9BmsServer     	[DEBUG]	Battery temp -1
2026-02-04 09:40:55,768	DiskBatteryR	T_pdb_server     	[INFO ]	Writing to registry: battery 000000000000 uAH: 941543702
2026-02-04 09:40:55,768	DiskBatteryR	T_pdb_server     	[INFO ]	Writing to registry: battery 032225d763ff uAH: 190971
2026-02-04 09:40:55,768	BMS Server  	T_pdb_server     	[DEBUG]	Target = Full
2026-02-04 09:40:55,796	PDB Server  	T_pdb_server     	[INFO ]	Sys Volts: 23969 Sys Amps: 1438
2026-02-04 09:40:55,796	PDB Server  	T_pdb_server     	[INFO ]	12V rail Volts: 11998 12V rail Amps: 583
2026-02-04 09:40:55,796	PDB Server  	T_pdb_server     	[INFO ]	Energy[Joules]: 63810.4
2026-02-04 09:40:55,797	PDB Server  	T_pdb_server     	[INFO ]	Average Power: 57.2048
2026-02-04 09:40:55,797	PDB Server  	T_pdb_server     	[INFO ]	Sys Volts average: 23960.3
2026-02-04 09:40:55,797	PDB Server  	T_pdb_server     	[INFO ]	mah from ltc4282 739.768
2026-02-04 09:40:57,457	BMS Server  	T_9BmsServer     	[DEBUG]	Battery temp -1
2026-02-04 09:41:00,923	DiskBatteryR	T_pdb_server     	[INFO ]	Writing to registry: battery 000000000000 uAH: 941545646
2026-02-04 09:41:00,923	DiskBatteryR	T_pdb_server     	[INFO ]	Writing to registry: battery 032225d763ff uAH: 190971
2026-02-04 09:41:00,923	BMS Server  	T_pdb_server     	[DEBUG]	Target = Full
2026-02-04 09:41:00,950	PDB Server  	T_pdb_server     	[INFO ]	Sys Volts: 23969 Sys Amps: 1438
2026-02-04 09:41:00,950	PDB Server  	T_pdb_server     	[INFO ]	12V rail Volts: 11998 12V rail Amps: 578
2026-02-04 09:41:00,950	PDB Server  	T_pdb_server     	[INFO ]	Energy[Joules]: 63978.7
2026-02-04 09:41:00,951	PDB Server  	T_pdb_server     	[INFO ]	Average Power: 57.0908
2026-02-04 09:41:00,951	PDB Server  	T_pdb_server     	[INFO ]	Sys Volts average: 23960.4
2026-02-04 09:41:00,951	PDB Server  	T_pdb_server     	[INFO ]	mah from ltc4282 741.718
2026-02-04 09:41:01,449	BMS Server  	T_9BmsServer     	[DEBUG]	Battery temp -1
2026-02-04 09:41:06,099	DiskBatteryR	T_pdb_server     	[INFO ]	Writing to registry: battery 000000000000 uAH: 941547602
2026-02-04 09:41:06,099	DiskBatteryR	T_pdb_server     	[INFO ]	Writing to registry: battery 032225d763ff uAH: 190971
2026-02-04 09:41:06,099	BMS Server  	T_pdb_server     	[DEBUG]	Target = Full
2026-02-04 09:41:06,126	PDB Server  	T_pdb_server     	[INFO ]	Sys Volts: 23969 Sys Amps: 1438
2026-02-04 09:41:06,126	PDB Server  	T_pdb_server     	[INFO ]	12V rail Volts: 11998 12V rail Amps: 576
2026-02-04 09:41:06,126	PDB Server  	T_pdb_server     	[INFO ]	Energy[Joules]: 64147.1
2026-02-04 09:41:06,126	PDB Server  	T_pdb_server     	[INFO ]	Average Power: 56.9778
2026-02-04 09:41:06,126	PDB Server  	T_pdb_server     	[INFO ]	Sys Volts average: 23960.5
2026-02-04 09:41:06,126	PDB Server  	T_pdb_server     	[INFO ]	mah from ltc4282 743.669
2026-02-04 09:41:06,769	BMS Server  	T_9BmsServer     	[DEBUG]	Battery temp -1
2026-02-04 09:41:10,752	BMS Server  	T_9BmsServer     	[DEBUG]	Battery temp -1
2026-02-04 09:41:11,249	DiskBatteryR	T_pdb_server     	[INFO ]	Writing to registry: battery 000000000000 uAH: 941549556
2026-02-04 09:41:11,249	DiskBatteryR	T_pdb_server     	[INFO ]	Writing to registry: battery 032225d763ff uAH: 190971
2026-02-04 09:41:11,249	BMS Server  	T_pdb_server     	[DEBUG]	Target = Full
2026-02-04 09:41:11,276	PDB Server  	T_pdb_server     	[INFO ]	Sys Volts: 23977 Sys Amps: 1348
2026-02-04 09:41:11,276	PDB Server  	T_pdb_server     	[INFO ]	12V rail Volts: 11998 12V rail Amps: 572
2026-02-04 09:41:11,276	PDB Server  	T_pdb_server     	[INFO ]	Energy[Joules]: 64314
2026-02-04 09:41:11,277	PDB Server  	T_pdb_server     	[INFO ]	Average Power: 56.8679
2026-02-04 09:41:11,277	PDB Server  	T_pdb_server     	[INFO ]	Sys Volts average: 23960.5
2026-02-04 09:41:11,277	PDB Server  	T_pdb_server     	[INFO ]	mah from ltc4282 745.602
2026-02-04 09:41:16,064	BMS Server  	T_9BmsServer     	[DEBUG]	Battery temp -1
2026-02-04 09:41:16,410	DiskBatteryR	T_pdb_server     	[INFO ]	Writing to registry: battery 000000000000 uAH: 941551495
2026-02-04 09:41:16,410	DiskBatteryR	T_pdb_server     	[INFO ]	Writing to registry: battery 032225d763ff uAH: 190971
2026-02-04 09:41:16,411	BMS Server  	T_pdb_server     	[DEBUG]	Target = Full
2026-02-04 09:41:16,439	PDB Server  	T_pdb_server     	[INFO ]	Sys Volts: 23977 Sys Amps: 1348
2026-02-04 09:41:16,439	PDB Server  	T_pdb_server     	[INFO ]	12V rail Volts: 11998 12V rail Amps: 581
2026-02-04 09:41:16,439	PDB Server  	T_pdb_server     	[INFO ]	Energy[Joules]: 64481.5
2026-02-04 09:41:16,439	PDB Server  	T_pdb_server     	[INFO ]	Average Power: 56.7562
2026-02-04 09:41:16,439	PDB Server  	T_pdb_server     	[INFO ]	Sys Volts average: 23960.6
2026-02-04 09:41:16,439	PDB Server  	T_pdb_server     	[INFO ]	mah from ltc4282 747.541
2026-02-04 09:41:20,057	BMS Server  	T_9BmsServer     	[DEBUG]	Battery temp -1
2026-02-04 09:41:21,566	DiskBatteryR	T_pdb_server     	[INFO ]	Writing to registry: battery 000000000000 uAH: 941553441
2026-02-04 09:41:21,566	DiskBatteryR	T_pdb_server     	[INFO ]	Writing to registry: battery 032225d763ff uAH: 190971
2026-02-04 09:41:21,566	BMS Server  	T_pdb_server     	[DEBUG]	Target = Full
2026-02-04 09:41:21,594	PDB Server  	T_pdb_server     	[INFO ]	Sys Volts: 23977 Sys Amps: 1348
2026-02-04 09:41:21,594	PDB Server  	T_pdb_server     	[INFO ]	12V rail Volts: 11998 12V rail Amps: 580
2026-02-04 09:41:21,594	PDB Server  	T_pdb_server     	[INFO ]	Energy[Joules]: 64650
2026-02-04 09:41:21,595	PDB Server  	T_pdb_server     	[INFO ]	Average Power: 56.6463
2026-02-04 09:41:21,595	PDB Server  	T_pdb_server     	[INFO ]	Sys Volts average: 23960.7
2026-02-04 09:41:21,595	PDB Server  	T_pdb_server     	[INFO ]	mah from ltc4282 749.492
2026-02-04 09:41:25,372	BMS Server  	T_9BmsServer     	[DEBUG]	Battery temp -1
2026-02-04 09:41:26,719	DiskBatteryR	T_pdb_server     	[INFO ]	Writing to registry: battery 000000000000 uAH: 941555390
2026-02-04 09:41:26,720	DiskBatteryR	T_pdb_server     	[INFO ]	Writing to registry: battery 032225d763ff uAH: 190971
2026-02-04 09:41:26,720	BMS Server  	T_pdb_server     	[DEBUG]	Target = Full
2026-02-04 09:41:26,749	PDB Server  	T_pdb_server     	[INFO ]	Sys Volts: 23977 Sys Amps: 1348
2026-02-04 09:41:26,749	PDB Server  	T_pdb_server     	[INFO ]	12V rail Volts: 11998 12V rail Amps: 569
2026-02-04 09:41:26,749	PDB Server  	T_pdb_server     	[INFO ]	Energy[Joules]: 64816.6
2026-02-04 09:41:26,749	PDB Server  	T_pdb_server     	[INFO ]	Average Power: 56.5391
2026-02-04 09:41:26,749	PDB Server  	T_pdb_server     	[INFO ]	Sys Volts average: 23960.7
2026-02-04 09:41:26,749	PDB Server  	T_pdb_server     	[INFO ]	mah from ltc4282 751.422
2026-02-04 09:41:29,357	BMS Server  	T_9BmsServer     	[DEBUG]	Battery temp -1
2026-02-04 09:41:31,872	DiskBatteryR	T_pdb_server     	[INFO ]	Writing to registry: battery 000000000000 uAH: 941557333
2026-02-04 09:41:31,872	DiskBatteryR	T_pdb_server     	[INFO ]	Writing to registry: battery 032225d763ff uAH: 190971
2026-02-04 09:41:31,873	BMS Server  	T_pdb_server     	[DEBUG]	Target = Full
2026-02-04 09:41:31,900	PDB Server  	T_pdb_server     	[INFO ]	Sys Volts: 23969 Sys Amps: 1348
2026-02-04 09:41:31,900	PDB Server  	T_pdb_server     	[INFO ]	12V rail Volts: 11998 12V rail Amps: 576
2026-02-04 09:41:31,900	PDB Server  	T_pdb_server     	[INFO ]	Energy[Joules]: 64984.6
2026-02-04 09:41:31,902	PDB Server  	T_pdb_server     	[INFO ]	Average Power: 56.4308
2026-02-04 09:41:31,902	PDB Server  	T_pdb_server     	[INFO ]	Sys Volts average: 23960.8
2026-02-04 09:41:31,902	PDB Server  	T_pdb_server     	[INFO ]	mah from ltc4282 753.368
2026-02-04 09:41:34,685	BMS Server  	T_9BmsServer     	[DEBUG]	Battery temp -1
2026-02-04 09:41:37,025	DiskBatteryR	T_pdb_server     	[INFO ]	Writing to registry: battery 000000000000 uAH: 941559277
2026-02-04 09:41:37,025	DiskBatteryR	T_pdb_server     	[INFO ]	Writing to registry: battery 032225d763ff uAH: 190971
2026-02-04 09:41:37,026	BMS Server  	T_pdb_server     	[DEBUG]	Target = Full
2026-02-04 09:41:37,053	PDB Server  	T_pdb_server     	[INFO ]	Sys Volts: 23977 Sys Amps: 1348
2026-02-04 09:41:37,053	PDB Server  	T_pdb_server     	[INFO ]	12V rail Volts: 11998 12V rail Amps: 587
2026-02-04 09:41:37,053	PDB Server  	T_pdb_server     	[INFO ]	Energy[Joules]: 65150.7
2026-02-04 09:41:37,054	PDB Server  	T_pdb_server     	[INFO ]	Average Power: 56.325
2026-02-04 09:41:37,054	PDB Server  	T_pdb_server     	[INFO ]	Sys Volts average: 23960.9
2026-02-04 09:41:37,054	PDB Server  	T_pdb_server     	[INFO ]	mah from ltc4282 755.291
2026-02-04 09:41:38,689	BMS Server  	T_9BmsServer     	[DEBUG]	Battery temp -1
2026-02-04 09:41:42,179	DiskBatteryR	T_pdb_server     	[INFO ]	Writing to registry: battery 000000000000 uAH: 941561222
2026-02-04 09:41:42,179	DiskBatteryR	T_pdb_server     	[INFO ]	Writing to registry: battery 032225d763ff uAH: 190971
2026-02-04 09:41:42,179	BMS Server  	T_pdb_server     	[DEBUG]	Target = Full
2026-02-04 09:41:42,207	PDB Server  	T_pdb_server     	[INFO ]	Sys Volts: 23977 Sys Amps: 1348
2026-02-04 09:41:42,207	PDB Server  	T_pdb_server     	[INFO ]	12V rail Volts: 11998 12V rail Amps: 575
2026-02-04 09:41:42,207	PDB Server  	T_pdb_server     	[INFO ]	Energy[Joules]: 65319.2
2026-02-04 09:41:42,208	PDB Server  	T_pdb_server     	[INFO ]	Average Power: 56.219
2026-02-04 09:41:42,208	PDB Server  	T_pdb_server     	[INFO ]	Sys Volts average: 23960.9
2026-02-04 09:41:42,208	PDB Server  	T_pdb_server     	[INFO ]	mah from ltc4282 757.242
2026-02-04 09:41:42,680	BMS Server  	T_9BmsServer     	[DEBUG]	Battery temp -1
2026-02-04 09:41:47,332	DiskBatteryR	T_pdb_server     	[INFO ]	Writing to registry: battery 000000000000 uAH: 941563166
2026-02-04 09:41:47,332	DiskBatteryR	T_pdb_server     	[INFO ]	Writing to registry: battery 032225d763ff uAH: 190971
2026-02-04 09:41:47,332	BMS Server  	T_pdb_server     	[DEBUG]	Target = Full
2026-02-04 09:41:47,359	PDB Server  	T_pdb_server     	[INFO ]	Sys Volts: 23977 Sys Amps: 1348
2026-02-04 09:41:47,359	PDB Server  	T_pdb_server     	[INFO ]	12V rail Volts: 11998 12V rail Amps: 578
2026-02-04 09:41:47,359	PDB Server  	T_pdb_server     	[INFO ]	Energy[Joules]: 65487.3
2026-02-04 09:41:47,360	PDB Server  	T_pdb_server     	[INFO ]	Average Power: 56.1137
2026-02-04 09:41:47,360	PDB Server  	T_pdb_server     	[INFO ]	Sys Volts average: 23961
2026-02-04 09:41:47,360	PDB Server  	T_pdb_server     	[INFO ]	mah from ltc4282 759.19
2026-02-04 09:41:48,001	BMS Server  	T_9BmsServer     	[DEBUG]	Battery temp -1
2026-02-04 09:41:51,985	BMS Server  	T_9BmsServer     	[DEBUG]	Battery temp -1
2026-02-04 09:41:52,483	DiskBatteryR	T_pdb_server     	[INFO ]	Writing to registry: battery 000000000000 uAH: 941565110
2026-02-04 09:41:52,483	DiskBatteryR	T_pdb_server     	[INFO ]	Writing to registry: battery 032225d763ff uAH: 190971
2026-02-04 09:41:52,483	BMS Server  	T_pdb_server     	[DEBUG]	Target = Full
2026-02-04 09:41:52,511	PDB Server  	T_pdb_server     	[INFO ]	Sys Volts: 23977 Sys Amps: 1258
2026-02-04 09:41:52,511	PDB Server  	T_pdb_server     	[INFO ]	12V rail Volts: 11998 12V rail Amps: 570
2026-02-04 09:41:52,511	PDB Server  	T_pdb_server     	[INFO ]	Energy[Joules]: 65653.4
2026-02-04 09:41:52,511	PDB Server  	T_pdb_server     	[INFO ]	Average Power: 56.0107
2026-02-04 09:41:52,511	PDB Server  	T_pdb_server     	[INFO ]	Sys Volts average: 23961
2026-02-04 09:41:52,511	PDB Server  	T_pdb_server     	[INFO ]	mah from ltc4282 761.113
2026-02-04 09:41:57,309	BMS Server  	T_9BmsServer     	[DEBUG]	Battery temp -1
2026-02-04 09:41:57,640	DiskBatteryR	T_pdb_server     	[INFO ]	Writing to registry: battery 000000000000 uAH: 941567052
2026-02-04 09:41:57,640	DiskBatteryR	T_pdb_server     	[INFO ]	Writing to registry: battery 032225d763ff uAH: 190971
2026-02-04 09:41:57,640	BMS Server  	T_pdb_server     	[DEBUG]	Target = Full
2026-02-04 09:41:57,670	PDB Server  	T_pdb_server     	[INFO ]	Sys Volts: 23977 Sys Amps: 1348
2026-02-04 09:41:57,670	PDB Server  	T_pdb_server     	[INFO ]	12V rail Volts: 11999 12V rail Amps: 576
2026-02-04 09:41:57,670	PDB Server  	T_pdb_server     	[INFO ]	Energy[Joules]: 65821.2
2026-02-04 09:41:57,671	PDB Server  	T_pdb_server     	[INFO ]	Average Power: 55.9068
2026-02-04 09:41:57,671	PDB Server  	T_pdb_server     	[INFO ]	Sys Volts average: 23961.1
2026-02-04 09:41:57,671	PDB Server  	T_pdb_server     	[INFO ]	mah from ltc4282 763.055
2026-02-04 09:42:01,292	BMS Server  	T_9BmsServer     	[DEBUG]	Battery temp -1
2026-02-04 09:42:02,795	DiskBatteryR	T_pdb_server     	[INFO ]	Writing to registry: battery 000000000000 uAH: 941568985
2026-02-04 09:42:02,795	DiskBatteryR	T_pdb_server     	[INFO ]	Writing to registry: battery 032225d763ff uAH: 190971
2026-02-04 09:42:02,795	BMS Server  	T_pdb_server     	[DEBUG]	Target = Full
2026-02-04 09:42:02,822	PDB Server  	T_pdb_server     	[INFO ]	Sys Volts: 23969 Sys Amps: 1348
2026-02-04 09:42:02,823	PDB Server  	T_pdb_server     	[INFO ]	12V rail Volts: 11999 12V rail Amps: 578
2026-02-04 09:42:02,823	PDB Server  	T_pdb_server     	[INFO ]	Energy[Joules]: 65988.3
2026-02-04 09:42:02,823	PDB Server  	T_pdb_server     	[INFO ]	Average Power: 55.8034
2026-02-04 09:42:02,823	PDB Server  	T_pdb_server     	[INFO ]	Sys Volts average: 23961.2
2026-02-04 09:42:02,823	PDB Server  	T_pdb_server     	[INFO ]	mah from ltc4282 764.992
2026-02-04 09:42:06,612	BMS Server  	T_9BmsServer     	[DEBUG]	Battery temp -1
2026-02-04 09:42:07,949	DiskBatteryR	T_pdb_server     	[INFO ]	Writing to registry: battery 000000000000 uAH: 941570928
2026-02-04 09:42:07,949	DiskBatteryR	T_pdb_server     	[INFO ]	Writing to registry: battery 032225d763ff uAH: 190971
2026-02-04 09:42:07,949	BMS Server  	T_pdb_server     	[DEBUG]	Target = Full
2026-02-04 09:42:07,977	PDB Server  	T_pdb_server     	[INFO ]	Sys Volts: 23977 Sys Amps: 1348
2026-02-04 09:42:07,977	PDB Server  	T_pdb_server     	[INFO ]	12V rail Volts: 11999 12V rail Amps: 571
2026-02-04 09:42:07,977	PDB Server  	T_pdb_server     	[INFO ]	Energy[Joules]: 66154.4
2026-02-04 09:42:07,977	PDB Server  	T_pdb_server     	[INFO ]	Average Power: 55.7031
2026-02-04 09:42:07,977	PDB Server  	T_pdb_server     	[INFO ]	Sys Volts average: 23961.2
2026-02-04 09:42:07,977	PDB Server  	T_pdb_server     	[INFO ]	mah from ltc4282 766.915
2026-02-04 09:42:10,597	BMS Server  	T_9BmsServer     	[DEBUG]	Battery temp -1
2026-02-04 09:42:13,102	DiskBatteryR	T_pdb_server     	[INFO ]	Writing to registry: battery 000000000000 uAH: 941572869
2026-02-04 09:42:13,102	DiskBatteryR	T_pdb_server     	[INFO ]	Writing to registry: battery 032225d763ff uAH: 190971
2026-02-04 09:42:13,102	BMS Server  	T_pdb_server     	[DEBUG]	Target = Full
2026-02-04 09:42:13,130	PDB Server  	T_pdb_server     	[INFO ]	Sys Volts: 23977 Sys Amps: 1258
2026-02-04 09:42:13,130	PDB Server  	T_pdb_server     	[INFO ]	12V rail Volts: 11998 12V rail Amps: 579
2026-02-04 09:42:13,130	PDB Server  	T_pdb_server     	[INFO ]	Energy[Joules]: 66322.4
2026-02-04 09:42:13,130	PDB Server  	T_pdb_server     	[INFO ]	Average Power: 55.6021
2026-02-04 09:42:13,130	PDB Server  	T_pdb_server     	[INFO ]	Sys Volts average: 23961.3
2026-02-04 09:42:13,130	PDB Server  	T_pdb_server     	[INFO ]	mah from ltc4282 768.862
2026-02-04 09:42:15,917	BMS Server  	T_9BmsServer     	[DEBUG]	Battery temp -1
2026-02-04 09:42:18,253	PDB Server  	T_pdb_server     	[INFO ]	10 minutes passed, Reset the Power Monitor.
2026-02-04 09:42:19,298	PowerMonitor	T_pdb_server     	[DEBUG]	Initial voltage readings. Avg voltage: 23.9717 Max voltage: 23.9772 Min voltage: 23.9691 Var: 1.43599e-05 Standard Deviation: 0.00378945
2026-02-04 09:42:19,299	PowerMonitor	T_pdb_server     	[INFO ]	Initial voltage / est.fuel / mAH currently / mAH full (given age) 
23.9691V / 77 % / 14002 / 18185
2026-02-04 09:42:19,299	DiskBatteryR	T_pdb_server     	[INFO ]	Writing to registry: battery 000000000000 uAH: 941572869
2026-02-04 09:42:19,299	DiskBatteryR	T_pdb_server     	[INFO ]	Writing to registry: battery 032225d763ff uAH: 190971
2026-02-04 09:42:19,299	BMS Server  	T_pdb_server     	[DEBUG]	Target = Full
2026-02-04 09:42:19,327	PDB Server  	T_pdb_server     	[INFO ]	Sys Volts: 23969 Sys Amps: 1348
2026-02-04 09:42:19,327	PDB Server  	T_pdb_server     	[INFO ]	12V rail Volts: 11999 12V rail Amps: 571
2026-02-04 09:42:19,327	PDB Server  	T_pdb_server     	[INFO ]	Energy[Joules]: 66522.7
2026-02-04 09:42:19,328	PDB Server  	T_pdb_server     	[INFO ]	Average Power: 55.4835
2026-02-04 09:42:19,328	PDB Server  	T_pdb_server     	[INFO ]	Sys Volts average: 23961.3
2026-02-04 09:42:19,328	PDB Server  	T_pdb_server     	[INFO ]	mah from ltc4282 771.182
2026-02-04 09:42:19,908	BMS Server  	T_9BmsServer     	[DEBUG]	Battery temp -1
2026-02-04 09:42:24,453	DiskBatteryR	T_pdb_server     	[INFO ]	Writing to registry: battery 000000000000 uAH: 941574815
2026-02-04 09:42:24,453	DiskBatteryR	T_pdb_server     	[INFO ]	Writing to registry: battery 032225d763ff uAH: 190971
2026-02-04 09:42:24,453	BMS Server  	T_pdb_server     	[DEBUG]	Target = Full
2026-02-04 09:42:24,480	PDB Server  	T_pdb_server     	[INFO ]	Sys Volts: 23969 Sys Amps: 1348
2026-02-04 09:42:24,481	PDB Server  	T_pdb_server     	[INFO ]	12V rail Volts: 11998 12V rail Amps: 578
2026-02-04 09:42:24,481	PDB Server  	T_pdb_server     	[INFO ]	Energy[Joules]: 66691
2026-02-04 09:42:24,481	PDB Server  	T_pdb_server     	[INFO ]	Average Power: 55.3847
2026-02-04 09:42:24,481	PDB Server  	T_pdb_server     	[INFO ]	Sys Volts average: 23961.3
2026-02-04 09:42:24,481	PDB Server  	T_pdb_server     	[INFO ]	mah from ltc4282 773.132
2026-02-04 09:42:25,225	BMS Server  	T_9BmsServer     	[DEBUG]	Battery temp -1
2026-02-04 09:42:29,216	BMS Server  	T_9BmsServer     	[DEBUG]	Battery temp -1
2026-02-04 09:42:29,605	DiskBatteryR	T_pdb_server     	[INFO ]	Writing to registry: battery 000000000000 uAH: 941576762
2026-02-04 09:42:29,606	DiskBatteryR	T_pdb_server     	[INFO ]	Writing to registry: battery 032225d763ff uAH: 190971
2026-02-04 09:42:29,607	BMS Server  	T_pdb_server     	[DEBUG]	Target = Full
2026-02-04 09:42:29,636	PDB Server  	T_pdb_server     	[INFO ]	Sys Volts: 23977 Sys Amps: 1348
2026-02-04 09:42:29,636	PDB Server  	T_pdb_server     	[INFO ]	12V rail Volts: 11999 12V rail Amps: 585
2026-02-04 09:42:29,636	PDB Server  	T_pdb_server     	[INFO ]	Energy[Joules]: 66859.5
2026-02-04 09:42:29,636	PDB Server  	T_pdb_server     	[INFO ]	Average Power: 55.287
2026-02-04 09:42:29,636	PDB Server  	T_pdb_server     	[INFO ]	Sys Volts average: 23961.4
2026-02-04 09:42:29,636	PDB Server  	T_pdb_server     	[INFO ]	mah from ltc4282 775.085
2026-02-04 09:42:34,541	BMS Server  	T_9BmsServer     	[DEBUG]	Battery temp -1
2026-02-04 09:42:34,767	DiskBatteryR	T_pdb_server     	[INFO ]	Writing to registry: battery 000000000000 uAH: 941578714
2026-02-04 09:42:34,767	DiskBatteryR	T_pdb_server     	[INFO ]	Writing to registry: battery 032225d763ff uAH: 190971
2026-02-04 09:42:34,767	BMS Server  	T_pdb_server     	[DEBUG]	Target = Full
2026-02-04 09:42:34,795	PDB Server  	T_pdb_server     	[INFO ]	Sys Volts: 23977 Sys Amps: 1348
2026-02-04 09:42:34,795	PDB Server  	T_pdb_server     	[INFO ]	12V rail Volts: 11999 12V rail Amps: 582
2026-02-04 09:42:34,795	PDB Server  	T_pdb_server     	[INFO ]	Energy[Joules]: 67027.8
2026-02-04 09:42:34,796	PDB Server  	T_pdb_server     	[INFO ]	Average Power: 55.1899
2026-02-04 09:42:34,796	PDB Server  	T_pdb_server     	[INFO ]	Sys Volts average: 23961.4
2026-02-04 09:42:34,796	PDB Server  	T_pdb_server     	[INFO ]	mah from ltc4282 777.034
2026-02-04 09:42:38,524	BMS Server  	T_9BmsServer     	[DEBUG]	Battery temp -1
2026-02-04 09:42:39,919	DiskBatteryR	T_pdb_server     	[INFO ]	Writing to registry: battery 000000000000 uAH: 941580652
2026-02-04 09:42:39,919	DiskBatteryR	T_pdb_server     	[INFO ]	Writing to registry: battery 032225d763ff uAH: 190971
2026-02-04 09:42:39,919	BMS Server  	T_pdb_server     	[DEBUG]	Target = Full
2026-02-04 09:42:39,949	PDB Server  	T_pdb_server     	[INFO ]	Sys Volts: 23977 Sys Amps: 1348
2026-02-04 09:42:39,949	PDB Server  	T_pdb_server     	[INFO ]	12V rail Volts: 11998 12V rail Amps: 576
2026-02-04 09:42:39,949	PDB Server  	T_pdb_server     	[INFO ]	Energy[Joules]: 67193.6
2026-02-04 09:42:39,949	PDB Server  	T_pdb_server     	[INFO ]	Average Power: 55.0945
2026-02-04 09:42:39,950	PDB Server  	T_pdb_server     	[INFO ]	Sys Volts average: 23961.5
2026-02-04 09:42:39,950	PDB Server  	T_pdb_server     	[INFO ]	mah from ltc4282 778.954
2026-02-04 09:42:43,845	BMS Server  	T_9BmsServer     	[DEBUG]	Battery temp -1
2026-02-04 09:42:45,073	DiskBatteryR	T_pdb_server     	[INFO ]	Writing to registry: battery 000000000000 uAH: 941582603
2026-02-04 09:42:45,073	DiskBatteryR	T_pdb_server     	[INFO ]	Writing to registry: battery 032225d763ff uAH: 190971
2026-02-04 09:42:45,073	BMS Server  	T_pdb_server     	[DEBUG]	Target = Full
2026-02-04 09:42:45,103	PDB Server  	T_pdb_server     	[INFO ]	Sys Volts: 23969 Sys Amps: 1348
2026-02-04 09:42:45,103	PDB Server  	T_pdb_server     	[INFO ]	12V rail Volts: 11999 12V rail Amps: 580
2026-02-04 09:42:45,103	PDB Server  	T_pdb_server     	[INFO ]	Energy[Joules]: 67362.5
2026-02-04 09:42:45,104	PDB Server  	T_pdb_server     	[INFO ]	Average Power: 54.9995
2026-02-04 09:42:45,104	PDB Server  	T_pdb_server     	[INFO ]	Sys Volts average: 23961.5
2026-02-04 09:42:45,104	PDB Server  	T_pdb_server     	[INFO ]	mah from ltc4282 780.91
2026-02-04 09:42:47,837	BMS Server  	T_9BmsServer     	[DEBUG]	Battery temp -1
2026-02-04 09:42:50,232	DiskBatteryR	T_pdb_server     	[INFO ]	Writing to registry: battery 000000000000 uAH: 941584570
2026-02-04 09:42:50,232	DiskBatteryR	T_pdb_server     	[INFO ]	Writing to registry: battery 032225d763ff uAH: 190971
2026-02-04 09:42:50,232	BMS Server  	T_pdb_server     	[DEBUG]	Target = Full
2026-02-04 09:42:50,259	PDB Server  	T_pdb_server     	[INFO ]	Sys Volts: 23969 Sys Amps: 1348
2026-02-04 09:42:50,259	PDB Server  	T_pdb_server     	[INFO ]	12V rail Volts: 11998 12V rail Amps: 578
2026-02-04 09:42:50,259	PDB Server  	T_pdb_server     	[INFO ]	Energy[Joules]: 67530
2026-02-04 09:42:50,260	PDB Server  	T_pdb_server     	[INFO ]	Average Power: 54.9071
2026-02-04 09:42:50,260	PDB Server  	T_pdb_server     	[INFO ]	Sys Volts average: 23961.6
2026-02-04 09:42:50,260	PDB Server  	T_pdb_server     	[INFO ]	mah from ltc4282 782.851
2026-02-04 09:42:51,821	BMS Server  	T_9BmsServer     	[DEBUG]	Battery temp -1
2026-02-04 09:42:55,388	DiskBatteryR	T_pdb_server     	[INFO ]	Writing to registry: battery 000000000000 uAH: 941586527
2026-02-04 09:42:55,388	DiskBatteryR	T_pdb_server     	[INFO ]	Writing to registry: battery 032225d763ff uAH: 190971
2026-02-04 09:42:55,388	BMS Server  	T_pdb_server     	[DEBUG]	Target = Full
2026-02-04 09:42:55,415	PDB Server  	T_pdb_server     	[INFO ]	Sys Volts: 23969 Sys Amps: 1348
2026-02-04 09:42:55,416	PDB Server  	T_pdb_server     	[INFO ]	12V rail Volts: 11998 12V rail Amps: 571
2026-02-04 09:42:55,416	PDB Server  	T_pdb_server     	[INFO ]	Energy[Joules]: 67699.3
2026-02-04 09:42:55,416	PDB Server  	T_pdb_server     	[INFO ]	Average Power: 54.814
2026-02-04 09:42:55,416	PDB Server  	T_pdb_server     	[INFO ]	Sys Volts average: 23961.6
2026-02-04 09:42:55,416	PDB Server  	T_pdb_server     	[INFO ]	mah from ltc4282 784.813
2026-02-04 09:42:57,133	BMS Server  	T_9BmsServer     	[DEBUG]	Battery temp -1
2026-02-04 09:43:00,545	DiskBatteryR	T_pdb_server     	[INFO ]	Writing to registry: battery 000000000000 uAH: 941588492
2026-02-04 09:43:00,545	DiskBatteryR	T_pdb_server     	[INFO ]	Writing to registry: battery 032225d763ff uAH: 190971
2026-02-04 09:43:00,545	BMS Server  	T_pdb_server     	[DEBUG]	Target = Full
2026-02-04 09:43:00,573	PDB Server  	T_pdb_server     	[INFO ]	Sys Volts: 23969 Sys Amps: 1348
2026-02-04 09:43:00,573	PDB Server  	T_pdb_server     	[INFO ]	12V rail Volts: 11998 12V rail Amps: 588
2026-02-04 09:43:00,573	PDB Server  	T_pdb_server     	[INFO ]	Energy[Joules]: 67869.2
2026-02-04 09:43:00,574	PDB Server  	T_pdb_server     	[INFO ]	Average Power: 54.7222
2026-02-04 09:43:00,574	PDB Server  	T_pdb_server     	[INFO ]	Sys Volts average: 23961.6
2026-02-04 09:43:00,574	PDB Server  	T_pdb_server     	[INFO ]	mah from ltc4282 786.78
2026-02-04 09:43:01,121	BMS Server  	T_9BmsServer     	[DEBUG]	Battery temp -1
2026-02-04 09:43:05,700	DiskBatteryR	T_pdb_server     	[INFO ]	Writing to registry: battery 000000000000 uAH: 941590456
2026-02-04 09:43:05,700	DiskBatteryR	T_pdb_server     	[INFO ]	Writing to registry: battery 032225d763ff uAH: 190971
2026-02-04 09:43:05,700	BMS Server  	T_pdb_server     	[DEBUG]	Target = Full
2026-02-04 09:43:05,730	PDB Server  	T_pdb_server     	[INFO ]	Sys Volts: 23969 Sys Amps: 1348
2026-02-04 09:43:05,731	PDB Server  	T_pdb_server     	[INFO ]	12V rail Volts: 11998 12V rail Amps: 580
2026-02-04 09:43:05,731	PDB Server  	T_pdb_server     	[INFO ]	Energy[Joules]: 68039
2026-02-04 09:43:05,731	PDB Server  	T_pdb_server     	[INFO ]	Average Power: 54.631
2026-02-04 09:43:05,731	PDB Server  	T_pdb_server     	[INFO ]	Sys Volts average: 23961.7
2026-02-04 09:43:05,731	PDB Server  	T_pdb_server     	[INFO ]	mah from ltc4282 788.748
2026-02-04 09:43:06,432	BMS Server  	T_9BmsServer     	[DEBUG]	Battery temp -1
2026-02-04 09:43:10,433	BMS Server  	T_9BmsServer     	[DEBUG]	Battery temp -1
2026-02-04 09:43:10,866	DiskBatteryR	T_pdb_server     	[INFO ]	Writing to registry: battery 000000000000 uAH: 941592420
2026-02-04 09:43:10,866	DiskBatteryR	T_pdb_server     	[INFO ]	Writing to registry: battery 032225d763ff uAH: 190971
2026-02-04 09:43:10,866	BMS Server  	T_pdb_server     	[DEBUG]	Target = Full
2026-02-04 09:43:10,893	PDB Server  	T_pdb_server     	[INFO ]	Sys Volts: 23969 Sys Amps: 1348
2026-02-04 09:43:10,894	PDB Server  	T_pdb_server     	[INFO ]	12V rail Volts: 11998 12V rail Amps: 572
2026-02-04 09:43:10,894	PDB Server  	T_pdb_server     	[INFO ]	Energy[Joules]: 68206.2
2026-02-04 09:43:10,894	PDB Server  	T_pdb_server     	[INFO ]	Average Power: 54.5414
2026-02-04 09:43:10,894	PDB Server  	T_pdb_server     	[INFO ]	Sys Volts average: 23961.7
2026-02-04 09:43:10,894	PDB Server  	T_pdb_server     	[INFO ]	mah from ltc4282 790.685
2026-02-04 09:43:15,753	BMS Server  	T_9BmsServer     	[DEBUG]	Battery temp -1
2026-02-04 09:43:16,018	DiskBatteryR	T_pdb_server     	[INFO ]	Writing to registry: battery 000000000000 uAH: 941594376
2026-02-04 09:43:16,018	DiskBatteryR	T_pdb_server     	[INFO ]	Writing to registry: battery 032225d763ff uAH: 190971
2026-02-04 09:43:16,018	BMS Server  	T_pdb_server     	[DEBUG]	Target = Full
2026-02-04 09:43:16,045	PDB Server  	T_pdb_server     	[INFO ]	Sys Volts: 23969 Sys Amps: 1348
2026-02-04 09:43:16,045	PDB Server  	T_pdb_server     	[INFO ]	12V rail Volts: 11998 12V rail Amps: 578
2026-02-04 09:43:16,045	PDB Server  	T_pdb_server     	[INFO ]	Energy[Joules]: 68375.4
2026-02-04 09:43:16,045	PDB Server  	T_pdb_server     	[INFO ]	Average Power: 54.4513
2026-02-04 09:43:16,045	PDB Server  	T_pdb_server     	[INFO ]	Sys Volts average: 23961.7
2026-02-04 09:43:16,045	PDB Server  	T_pdb_server     	[INFO ]	mah from ltc4282 792.646
2026-02-04 09:43:19,737	BMS Server  	T_9BmsServer     	[DEBUG]	Battery temp -1
2026-02-04 09:43:21,172	DiskBatteryR	T_pdb_server     	[INFO ]	Writing to registry: battery 000000000000 uAH: 941596340
2026-02-04 09:43:21,173	DiskBatteryR	T_pdb_server     	[INFO ]	Writing to registry: battery 032225d763ff uAH: 190971
2026-02-04 09:43:21,173	BMS Server  	T_pdb_server     	[DEBUG]	Target = Full
2026-02-04 09:43:21,201	PDB Server  	T_pdb_server     	[INFO ]	Sys Volts: 23969 Sys Amps: 1438
2026-02-04 09:43:21,202	PDB Server  	T_pdb_server     	[INFO ]	12V rail Volts: 11998 12V rail Amps: 582
2026-02-04 09:43:21,202	PDB Server  	T_pdb_server     	[INFO ]	Energy[Joules]: 68545.3
2026-02-04 09:43:21,203	PDB Server  	T_pdb_server     	[INFO ]	Average Power: 54.3625
2026-02-04 09:43:21,203	PDB Server  	T_pdb_server     	[INFO ]	Sys Volts average: 23961.8
2026-02-04 09:43:21,203	PDB Server  	T_pdb_server     	[INFO ]	mah from ltc4282 794.614
2026-02-04 09:43:25,052	BMS Server  	T_9BmsServer     	[DEBUG]	Battery temp -1
2026-02-04 09:43:26,329	DiskBatteryR	T_pdb_server     	[INFO ]	Writing to registry: battery 000000000000 uAH: 941598297
2026-02-04 09:43:26,329	DiskBatteryR	T_pdb_server     	[INFO ]	Writing to registry: battery 032225d763ff uAH: 190971
2026-02-04 09:43:26,329	BMS Server  	T_pdb_server     	[DEBUG]	Target = Full
2026-02-04 09:43:26,356	PDB Server  	T_pdb_server     	[INFO ]	Sys Volts: 23977 Sys Amps: 1258
2026-02-04 09:43:26,356	PDB Server  	T_pdb_server     	[INFO ]	12V rail Volts: 11998 12V rail Amps: 569
2026-02-04 09:43:26,356	PDB Server  	T_pdb_server     	[INFO ]	Energy[Joules]: 68712.4
2026-02-04 09:43:26,356	PDB Server  	T_pdb_server     	[INFO ]	Average Power: 54.275
2026-02-04 09:43:26,356	PDB Server  	T_pdb_server     	[INFO ]	Sys Volts average: 23961.8
2026-02-04 09:43:26,356	PDB Server  	T_pdb_server     	[INFO ]	mah from ltc4282 796.55
2026-02-04 09:43:29,037	BMS Server  	T_9BmsServer     	[DEBUG]	Battery temp -1
2026-02-04 09:43:31,481	DiskBatteryR	T_pdb_server     	[INFO ]	Writing to registry: battery 000000000000 uAH: 941600248
2026-02-04 09:43:31,481	DiskBatteryR	T_pdb_server     	[INFO ]	Writing to registry: battery 032225d763ff uAH: 190971
2026-02-04 09:43:31,481	BMS Server  	T_pdb_server     	[DEBUG]	Target = Full
2026-02-04 09:43:31,509	PDB Server  	T_pdb_server     	[INFO ]	Sys Volts: 23969 Sys Amps: 1348
2026-02-04 09:43:31,509	PDB Server  	T_pdb_server     	[INFO ]	12V rail Volts: 11998 12V rail Amps: 580
2026-02-04 09:43:31,509	PDB Server  	T_pdb_server     	[INFO ]	Energy[Joules]: 68881.4
2026-02-04 09:43:31,509	PDB Server  	T_pdb_server     	[INFO ]	Average Power: 54.1869
2026-02-04 09:43:31,509	PDB Server  	T_pdb_server     	[INFO ]	Sys Volts average: 23961.9
2026-02-04 09:43:31,509	PDB Server  	T_pdb_server     	[INFO ]	mah from ltc4282 798.508
2026-02-04 09:43:34,353	BMS Server  	T_9BmsServer     	[DEBUG]	Battery temp -1
2026-02-04 09:43:36,633	DiskBatteryR	T_pdb_server     	[INFO ]	Writing to registry: battery 000000000000 uAH: 941602207
2026-02-04 09:43:36,634	DiskBatteryR	T_pdb_server     	[INFO ]	Writing to registry: battery 032225d763ff uAH: 190971
2026-02-04 09:43:36,634	BMS Server  	T_pdb_server     	[DEBUG]	Target = Full
2026-02-04 09:43:36,661	PDB Server  	T_pdb_server     	[INFO ]	Sys Volts: 23969 Sys Amps: 1348
2026-02-04 09:43:36,661	PDB Server  	T_pdb_server     	[INFO ]	12V rail Volts: 11998 12V rail Amps: 584
2026-02-04 09:43:36,661	PDB Server  	T_pdb_server     	[INFO ]	Energy[Joules]: 69050.7
2026-02-04 09:43:36,662	PDB Server  	T_pdb_server     	[INFO ]	Average Power: 54.0997
2026-02-04 09:43:36,662	PDB Server  	T_pdb_server     	[INFO ]	Sys Volts average: 23961.9
2026-02-04 09:43:36,662	PDB Server  	T_pdb_server     	[INFO ]	mah from ltc4282 800.469
2026-02-04 09:43:38,357	BMS Server  	T_9BmsServer     	[DEBUG]	Battery temp -1
2026-02-04 09:43:41,791	DiskBatteryR	T_pdb_server     	[INFO ]	Writing to registry: battery 000000000000 uAH: 941604154
2026-02-04 09:43:41,791	DiskBatteryR	T_pdb_server     	[INFO ]	Writing to registry: battery 032225d763ff uAH: 190971
2026-02-04 09:43:41,791	BMS Server  	T_pdb_server     	[DEBUG]	Target = Full
2026-02-04 09:43:41,819	PDB Server  	T_pdb_server     	[INFO ]	Sys Volts: 23977 Sys Amps: 1348
2026-02-04 09:43:41,819	PDB Server  	T_pdb_server     	[INFO ]	12V rail Volts: 11999 12V rail Amps: 572
2026-02-04 09:43:41,819	PDB Server  	T_pdb_server     	[INFO ]	Energy[Joules]: 69217.2
2026-02-04 09:43:41,819	PDB Server  	T_pdb_server     	[INFO ]	Average Power: 54.0138
2026-02-04 09:43:41,819	PDB Server  	T_pdb_server     	[INFO ]	Sys Volts average: 23961.9
2026-02-04 09:43:41,819	PDB Server  	T_pdb_server     	[INFO ]	mah from ltc4282 802.397
2026-02-04 09:43:43,673	BMS Server  	T_9BmsServer     	[DEBUG]	Battery temp -1
2026-02-04 09:43:46,954	DiskBatteryR	T_pdb_server     	[INFO ]	Writing to registry: battery 000000000000 uAH: 941606106
2026-02-04 09:43:46,954	DiskBatteryR	T_pdb_server     	[INFO ]	Writing to registry: battery 032225d763ff uAH: 190971
2026-02-04 09:43:46,954	BMS Server  	T_pdb_server     	[DEBUG]	Target = Full
2026-02-04 09:43:46,981	PDB Server  	T_pdb_server     	[INFO ]	Sys Volts: 23969 Sys Amps: 1348
2026-02-04 09:43:46,981	PDB Server  	T_pdb_server     	[INFO ]	12V rail Volts: 11998 12V rail Amps: 572
2026-02-04 09:43:46,981	PDB Server  	T_pdb_server     	[INFO ]	Energy[Joules]: 69385.9
2026-02-04 09:43:46,982	PDB Server  	T_pdb_server     	[INFO ]	Average Power: 53.9276
2026-02-04 09:43:46,982	PDB Server  	T_pdb_server     	[INFO ]	Sys Volts average: 23962
2026-02-04 09:43:46,982	PDB Server  	T_pdb_server     	[INFO ]	mah from ltc4282 804.352
2026-02-04 09:43:47,661	BMS Server  	T_9BmsServer     	[DEBUG]	Battery temp -1
2026-02-04 09:43:52,106	DiskBatteryR	T_pdb_server     	[INFO ]	Writing to registry: battery 000000000000 uAH: 941608052
2026-02-04 09:43:52,106	DiskBatteryR	T_pdb_server     	[INFO ]	Writing to registry: battery 032225d763ff uAH: 190971
2026-02-04 09:43:52,106	BMS Server  	T_pdb_server     	[DEBUG]	Target = Full
2026-02-04 09:43:52,134	PDB Server  	T_pdb_server     	[INFO ]	Sys Volts: 23969 Sys Amps: 1438
2026-02-04 09:43:52,134	PDB Server  	T_pdb_server     	[INFO ]	12V rail Volts: 11998 12V rail Amps: 575
2026-02-04 09:43:52,134	PDB Server  	T_pdb_server     	[INFO ]	Energy[Joules]: 69554
2026-02-04 09:43:52,134	PDB Server  	T_pdb_server     	[INFO ]	Average Power: 53.8417
2026-02-04 09:43:52,134	PDB Server  	T_pdb_server     	[INFO ]	Sys Volts average: 23962
2026-02-04 09:43:52,134	PDB Server  	T_pdb_server     	[INFO ]	mah from ltc4282 806.3
2026-02-04 09:43:52,981	BMS Server  	T_9BmsServer     	[DEBUG]	Battery temp -1
2026-02-04 09:43:56,969	BMS Server  	T_9BmsServer     	[DEBUG]	Battery temp -1
2026-02-04 09:43:57,261	DiskBatteryR	T_pdb_server     	[INFO ]	Writing to registry: battery 000000000000 uAH: 941610005
2026-02-04 09:43:57,261	DiskBatteryR	T_pdb_server     	[INFO ]	Writing to registry: battery 032225d763ff uAH: 190971
2026-02-04 09:43:57,261	BMS Server  	T_pdb_server     	[DEBUG]	Target = Full
2026-02-04 09:43:57,289	PDB Server  	T_pdb_server     	[INFO ]	Sys Volts: 23969 Sys Amps: 1348
2026-02-04 09:43:57,290	PDB Server  	T_pdb_server     	[INFO ]	12V rail Volts: 11999 12V rail Amps: 573
2026-02-04 09:43:57,290	PDB Server  	T_pdb_server     	[INFO ]	Energy[Joules]: 69720.9
2026-02-04 09:43:57,290	PDB Server  	T_pdb_server     	[INFO ]	Average Power: 53.7581
2026-02-04 09:43:57,290	PDB Server  	T_pdb_server     	[INFO ]	Sys Volts average: 23962.1
2026-02-04 09:43:57,290	PDB Server  	T_pdb_server     	[INFO ]	mah from ltc4282 808.233
2026-02-04 09:44:00,957	BMS Server  	T_9BmsServer     	[DEBUG]	Battery temp -1
2026-02-04 09:44:02,416	DiskBatteryR	T_pdb_server     	[INFO ]	Writing to registry: battery 000000000000 uAH: 941611946
2026-02-04 09:44:02,416	DiskBatteryR	T_pdb_server     	[INFO ]	Writing to registry: battery 032225d763ff uAH: 190971
2026-02-04 09:44:02,416	BMS Server  	T_pdb_server     	[DEBUG]	Target = Full
2026-02-04 09:44:02,443	PDB Server  	T_pdb_server     	[INFO ]	Sys Volts: 23977 Sys Amps: 1348
2026-02-04 09:44:02,443	PDB Server  	T_pdb_server     	[INFO ]	12V rail Volts: 11999 12V rail Amps: 573
2026-02-04 09:44:02,443	PDB Server  	T_pdb_server     	[INFO ]	Energy[Joules]: 69888.8
2026-02-04 09:44:02,443	PDB Server  	T_pdb_server     	[INFO ]	Average Power: 53.6733
2026-02-04 09:44:02,443	PDB Server  	T_pdb_server     	[INFO ]	Sys Volts average: 23962.1
2026-02-04 09:44:02,443	PDB Server  	T_pdb_server     	[INFO ]	mah from ltc4282 810.178
2026-02-04 09:44:06,277	BMS Server  	T_9BmsServer     	[DEBUG]	Battery temp -1
2026-02-04 09:44:07,568	DiskBatteryR	T_pdb_server     	[INFO ]	Writing to registry: battery 000000000000 uAH: 941613896
2026-02-04 09:44:07,568	DiskBatteryR	T_pdb_server     	[INFO ]	Writing to registry: battery 032225d763ff uAH: 190971
2026-02-04 09:44:07,569	BMS Server  	T_pdb_server     	[DEBUG]	Target = Full
2026-02-04 09:44:07,595	PDB Server  	T_pdb_server     	[INFO ]	Sys Volts: 23969 Sys Amps: 1348
2026-02-04 09:44:07,595	PDB Server  	T_pdb_server     	[INFO ]	12V rail Volts: 11998 12V rail Amps: 580
2026-02-04 09:44:07,595	PDB Server  	T_pdb_server     	[INFO ]	Energy[Joules]: 70057.7
2026-02-04 09:44:07,596	PDB Server  	T_pdb_server     	[INFO ]	Average Power: 53.5899
2026-02-04 09:44:07,596	PDB Server  	T_pdb_server     	[INFO ]	Sys Volts average: 23962.1
2026-02-04 09:44:07,596	PDB Server  	T_pdb_server     	[INFO ]	mah from ltc4282 812.134
2026-02-04 09:44:10,269	BMS Server  	T_9BmsServer     	[DEBUG]	Battery temp -1
2026-02-04 09:44:12,721	DiskBatteryR	T_pdb_server     	[INFO ]	Writing to registry: battery 000000000000 uAH: 941615847
2026-02-04 09:44:12,722	DiskBatteryR	T_pdb_server     	[INFO ]	Writing to registry: battery 032225d763ff uAH: 190971
2026-02-04 09:44:12,722	BMS Server  	T_pdb_server     	[DEBUG]	Target = Full
2026-02-04 09:44:12,751	PDB Server  	T_pdb_server     	[INFO ]	Sys Volts: 23977 Sys Amps: 1348
2026-02-04 09:44:12,751	PDB Server  	T_pdb_server     	[INFO ]	12V rail Volts: 11999 12V rail Amps: 581
2026-02-04 09:44:12,751	PDB Server  	T_pdb_server     	[INFO ]	Energy[Joules]: 70224.3
2026-02-04 09:44:12,751	PDB Server  	T_pdb_server     	[INFO ]	Average Power: 53.5081
2026-02-04 09:44:12,751	PDB Server  	T_pdb_server     	[INFO ]	Sys Volts average: 23962.2
2026-02-04 09:44:12,751	PDB Server  	T_pdb_server     	[INFO ]	mah from ltc4282 814.064
2026-02-04 09:44:15,585	BMS Server  	T_9BmsServer     	[DEBUG]	Battery temp -1
2026-02-04 09:44:17,880	DiskBatteryR	T_pdb_server     	[INFO ]	Writing to registry: battery 000000000000 uAH: 941617804
2026-02-04 09:44:17,880	DiskBatteryR	T_pdb_server     	[INFO ]	Writing to registry: battery 032225d763ff uAH: 190971
2026-02-04 09:44:17,880	BMS Server  	T_pdb_server     	[DEBUG]	Target = Full
2026-02-04 09:44:17,909	PDB Server  	T_pdb_server     	[INFO ]	Sys Volts: 23969 Sys Amps: 1348
2026-02-04 09:44:17,909	PDB Server  	T_pdb_server     	[INFO ]	12V rail Volts: 11998 12V rail Amps: 578
2026-02-04 09:44:17,910	PDB Server  	T_pdb_server     	[INFO ]	Energy[Joules]: 70393.4
2026-02-04 09:44:17,910	PDB Server  	T_pdb_server     	[INFO ]	Average Power: 53.4263
2026-02-04 09:44:17,910	PDB Server  	T_pdb_server     	[INFO ]	Sys Volts average: 23962.2
2026-02-04 09:44:17,910	PDB Server  	T_pdb_server     	[INFO ]	mah from ltc4282 816.023
2026-02-04 09:44:19,569	BMS Server  	T_9BmsServer     	[DEBUG]	Battery temp -1
2026-02-04 09:44:23,036	DiskBatteryR	T_pdb_server     	[INFO ]	Writing to registry: battery 000000000000 uAH: 941619750
2026-02-04 09:44:23,036	DiskBatteryR	T_pdb_server     	[INFO ]	Writing to registry: battery 032225d763ff uAH: 190971
2026-02-04 09:44:23,036	BMS Server  	T_pdb_server     	[DEBUG]	Target = Full
2026-02-04 09:44:23,064	PDB Server  	T_pdb_server     	[INFO ]	Sys Volts: 23977 Sys Amps: 1348
2026-02-04 09:44:23,064	PDB Server  	T_pdb_server     	[INFO ]	12V rail Volts: 11998 12V rail Amps: 575
2026-02-04 09:44:23,064	PDB Server  	T_pdb_server     	[INFO ]	Energy[Joules]: 70561.6
2026-02-04 09:44:23,064	PDB Server  	T_pdb_server     	[INFO ]	Average Power: 53.3443
2026-02-04 09:44:23,064	PDB Server  	T_pdb_server     	[INFO ]	Sys Volts average: 23962.3
2026-02-04 09:44:23,064	PDB Server  	T_pdb_server     	[INFO ]	mah from ltc4282 817.971
2026-02-04 09:44:24,881	BMS Server  	T_9BmsServer     	[DEBUG]	Battery temp -1
2026-02-04 09:44:28,189	DiskBatteryR	T_pdb_server     	[INFO ]	Writing to registry: battery 000000000000 uAH: 941621690
2026-02-04 09:44:28,189	DiskBatteryR	T_pdb_server     	[INFO ]	Writing to registry: battery 032225d763ff uAH: 190971
2026-02-04 09:44:28,189	BMS Server  	T_pdb_server     	[DEBUG]	Target = Full
2026-02-04 09:44:28,217	PDB Server  	T_pdb_server     	[INFO ]	Sys Volts: 23969 Sys Amps: 1348
2026-02-04 09:44:28,217	PDB Server  	T_pdb_server     	[INFO ]	12V rail Volts: 11999 12V rail Amps: 580
2026-02-04 09:44:28,217	PDB Server  	T_pdb_server     	[INFO ]	Energy[Joules]: 70727.5
2026-02-04 09:44:28,217	PDB Server  	T_pdb_server     	[INFO ]	Average Power: 53.2639
2026-02-04 09:44:28,217	PDB Server  	T_pdb_server     	[INFO ]	Sys Volts average: 23962.3
2026-02-04 09:44:28,217	PDB Server  	T_pdb_server     	[INFO ]	mah from ltc4282 819.893
2026-02-04 09:44:28,869	BMS Server  	T_9BmsServer     	[DEBUG]	Battery temp -1
2026-02-04 09:44:33,341	DiskBatteryR	T_pdb_server     	[INFO ]	Writing to registry: battery 000000000000 uAH: 941623636
2026-02-04 09:44:33,341	DiskBatteryR	T_pdb_server     	[INFO ]	Writing to registry: battery 032225d763ff uAH: 190971
2026-02-04 09:44:33,341	BMS Server  	T_pdb_server     	[DEBUG]	Target = Full
2026-02-04 09:44:33,369	PDB Server  	T_pdb_server     	[INFO ]	Sys Volts: 23969 Sys Amps: 1348
2026-02-04 09:44:33,369	PDB Server  	T_pdb_server     	[INFO ]	12V rail Volts: 11998 12V rail Amps: 577
2026-02-04 09:44:33,369	PDB Server  	T_pdb_server     	[INFO ]	Energy[Joules]: 70895.9
2026-02-04 09:44:33,369	PDB Server  	T_pdb_server     	[INFO ]	Average Power: 53.1834
2026-02-04 09:44:33,369	PDB Server  	T_pdb_server     	[INFO ]	Sys Volts average: 23962.3
2026-02-04 09:44:33,369	PDB Server  	T_pdb_server     	[INFO ]	mah from ltc4282 821.844
2026-02-04 09:44:34,205	BMS Server  	T_9BmsServer     	[DEBUG]	Battery temp -1
2026-02-04 09:44:38,193	BMS Server  	T_9BmsServer     	[DEBUG]	Battery temp -1
2026-02-04 09:44:38,496	DiskBatteryR	T_pdb_server     	[INFO ]	Writing to registry: battery 000000000000 uAH: 941625584
2026-02-04 09:44:38,496	DiskBatteryR	T_pdb_server     	[INFO ]	Writing to registry: battery 032225d763ff uAH: 190971
2026-02-04 09:44:38,496	BMS Server  	T_pdb_server     	[DEBUG]	Target = Full
2026-02-04 09:44:38,524	PDB Server  	T_pdb_server     	[INFO ]	Sys Volts: 23977 Sys Amps: 1348
2026-02-04 09:44:38,524	PDB Server  	T_pdb_server     	[INFO ]	12V rail Volts: 11999 12V rail Amps: 576
2026-02-04 09:44:38,524	PDB Server  	T_pdb_server     	[INFO ]	Energy[Joules]: 71062.3
2026-02-04 09:44:38,524	PDB Server  	T_pdb_server     	[INFO ]	Average Power: 53.1045
2026-02-04 09:44:38,524	PDB Server  	T_pdb_server     	[INFO ]	Sys Volts average: 23962.4
2026-02-04 09:44:38,524	PDB Server  	T_pdb_server     	[INFO ]	mah from ltc4282 823.771
2026-02-04 09:44:43,505	BMS Server  	T_9BmsServer     	[DEBUG]	Battery temp -1
2026-02-04 09:44:43,649	DiskBatteryR	T_pdb_server     	[INFO ]	Writing to registry: battery 000000000000 uAH: 941627525
2026-02-04 09:44:43,649	DiskBatteryR	T_pdb_server     	[INFO ]	Writing to registry: battery 032225d763ff uAH: 190971
2026-02-04 09:44:43,650	BMS Server  	T_pdb_server     	[DEBUG]	Target = Full
2026-02-04 09:44:43,678	PDB Server  	T_pdb_server     	[INFO ]	Sys Volts: 23969 Sys Amps: 1348
2026-02-04 09:44:43,678	PDB Server  	T_pdb_server     	[INFO ]	12V rail Volts: 11998 12V rail Amps: 584
2026-02-04 09:44:43,678	PDB Server  	T_pdb_server     	[INFO ]	Energy[Joules]: 71230.3
2026-02-04 09:44:43,678	PDB Server  	T_pdb_server     	[INFO ]	Average Power: 53.0249
2026-02-04 09:44:43,678	PDB Server  	T_pdb_server     	[INFO ]	Sys Volts average: 23962.4
2026-02-04 09:44:43,678	PDB Server  	T_pdb_server     	[INFO ]	mah from ltc4282 825.717
2026-02-04 09:44:47,497	BMS Server  	T_9BmsServer     	[DEBUG]	Battery temp -1
2026-02-04 09:44:48,803	DiskBatteryR	T_pdb_server     	[INFO ]	Writing to registry: battery 000000000000 uAH: 941629475
2026-02-04 09:44:48,804	DiskBatteryR	T_pdb_server     	[INFO ]	Writing to registry: battery 032225d763ff uAH: 190971
2026-02-04 09:44:48,804	BMS Server  	T_pdb_server     	[DEBUG]	Target = Full
2026-02-04 09:44:48,831	PDB Server  	T_pdb_server     	[INFO ]	Sys Volts: 23969 Sys Amps: 1348
2026-02-04 09:44:48,831	PDB Server  	T_pdb_server     	[INFO ]	12V rail Volts: 11998 12V rail Amps: 572
2026-02-04 09:44:48,831	PDB Server  	T_pdb_server     	[INFO ]	Energy[Joules]: 71398.7
2026-02-04 09:44:48,831	PDB Server  	T_pdb_server     	[INFO ]	Average Power: 52.9462
2026-02-04 09:44:48,831	PDB Server  	T_pdb_server     	[INFO ]	Sys Volts average: 23962.5
2026-02-04 09:44:48,831	PDB Server  	T_pdb_server     	[INFO ]	mah from ltc4282 827.669
2026-02-04 09:44:52,825	BMS Server  	T_9BmsServer     	[DEBUG]	Battery temp -1
2026-02-04 09:44:53,959	DiskBatteryR	T_pdb_server     	[INFO ]	Writing to registry: battery 000000000000 uAH: 941631408
2026-02-04 09:44:53,959	DiskBatteryR	T_pdb_server     	[INFO ]	Writing to registry: battery 032225d763ff uAH: 190971
2026-02-04 09:44:53,959	BMS Server  	T_pdb_server     	[DEBUG]	Target = Full
2026-02-04 09:44:53,988	PDB Server  	T_pdb_server     	[INFO ]	Sys Volts: 23977 Sys Amps: 1348
2026-02-04 09:44:53,988	PDB Server  	T_pdb_server     	[INFO ]	12V rail Volts: 11998 12V rail Amps: 582
2026-02-04 09:44:53,988	PDB Server  	T_pdb_server     	[INFO ]	Energy[Joules]: 71563.9
2026-02-04 09:44:53,988	PDB Server  	T_pdb_server     	[INFO ]	Average Power: 52.8683
2026-02-04 09:44:53,988	PDB Server  	T_pdb_server     	[INFO ]	Sys Volts average: 23962.5
2026-02-04 09:44:53,988	PDB Server  	T_pdb_server     	[INFO ]	mah from ltc4282 829.583
2026-02-04 09:44:56,812	BMS Server  	T_9BmsServer     	[DEBUG]	Battery temp -1
2026-02-04 09:44:59,119	DiskBatteryR	T_pdb_server     	[INFO ]	Writing to registry: battery 000000000000 uAH: 941633355
2026-02-04 09:44:59,119	DiskBatteryR	T_pdb_server     	[INFO ]	Writing to registry: battery 032225d763ff uAH: 190971
2026-02-04 09:44:59,119	BMS Server  	T_pdb_server     	[DEBUG]	Target = Full
2026-02-04 09:44:59,148	PDB Server  	T_pdb_server     	[INFO ]	Sys Volts: 23977 Sys Amps: 1348
2026-02-04 09:44:59,148	PDB Server  	T_pdb_server     	[INFO ]	12V rail Volts: 11998 12V rail Amps: 574
2026-02-04 09:44:59,148	PDB Server  	T_pdb_server     	[INFO ]	Energy[Joules]: 71732.4
2026-02-04 09:44:59,148	PDB Server  	T_pdb_server     	[INFO ]	Average Power: 52.7909
2026-02-04 09:44:59,148	PDB Server  	T_pdb_server     	[INFO ]	Sys Volts average: 23962.5
2026-02-04 09:44:59,149	PDB Server  	T_pdb_server     	[INFO ]	mah from ltc4282 831.534
2026-02-04 09:45:02,133	BMS Server  	T_9BmsServer     	[DEBUG]	Battery temp -1
2026-02-04 09:45:04,279	DiskBatteryR	T_pdb_server     	[INFO ]	Writing to registry: battery 000000000000 uAH: 941635305
2026-02-04 09:45:04,281	DiskBatteryR	T_pdb_server     	[INFO ]	Writing to registry: battery 032225d763ff uAH: 190971
2026-02-04 09:45:04,282	BMS Server  	T_pdb_server     	[DEBUG]	Target = Full
2026-02-04 09:45:04,310	PDB Server  	T_pdb_server     	[INFO ]	Sys Volts: 23969 Sys Amps: 1348
2026-02-04 09:45:04,310	PDB Server  	T_pdb_server     	[INFO ]	12V rail Volts: 11998 12V rail Amps: 579
2026-02-04 09:45:04,310	PDB Server  	T_pdb_server     	[INFO ]	Energy[Joules]: 71900.7
2026-02-04 09:45:04,310	PDB Server  	T_pdb_server     	[INFO ]	Average Power: 52.7139
2026-02-04 09:45:04,310	PDB Server  	T_pdb_server     	[INFO ]	Sys Volts average: 23962.6
2026-02-04 09:45:04,310	PDB Server  	T_pdb_server     	[INFO ]	mah from ltc4282 833.483
2026-02-04 09:45:06,129	BMS Server  	T_9BmsServer     	[DEBUG]	Battery temp -1
2026-02-04 09:45:09,434	DiskBatteryR	T_pdb_server     	[INFO ]	Writing to registry: battery 000000000000 uAH: 941637248
2026-02-04 09:45:09,434	DiskBatteryR	T_pdb_server     	[INFO ]	Writing to registry: battery 032225d763ff uAH: 190971
2026-02-04 09:45:09,434	BMS Server  	T_pdb_server     	[DEBUG]	Target = Full
2026-02-04 09:45:09,462	PDB Server  	T_pdb_server     	[INFO ]	Sys Volts: 23969 Sys Amps: 1348
2026-02-04 09:45:09,462	PDB Server  	T_pdb_server     	[INFO ]	12V rail Volts: 11998 12V rail Amps: 576
2026-02-04 09:45:09,462	PDB Server  	T_pdb_server     	[INFO ]	Energy[Joules]: 72069
2026-02-04 09:45:09,462	PDB Server  	T_pdb_server     	[INFO ]	Average Power: 52.6375
2026-02-04 09:45:09,462	PDB Server  	T_pdb_server     	[INFO ]	Sys Volts average: 23962.6
2026-02-04 09:45:09,462	PDB Server  	T_pdb_server     	[INFO ]	mah from ltc4282 835.433
2026-02-04 09:45:10,125	BMS Server  	T_9BmsServer     	[DEBUG]	Battery temp -1
2026-02-04 09:45:14,585	DiskBatteryR	T_pdb_server     	[INFO ]	Writing to registry: battery 000000000000 uAH: 941639190
2026-02-04 09:45:14,585	DiskBatteryR	T_pdb_server     	[INFO ]	Writing to registry: battery 032225d763ff uAH: 190971
2026-02-04 09:45:14,585	BMS Server  	T_pdb_server     	[DEBUG]	Target = Full
2026-02-04 09:45:14,612	PDB Server  	T_pdb_server     	[INFO ]	Sys Volts: 23969 Sys Amps: 1348
2026-02-04 09:45:14,612	PDB Server  	T_pdb_server     	[INFO ]	12V rail Volts: 11999 12V rail Amps: 577
2026-02-04 09:45:14,612	PDB Server  	T_pdb_server     	[INFO ]	Energy[Joules]: 72234.9
2026-02-04 09:45:14,612	PDB Server  	T_pdb_server     	[INFO ]	Average Power: 52.5624
2026-02-04 09:45:14,612	PDB Server  	T_pdb_server     	[INFO ]	Sys Volts average: 23962.7
2026-02-04 09:45:14,612	PDB Server  	T_pdb_server     	[INFO ]	mah from ltc4282 837.355
2026-02-04 09:45:15,453	BMS Server  	T_9BmsServer     	[DEBUG]	Battery temp -1
2026-02-04 09:45:19,437	BMS Server  	T_9BmsServer     	[DEBUG]	Battery temp -1
2026-02-04 09:45:19,737	DiskBatteryR	T_pdb_server     	[INFO ]	Writing to registry: battery 000000000000 uAH: 941641127
2026-02-04 09:45:19,737	DiskBatteryR	T_pdb_server     	[INFO ]	Writing to registry: battery 032225d763ff uAH: 190971
2026-02-04 09:45:19,737	BMS Server  	T_pdb_server     	[DEBUG]	Target = Full
2026-02-04 09:45:19,766	PDB Server  	T_pdb_server     	[INFO ]	Sys Volts: 23977 Sys Amps: 1348
2026-02-04 09:45:19,766	PDB Server  	T_pdb_server     	[INFO ]	12V rail Volts: 11998 12V rail Amps: 571
2026-02-04 09:45:19,766	PDB Server  	T_pdb_server     	[INFO ]	Energy[Joules]: 72402.6
2026-02-04 09:45:19,766	PDB Server  	T_pdb_server     	[INFO ]	Average Power: 52.4867
2026-02-04 09:45:19,766	PDB Server  	T_pdb_server     	[INFO ]	Sys Volts average: 23962.7
2026-02-04 09:45:19,766	PDB Server  	T_pdb_server     	[INFO ]	mah from ltc4282 839.298
2026-02-04 09:45:24,765	BMS Server  	T_9BmsServer     	[DEBUG]	Battery temp -1
2026-02-04 09:45:24,891	DiskBatteryR	T_pdb_server     	[INFO ]	Writing to registry: battery 000000000000 uAH: 941643073
2026-02-04 09:45:24,891	DiskBatteryR	T_pdb_server     	[INFO ]	Writing to registry: battery 032225d763ff uAH: 190971
2026-02-04 09:45:24,891	BMS Server  	T_pdb_server     	[DEBUG]	Target = Full
2026-02-04 09:45:24,918	PDB Server  	T_pdb_server     	[INFO ]	Sys Volts: 23977 Sys Amps: 1348
2026-02-04 09:45:24,919	PDB Server  	T_pdb_server     	[INFO ]	12V rail Volts: 11999 12V rail Amps: 580
2026-02-04 09:45:24,919	PDB Server  	T_pdb_server     	[INFO ]	Energy[Joules]: 72568.8
2026-02-04 09:45:24,919	PDB Server  	T_pdb_server     	[INFO ]	Average Power: 52.413
2026-02-04 09:45:24,919	PDB Server  	T_pdb_server     	[INFO ]	Sys Volts average: 23962.7
2026-02-04 09:45:24,919	PDB Server  	T_pdb_server     	[INFO ]	mah from ltc4282 841.223
2026-02-04 09:45:28,761	BMS Server  	T_9BmsServer     	[DEBUG]	Battery temp -1
2026-02-04 09:45:30,043	DiskBatteryR	T_pdb_server     	[INFO ]	Writing to registry: battery 000000000000 uAH: 941645020
2026-02-04 09:45:30,043	DiskBatteryR	T_pdb_server     	[INFO ]	Writing to registry: battery 032225d763ff uAH: 190971
2026-02-04 09:45:30,043	BMS Server  	T_pdb_server     	[DEBUG]	Target = Full
2026-02-04 09:45:30,071	PDB Server  	T_pdb_server     	[INFO ]	Sys Volts: 23969 Sys Amps: 1258
2026-02-04 09:45:30,071	PDB Server  	T_pdb_server     	[INFO ]	12V rail Volts: 11999 12V rail Amps: 577
2026-02-04 09:45:30,071	PDB Server  	T_pdb_server     	[INFO ]	Energy[Joules]: 72737.2
2026-02-04 09:45:30,071	PDB Server  	T_pdb_server     	[INFO ]	Average Power: 52.3389
2026-02-04 09:45:30,071	PDB Server  	T_pdb_server     	[INFO ]	Sys Volts average: 23962.8
2026-02-04 09:45:30,071	PDB Server  	T_pdb_server     	[INFO ]	mah from ltc4282 843.175
2026-02-04 09:45:34,077	BMS Server  	T_9BmsServer     	[DEBUG]	Battery temp -1
2026-02-04 09:45:35,197	DiskBatteryR	T_pdb_server     	[INFO ]	Writing to registry: battery 000000000000 uAH: 941646968
2026-02-04 09:45:35,197	DiskBatteryR	T_pdb_server     	[INFO ]	Writing to registry: battery 032225d763ff uAH: 190971
2026-02-04 09:45:35,197	BMS Server  	T_pdb_server     	[DEBUG]	Target = Full
2026-02-04 09:45:35,228	PDB Server  	T_pdb_server     	[INFO ]	Sys Volts: 23977 Sys Amps: 1348
2026-02-04 09:45:35,228	PDB Server  	T_pdb_server     	[INFO ]	12V rail Volts: 11998 12V rail Amps: 584
2026-02-04 09:45:35,228	PDB Server  	T_pdb_server     	[INFO ]	Energy[Joules]: 72905.9
2026-02-04 09:45:35,229	PDB Server  	T_pdb_server     	[INFO ]	Average Power: 52.2656
2026-02-04 09:45:35,229	PDB Server  	T_pdb_server     	[INFO ]	Sys Volts average: 23962.8
2026-02-04 09:45:35,229	PDB Server  	T_pdb_server     	[INFO ]	mah from ltc4282 845.129
2026-02-04 09:45:38,069	BMS Server  	T_9BmsServer     	[DEBUG]	Battery temp -1
2026-02-04 09:45:40,362	DiskBatteryR	T_pdb_server     	[INFO ]	Writing to registry: battery 000000000000 uAH: 941648922
2026-02-04 09:45:40,362	DiskBatteryR	T_pdb_server     	[INFO ]	Writing to registry: battery 032225d763ff uAH: 190971
2026-02-04 09:45:40,362	BMS Server  	T_pdb_server     	[DEBUG]	Target = Full
2026-02-04 09:45:40,389	PDB Server  	T_pdb_server     	[INFO ]	Sys Volts: 23969 Sys Amps: 1348
2026-02-04 09:45:40,390	PDB Server  	T_pdb_server     	[INFO ]	12V rail Volts: 11998 12V rail Amps: 571
2026-02-04 09:45:40,390	PDB Server  	T_pdb_server     	[INFO ]	Energy[Joules]: 73072.4
2026-02-04 09:45:40,390	PDB Server  	T_pdb_server     	[INFO ]	Average Power: 52.1937
2026-02-04 09:45:40,390	PDB Server  	T_pdb_server     	[INFO ]	Sys Volts average: 23962.8
2026-02-04 09:45:40,390	PDB Server  	T_pdb_server     	[INFO ]	mah from ltc4282 847.058
2026-02-04 09:45:43,385	BMS Server  	T_9BmsServer     	[DEBUG]	Battery temp -1
2026-02-04 09:45:45,514	DiskBatteryR	T_pdb_server     	[INFO ]	Writing to registry: battery 000000000000 uAH: 941650860
2026-02-04 09:45:45,515	DiskBatteryR	T_pdb_server     	[INFO ]	Writing to registry: battery 032225d763ff uAH: 190971
2026-02-04 09:45:45,515	BMS Server  	T_pdb_server     	[DEBUG]	Target = Full
2026-02-04 09:45:45,543	PDB Server  	T_pdb_server     	[INFO ]	Sys Volts: 23977 Sys Amps: 1258
2026-02-04 09:45:45,543	PDB Server  	T_pdb_server     	[INFO ]	12V rail Volts: 11998 12V rail Amps: 580
2026-02-04 09:45:45,543	PDB Server  	T_pdb_server     	[INFO ]	Energy[Joules]: 73240.1
2026-02-04 09:45:45,544	PDB Server  	T_pdb_server     	[INFO ]	Average Power: 52.1207
2026-02-04 09:45:45,544	PDB Server  	T_pdb_server     	[INFO ]	Sys Volts average: 23962.8
2026-02-04 09:45:45,544	PDB Server  	T_pdb_server     	[INFO ]	mah from ltc4282 849.001
2026-02-04 09:45:47,373	BMS Server  	T_9BmsServer     	[DEBUG]	Battery temp -1
2026-02-04 09:45:50,670	DiskBatteryR	T_pdb_server     	[INFO ]	Writing to registry: battery 000000000000 uAH: 941652800
2026-02-04 09:45:50,670	DiskBatteryR	T_pdb_server     	[INFO ]	Writing to registry: battery 032225d763ff uAH: 190971
2026-02-04 09:45:50,670	BMS Server  	T_pdb_server     	[DEBUG]	Target = Full
2026-02-04 09:45:50,697	PDB Server  	T_pdb_server     	[INFO ]	Sys Volts: 23969 Sys Amps: 1348
2026-02-04 09:45:50,697	PDB Server  	T_pdb_server     	[INFO ]	12V rail Volts: 11998 12V rail Amps: 579
2026-02-04 09:45:50,697	PDB Server  	T_pdb_server     	[INFO ]	Energy[Joules]: 73408
2026-02-04 09:45:50,697	PDB Server  	T_pdb_server     	[INFO ]	Average Power: 52.0484
2026-02-04 09:45:50,697	PDB Server  	T_pdb_server     	[INFO ]	Sys Volts average: 23962.9
2026-02-04 09:45:50,697	PDB Server  	T_pdb_server     	[INFO ]	mah from ltc4282 850.946
2026-02-04 09:45:52,693	BMS Server  	T_9BmsServer     	[DEBUG]	Battery temp -1
2026-02-04 09:45:55,824	DiskBatteryR	T_pdb_server     	[INFO ]	Writing to registry: battery 000000000000 uAH: 941654754
2026-02-04 09:45:55,824	DiskBatteryR	T_pdb_server     	[INFO ]	Writing to registry: battery 032225d763ff uAH: 190971
2026-02-04 09:45:55,824	BMS Server  	T_pdb_server     	[DEBUG]	Target = Full
2026-02-04 09:45:55,852	PDB Server  	T_pdb_server     	[INFO ]	Sys Volts: 23969 Sys Amps: 1438
2026-02-04 09:45:55,852	PDB Server  	T_pdb_server     	[INFO ]	12V rail Volts: 11998 12V rail Amps: 576
2026-02-04 09:45:55,852	PDB Server  	T_pdb_server     	[INFO ]	Energy[Joules]: 73574.9
2026-02-04 09:45:55,852	PDB Server  	T_pdb_server     	[INFO ]	Average Power: 51.9784
2026-02-04 09:45:55,852	PDB Server  	T_pdb_server     	[INFO ]	Sys Volts average: 23962.9
2026-02-04 09:45:55,852	PDB Server  	T_pdb_server     	[INFO ]	mah from ltc4282 852.879
2026-02-04 09:45:56,681	BMS Server  	T_9BmsServer     	[DEBUG]	Battery temp -1
2026-02-04 09:46:00,975	DiskBatteryR	T_pdb_server     	[INFO ]	Writing to registry: battery 000000000000 uAH: 941656690
2026-02-04 09:46:00,975	DiskBatteryR	T_pdb_server     	[INFO ]	Writing to registry: battery 032225d763ff uAH: 190971
2026-02-04 09:46:00,976	BMS Server  	T_pdb_server     	[DEBUG]	Target = Full
2026-02-04 09:46:01,004	PDB Server  	T_pdb_server     	[INFO ]	Sys Volts: 23977 Sys Amps: 1348
2026-02-04 09:46:01,004	PDB Server  	T_pdb_server     	[INFO ]	12V rail Volts: 11998 12V rail Amps: 582
2026-02-04 09:46:01,004	PDB Server  	T_pdb_server     	[INFO ]	Energy[Joules]: 73742.3
2026-02-04 09:46:01,004	PDB Server  	T_pdb_server     	[INFO ]	Average Power: 51.9068
2026-02-04 09:46:01,004	PDB Server  	T_pdb_server     	[INFO ]	Sys Volts average: 23962.9
2026-02-04 09:46:01,004	PDB Server  	T_pdb_server     	[INFO ]	mah from ltc4282 854.819
2026-02-04 09:46:02,013	BMS Server  	T_9BmsServer     	[DEBUG]	Battery temp -1
2026-02-04 09:46:06,005	BMS Server  	T_9BmsServer     	[DEBUG]	Battery temp -1
2026-02-04 09:46:06,128	DiskBatteryR	T_pdb_server     	[INFO ]	Writing to registry: battery 000000000000 uAH: 941658618
2026-02-04 09:46:06,128	DiskBatteryR	T_pdb_server     	[INFO ]	Writing to registry: battery 032225d763ff uAH: 190971
2026-02-04 09:46:06,128	BMS Server  	T_pdb_server     	[DEBUG]	Target = Full
2026-02-04 09:46:06,155	PDB Server  	T_pdb_server     	[INFO ]	Sys Volts: 23969 Sys Amps: 1438
2026-02-04 09:46:06,155	PDB Server  	T_pdb_server     	[INFO ]	12V rail Volts: 11998 12V rail Amps: 573
2026-02-04 09:46:06,155	PDB Server  	T_pdb_server     	[INFO ]	Energy[Joules]: 73909.3
2026-02-04 09:46:06,156	PDB Server  	T_pdb_server     	[INFO ]	Average Power: 51.8355
2026-02-04 09:46:06,156	PDB Server  	T_pdb_server     	[INFO ]	Sys Volts average: 23963
2026-02-04 09:46:06,156	PDB Server  	T_pdb_server     	[INFO ]	mah from ltc4282 856.754
2026-02-04 09:46:09,988	BMS Server  	T_9BmsServer     	[DEBUG]	Battery temp -1
2026-02-04 09:46:11,281	DiskBatteryR	T_pdb_server     	[INFO ]	Writing to registry: battery 000000000000 uAH: 941660552
2026-02-04 09:46:11,282	DiskBatteryR	T_pdb_server     	[INFO ]	Writing to registry: battery 032225d763ff uAH: 190971
2026-02-04 09:46:11,282	BMS Server  	T_pdb_server     	[DEBUG]	Target = Full
2026-02-04 09:46:11,309	PDB Server  	T_pdb_server     	[INFO ]	Sys Volts: 23969 Sys Amps: 1438
2026-02-04 09:46:11,309	PDB Server  	T_pdb_server     	[INFO ]	12V rail Volts: 11998 12V rail Amps: 579
2026-02-04 09:46:11,309	PDB Server  	T_pdb_server     	[INFO ]	Energy[Joules]: 74074.8
2026-02-04 09:46:11,310	PDB Server  	T_pdb_server     	[INFO ]	Average Power: 51.7659
2026-02-04 09:46:11,310	PDB Server  	T_pdb_server     	[INFO ]	Sys Volts average: 23963
2026-02-04 09:46:11,310	PDB Server  	T_pdb_server     	[INFO ]	mah from ltc4282 858.672
2026-02-04 09:46:15,309	BMS Server  	T_9BmsServer     	[DEBUG]	Battery temp -1
2026-02-04 09:46:16,437	DiskBatteryR	T_pdb_server     	[INFO ]	Writing to registry: battery 000000000000 uAH: 941662497
2026-02-04 09:46:16,437	DiskBatteryR	T_pdb_server     	[INFO ]	Writing to registry: battery 032225d763ff uAH: 190971
2026-02-04 09:46:16,437	BMS Server  	T_pdb_server     	[DEBUG]	Target = Full
2026-02-04 09:46:16,465	PDB Server  	T_pdb_server     	[INFO ]	Sys Volts: 23969 Sys Amps: 1348
2026-02-04 09:46:16,465	PDB Server  	T_pdb_server     	[INFO ]	12V rail Volts: 11998 12V rail Amps: 577
2026-02-04 09:46:16,465	PDB Server  	T_pdb_server     	[INFO ]	Energy[Joules]: 74242.8
2026-02-04 09:46:16,465	PDB Server  	T_pdb_server     	[INFO ]	Average Power: 51.6963
2026-02-04 09:46:16,465	PDB Server  	T_pdb_server     	[INFO ]	Sys Volts average: 23963
2026-02-04 09:46:16,466	PDB Server  	T_pdb_server     	[INFO ]	mah from ltc4282 860.618
2026-02-04 09:46:19,309	BMS Server  	T_9BmsServer     	[DEBUG]	Battery temp -1
2026-02-04 09:46:21,591	DiskBatteryR	T_pdb_server     	[INFO ]	Writing to registry: battery 000000000000 uAH: 941664448
2026-02-04 09:46:21,591	DiskBatteryR	T_pdb_server     	[INFO ]	Writing to registry: battery 032225d763ff uAH: 190971
2026-02-04 09:46:21,591	BMS Server  	T_pdb_server     	[DEBUG]	Target = Full
2026-02-04 09:46:21,618	PDB Server  	T_pdb_server     	[INFO ]	Sys Volts: 23977 Sys Amps: 1348
2026-02-04 09:46:21,618	PDB Server  	T_pdb_server     	[INFO ]	12V rail Volts: 11999 12V rail Amps: 583
2026-02-04 09:46:21,619	PDB Server  	T_pdb_server     	[INFO ]	Energy[Joules]: 74411.8
2026-02-04 09:46:21,619	PDB Server  	T_pdb_server     	[INFO ]	Average Power: 51.6278
2026-02-04 09:46:21,619	PDB Server  	T_pdb_server     	[INFO ]	Sys Volts average: 23963
2026-02-04 09:46:21,619	PDB Server  	T_pdb_server     	[INFO ]	mah from ltc4282 862.576
2026-02-04 09:46:24,637	BMS Server  	T_9BmsServer     	[DEBUG]	Battery temp -1
2026-02-04 09:46:26,744	DiskBatteryR	T_pdb_server     	[INFO ]	Writing to registry: battery 000000000000 uAH: 941666400
2026-02-04 09:46:26,744	DiskBatteryR	T_pdb_server     	[INFO ]	Writing to registry: battery 032225d763ff uAH: 190971
2026-02-04 09:46:26,744	BMS Server  	T_pdb_server     	[DEBUG]	Target = Full
2026-02-04 09:46:26,773	PDB Server  	T_pdb_server     	[INFO ]	Sys Volts: 23969 Sys Amps: 1348
2026-02-04 09:46:26,773	PDB Server  	T_pdb_server     	[INFO ]	12V rail Volts: 11999 12V rail Amps: 577
2026-02-04 09:46:26,773	PDB Server  	T_pdb_server     	[INFO ]	Energy[Joules]: 74578.2
2026-02-04 09:46:26,773	PDB Server  	T_pdb_server     	[INFO ]	Average Power: 51.5605
2026-02-04 09:46:26,773	PDB Server  	T_pdb_server     	[INFO ]	Sys Volts average: 23963.1
2026-02-04 09:46:26,773	PDB Server  	T_pdb_server     	[INFO ]	mah from ltc4282 864.505
2026-02-04 09:46:28,633	BMS Server  	T_9BmsServer     	[DEBUG]	Battery temp -1
2026-02-04 09:46:31,896	DiskBatteryR	T_pdb_server     	[INFO ]	Writing to registry: battery 000000000000 uAH: 941668341
2026-02-04 09:46:31,896	DiskBatteryR	T_pdb_server     	[INFO ]	Writing to registry: battery 032225d763ff uAH: 190971
2026-02-04 09:46:31,896	BMS Server  	T_pdb_server     	[DEBUG]	Target = Full
2026-02-04 09:46:31,922	PDB Server  	T_pdb_server     	[INFO ]	Sys Volts: 23969 Sys Amps: 1348
2026-02-04 09:46:31,923	PDB Server  	T_pdb_server     	[INFO ]	12V rail Volts: 11999 12V rail Amps: 579
2026-02-04 09:46:31,923	PDB Server  	T_pdb_server     	[INFO ]	Energy[Joules]: 74746.2
2026-02-04 09:46:31,923	PDB Server  	T_pdb_server     	[INFO ]	Average Power: 51.4923
2026-02-04 09:46:31,923	PDB Server  	T_pdb_server     	[INFO ]	Sys Volts average: 23963.1
2026-02-04 09:46:31,923	PDB Server  	T_pdb_server     	[INFO ]	mah from ltc4282 866.451
2026-02-04 09:46:33,944	BMS Server  	T_9BmsServer     	[DEBUG]	Battery temp -1
2026-02-04 09:46:37,048	DiskBatteryR	T_pdb_server     	[INFO ]	Writing to registry: battery 000000000000 uAH: 941670285
2026-02-04 09:46:37,048	DiskBatteryR	T_pdb_server     	[INFO ]	Writing to registry: battery 032225d763ff uAH: 190971
2026-02-04 09:46:37,049	BMS Server  	T_pdb_server     	[DEBUG]	Target = Full
2026-02-04 09:46:37,075	PDB Server  	T_pdb_server     	[INFO ]	Sys Volts: 23969 Sys Amps: 1348
2026-02-04 09:46:37,075	PDB Server  	T_pdb_server     	[INFO ]	12V rail Volts: 11999 12V rail Amps: 575
2026-02-04 09:46:37,075	PDB Server  	T_pdb_server     	[INFO ]	Energy[Joules]: 74912.4
2026-02-04 09:46:37,076	PDB Server  	T_pdb_server     	[INFO ]	Average Power: 51.4257
2026-02-04 09:46:37,076	PDB Server  	T_pdb_server     	[INFO ]	Sys Volts average: 23963.1
2026-02-04 09:46:37,076	PDB Server  	T_pdb_server     	[INFO ]	mah from ltc4282 868.377
2026-02-04 09:46:37,929	BMS Server  	T_9BmsServer     	[DEBUG]	Battery temp -1
2026-02-04 09:46:42,201	DiskBatteryR	T_pdb_server     	[INFO ]	Writing to registry: battery 000000000000 uAH: 941672229
2026-02-04 09:46:42,201	DiskBatteryR	T_pdb_server     	[INFO ]	Writing to registry: battery 032225d763ff uAH: 190971
2026-02-04 09:46:42,202	BMS Server  	T_pdb_server     	[DEBUG]	Target = Full
2026-02-04 09:46:42,229	PDB Server  	T_pdb_server     	[INFO ]	Sys Volts: 23969 Sys Amps: 1348
2026-02-04 09:46:42,229	PDB Server  	T_pdb_server     	[INFO ]	12V rail Volts: 11998 12V rail Amps: 582
2026-02-04 09:46:42,230	PDB Server  	T_pdb_server     	[INFO ]	Energy[Joules]: 75080.7
2026-02-04 09:46:42,230	PDB Server  	T_pdb_server     	[INFO ]	Average Power: 51.3587
2026-02-04 09:46:42,230	PDB Server  	T_pdb_server     	[INFO ]	Sys Volts average: 23963.1
2026-02-04 09:46:42,230	PDB Server  	T_pdb_server     	[INFO ]	mah from ltc4282 870.326
2026-02-04 09:46:43,249	BMS Server  	T_9BmsServer     	[DEBUG]	Battery temp -1
2026-02-04 09:46:47,233	BMS Server  	T_9BmsServer     	[DEBUG]	Battery temp -1
2026-02-04 09:46:47,354	DiskBatteryR	T_pdb_server     	[INFO ]	Writing to registry: battery 000000000000 uAH: 941674180
2026-02-04 09:46:47,354	DiskBatteryR	T_pdb_server     	[INFO ]	Writing to registry: battery 032225d763ff uAH: 190971
2026-02-04 09:46:47,355	BMS Server  	T_pdb_server     	[DEBUG]	Target = Full
2026-02-04 09:46:47,382	PDB Server  	T_pdb_server     	[INFO ]	Sys Volts: 23969 Sys Amps: 1348
2026-02-04 09:46:47,382	PDB Server  	T_pdb_server     	[INFO ]	12V rail Volts: 11998 12V rail Amps: 576
2026-02-04 09:46:47,382	PDB Server  	T_pdb_server     	[INFO ]	Energy[Joules]: 75249.5
2026-02-04 09:46:47,383	PDB Server  	T_pdb_server     	[INFO ]	Average Power: 51.2925
2026-02-04 09:46:47,383	PDB Server  	T_pdb_server     	[INFO ]	Sys Volts average: 23963.1
2026-02-04 09:46:47,383	PDB Server  	T_pdb_server     	[INFO ]	mah from ltc4282 872.283
2026-02-04 09:46:52,511	DiskBatteryR	T_pdb_server     	[INFO ]	Writing to registry: battery 000000000000 uAH: 941676139
2026-02-04 09:46:52,512	DiskBatteryR	T_pdb_server     	[INFO ]	Writing to registry: battery 032225d763ff uAH: 190971
2026-02-04 09:46:52,512	BMS Server  	T_pdb_server     	[DEBUG]	Target = Full
2026-02-04 09:46:52,539	PDB Server  	T_pdb_server     	[INFO ]	Sys Volts: 23969 Sys Amps: 1348
2026-02-04 09:46:52,539	PDB Server  	T_pdb_server     	[INFO ]	12V rail Volts: 11998 12V rail Amps: 577
2026-02-04 09:46:52,539	PDB Server  	T_pdb_server     	[INFO ]	Energy[Joules]: 75416.5
2026-02-04 09:46:52,540	PDB Server  	T_pdb_server     	[INFO ]	Average Power: 51.2278
2026-02-04 09:46:52,540	PDB Server  	T_pdb_server     	[INFO ]	Sys Volts average: 23963.2
2026-02-04 09:46:52,540	PDB Server  	T_pdb_server     	[INFO ]	mah from ltc4282 874.218
2026-02-04 09:46:52,561	BMS Server  	T_9BmsServer     	[DEBUG]	Battery temp -1
2026-02-04 09:46:56,549	BMS Server  	T_9BmsServer     	[DEBUG]	Battery temp -1
2026-02-04 09:46:57,669	DiskBatteryR	T_pdb_server     	[INFO ]	Writing to registry: battery 000000000000 uAH: 941678082
2026-02-04 09:46:57,669	DiskBatteryR	T_pdb_server     	[INFO ]	Writing to registry: battery 032225d763ff uAH: 190971
2026-02-04 09:46:57,669	BMS Server  	T_pdb_server     	[DEBUG]	Target = Full
2026-02-04 09:46:57,697	PDB Server  	T_pdb_server     	[INFO ]	Sys Volts: 23969 Sys Amps: 1348
2026-02-04 09:46:57,698	PDB Server  	T_pdb_server     	[INFO ]	12V rail Volts: 11998 12V rail Amps: 575
2026-02-04 09:46:57,698	PDB Server  	T_pdb_server     	[INFO ]	Energy[Joules]: 75584.5
2026-02-04 09:46:57,698	PDB Server  	T_pdb_server     	[INFO ]	Average Power: 51.162
2026-02-04 09:46:57,698	PDB Server  	T_pdb_server     	[INFO ]	Sys Volts average: 23963.2
2026-02-04 09:46:57,698	PDB Server  	T_pdb_server     	[INFO ]	mah from ltc4282 876.165
2026-02-04 09:47:01,864	BMS Server  	T_9BmsServer     	[DEBUG]	Battery temp -1
2026-02-04 09:47:02,823	DiskBatteryR	T_pdb_server     	[INFO ]	Writing to registry: battery 000000000000 uAH: 941680043
2026-02-04 09:47:02,823	DiskBatteryR	T_pdb_server     	[INFO ]	Writing to registry: battery 032225d763ff uAH: 190971
2026-02-04 09:47:02,823	BMS Server  	T_pdb_server     	[DEBUG]	Target = Full
2026-02-04 09:47:02,850	PDB Server  	T_pdb_server     	[INFO ]	Sys Volts: 23969 Sys Amps: 1438
2026-02-04 09:47:02,851	PDB Server  	T_pdb_server     	[INFO ]	12V rail Volts: 11998 12V rail Amps: 576
2026-02-04 09:47:02,851	PDB Server  	T_pdb_server     	[INFO ]	Energy[Joules]: 75754.2
2026-02-04 09:47:02,851	PDB Server  	T_pdb_server     	[INFO ]	Average Power: 51.0978
2026-02-04 09:47:02,851	PDB Server  	T_pdb_server     	[INFO ]	Sys Volts average: 23963.2
2026-02-04 09:47:02,851	PDB Server  	T_pdb_server     	[INFO ]	mah from ltc4282 878.131
2026-02-04 09:47:05,861	BMS Server  	T_9BmsServer     	[DEBUG]	Battery temp -1
2026-02-04 09:47:07,975	DiskBatteryR	T_pdb_server     	[INFO ]	Writing to registry: battery 000000000000 uAH: 941681982
2026-02-04 09:47:07,975	DiskBatteryR	T_pdb_server     	[INFO ]	Writing to registry: battery 032225d763ff uAH: 190971
2026-02-04 09:47:07,975	BMS Server  	T_pdb_server     	[DEBUG]	Target = Full
2026-02-04 09:47:08,002	PDB Server  	T_pdb_server     	[INFO ]	Sys Volts: 23969 Sys Amps: 1348
2026-02-04 09:47:08,002	PDB Server  	T_pdb_server     	[INFO ]	12V rail Volts: 11999 12V rail Amps: 579
2026-02-04 09:47:08,002	PDB Server  	T_pdb_server     	[INFO ]	Energy[Joules]: 75920
2026-02-04 09:47:08,002	PDB Server  	T_pdb_server     	[INFO ]	Average Power: 51.0337
2026-02-04 09:47:08,002	PDB Server  	T_pdb_server     	[INFO ]	Sys Volts average: 23963.2
2026-02-04 09:47:08,002	PDB Server  	T_pdb_server     	[INFO ]	mah from ltc4282 880.051
2026-02-04 09:47:09,853	BMS Server  	T_9BmsServer     	[DEBUG]	Battery temp -1
2026-02-04 09:47:13,129	DiskBatteryR	T_pdb_server     	[INFO ]	Writing to registry: battery 000000000000 uAH: 941683922
2026-02-04 09:47:13,129	DiskBatteryR	T_pdb_server     	[INFO ]	Writing to registry: battery 032225d763ff uAH: 190971
2026-02-04 09:47:13,129	BMS Server  	T_pdb_server     	[DEBUG]	Target = Full
2026-02-04 09:47:13,157	PDB Server  	T_pdb_server     	[INFO ]	Sys Volts: 23969 Sys Amps: 1348
2026-02-04 09:47:13,157	PDB Server  	T_pdb_server     	[INFO ]	12V rail Volts: 11998 12V rail Amps: 581
2026-02-04 09:47:13,157	PDB Server  	T_pdb_server     	[INFO ]	Energy[Joules]: 76087.8
2026-02-04 09:47:13,157	PDB Server  	T_pdb_server     	[INFO ]	Average Power: 50.9691
2026-02-04 09:47:13,157	PDB Server  	T_pdb_server     	[INFO ]	Sys Volts average: 23963.3
2026-02-04 09:47:13,157	PDB Server  	T_pdb_server     	[INFO ]	mah from ltc4282 881.996
2026-02-04 09:47:15,169	BMS Server  	T_9BmsServer     	[DEBUG]	Battery temp -1
2026-02-04 09:47:18,280	DiskBatteryR	T_pdb_server     	[INFO ]	Writing to registry: battery 000000000000 uAH: 941685859
2026-02-04 09:47:18,280	DiskBatteryR	T_pdb_server     	[INFO ]	Writing to registry: battery 032225d763ff uAH: 190971
2026-02-04 09:47:18,280	BMS Server  	T_pdb_server     	[DEBUG]	Target = Full
2026-02-04 09:47:18,309	PDB Server  	T_pdb_server     	[INFO ]	Sys Volts: 23969 Sys Amps: 1348
2026-02-04 09:47:18,309	PDB Server  	T_pdb_server     	[INFO ]	12V rail Volts: 11999 12V rail Amps: 577
2026-02-04 09:47:18,309	PDB Server  	T_pdb_server     	[INFO ]	Energy[Joules]: 76255.4
2026-02-04 09:47:18,310	PDB Server  	T_pdb_server     	[INFO ]	Average Power: 50.9048
2026-02-04 09:47:18,310	PDB Server  	T_pdb_server     	[INFO ]	Sys Volts average: 23963.3
2026-02-04 09:47:18,310	PDB Server  	T_pdb_server     	[INFO ]	mah from ltc4282 883.938
2026-02-04 09:47:19,173	BMS Server  	T_9BmsServer     	[DEBUG]	Battery temp -1
2026-02-04 09:47:23,438	DiskBatteryR	T_pdb_server     	[INFO ]	Writing to registry: battery 000000000000 uAH: 941687817
2026-02-04 09:47:23,438	DiskBatteryR	T_pdb_server     	[INFO ]	Writing to registry: battery 032225d763ff uAH: 190971
2026-02-04 09:47:23,438	BMS Server  	T_pdb_server     	[DEBUG]	Target = Full
2026-02-04 09:47:23,465	PDB Server  	T_pdb_server     	[INFO ]	Sys Volts: 23969 Sys Amps: 1348
2026-02-04 09:47:23,466	PDB Server  	T_pdb_server     	[INFO ]	12V rail Volts: 11999 12V rail Amps: 576
2026-02-04 09:47:23,466	PDB Server  	T_pdb_server     	[INFO ]	Energy[Joules]: 76422.5
2026-02-04 09:47:23,467	PDB Server  	T_pdb_server     	[INFO ]	Average Power: 50.8429
2026-02-04 09:47:23,467	PDB Server  	T_pdb_server     	[INFO ]	Sys Volts average: 23963.3
2026-02-04 09:47:23,467	PDB Server  	T_pdb_server     	[INFO ]	mah from ltc4282 885.875
2026-02-04 09:47:24,509	BMS Server  	T_9BmsServer     	[DEBUG]	Battery temp -1
2026-02-04 09:47:28,497	BMS Server  	T_9BmsServer     	[DEBUG]	Battery temp -1
2026-02-04 09:47:28,589	DiskBatteryR	T_pdb_server     	[INFO ]	Writing to registry: battery 000000000000 uAH: 941689758
2026-02-04 09:47:28,589	DiskBatteryR	T_pdb_server     	[INFO ]	Writing to registry: battery 032225d763ff uAH: 190971
2026-02-04 09:47:28,589	BMS Server  	T_pdb_server     	[DEBUG]	Target = Full
2026-02-04 09:47:28,616	PDB Server  	T_pdb_server     	[INFO ]	Sys Volts: 23969 Sys Amps: 1438
2026-02-04 09:47:28,616	PDB Server  	T_pdb_server     	[INFO ]	12V rail Volts: 11998 12V rail Amps: 580
2026-02-04 09:47:28,616	PDB Server  	T_pdb_server     	[INFO ]	Energy[Joules]: 76590.5
2026-02-04 09:47:28,617	PDB Server  	T_pdb_server     	[INFO ]	Average Power: 50.7798
2026-02-04 09:47:28,617	PDB Server  	T_pdb_server     	[INFO ]	Sys Volts average: 23963.3
2026-02-04 09:47:28,617	PDB Server  	T_pdb_server     	[INFO ]	mah from ltc4282 887.821
2026-02-04 09:47:33,743	DiskBatteryR	T_pdb_server     	[INFO ]	Writing to registry: battery 000000000000 uAH: 941691694
2026-02-04 09:47:33,743	DiskBatteryR	T_pdb_server     	[INFO ]	Writing to registry: battery 032225d763ff uAH: 190971
2026-02-04 09:47:33,744	BMS Server  	T_pdb_server     	[DEBUG]	Target = Full
2026-02-04 09:47:33,777	PDB Server  	T_pdb_server     	[INFO ]	Sys Volts: 23969 Sys Amps: 1348
2026-02-04 09:47:33,777	PDB Server  	T_pdb_server     	[INFO ]	12V rail Volts: 11998 12V rail Amps: 576
2026-02-04 09:47:33,778	PDB Server  	T_pdb_server     	[INFO ]	Energy[Joules]: 76758.1
2026-02-04 09:47:33,779	PDB Server  	T_pdb_server     	[INFO ]	Average Power: 50.7168
2026-02-04 09:47:33,779	PDB Server  	T_pdb_server     	[INFO ]	Sys Volts average: 23963.3
2026-02-04 09:47:33,779	PDB Server  	T_pdb_server     	[INFO ]	mah from ltc4282 889.763
2026-02-04 09:47:33,829	BMS Server  	T_9BmsServer     	[DEBUG]	Battery temp -1
2026-02-04 09:47:37,825	BMS Server  	T_9BmsServer     	[DEBUG]	Battery temp -1
2026-02-04 09:47:38,904	DiskBatteryR	T_pdb_server     	[INFO ]	Writing to registry: battery 000000000000 uAH: 941693642
2026-02-04 09:47:38,904	DiskBatteryR	T_pdb_server     	[INFO ]	Writing to registry: battery 032225d763ff uAH: 190971
2026-02-04 09:47:38,904	BMS Server  	T_pdb_server     	[DEBUG]	Target = Full
2026-02-04 09:47:38,932	PDB Server  	T_pdb_server     	[INFO ]	Sys Volts: 23969 Sys Amps: 1348
2026-02-04 09:47:38,932	PDB Server  	T_pdb_server     	[INFO ]	12V rail Volts: 11999 12V rail Amps: 579
2026-02-04 09:47:38,932	PDB Server  	T_pdb_server     	[INFO ]	Energy[Joules]: 76924.3
2026-02-04 09:47:38,932	PDB Server  	T_pdb_server     	[INFO ]	Average Power: 50.6555
2026-02-04 09:47:38,932	PDB Server  	T_pdb_server     	[INFO ]	Sys Volts average: 23963.4
2026-02-04 09:47:38,932	PDB Server  	T_pdb_server     	[INFO ]	mah from ltc4282 891.688
2026-02-04 09:47:43,141	BMS Server  	T_9BmsServer     	[DEBUG]	Battery temp -1
2026-02-04 09:47:44,055	DiskBatteryR	T_pdb_server     	[INFO ]	Writing to registry: battery 000000000000 uAH: 941695587
2026-02-04 09:47:44,055	DiskBatteryR	T_pdb_server     	[INFO ]	Writing to registry: battery 032225d763ff uAH: 190971
2026-02-04 09:47:44,055	BMS Server  	T_pdb_server     	[DEBUG]	Target = Full
2026-02-04 09:47:44,082	PDB Server  	T_pdb_server     	[INFO ]	Sys Volts: 23977 Sys Amps: 1438
2026-02-04 09:47:44,082	PDB Server  	T_pdb_server     	[INFO ]	12V rail Volts: 11998 12V rail Amps: 585
2026-02-04 09:47:44,082	PDB Server  	T_pdb_server     	[INFO ]	Energy[Joules]: 77092.9
2026-02-04 09:47:44,083	PDB Server  	T_pdb_server     	[INFO ]	Average Power: 50.594
2026-02-04 09:47:44,083	PDB Server  	T_pdb_server     	[INFO ]	Sys Volts average: 23963.4
2026-02-04 09:47:44,083	PDB Server  	T_pdb_server     	[INFO ]	mah from ltc4282 893.641
2026-02-04 09:47:47,133	BMS Server  	T_9BmsServer     	[DEBUG]	Battery temp -1
2026-02-04 09:47:49,207	DiskBatteryR	T_pdb_server     	[INFO ]	Writing to registry: battery 000000000000 uAH: 941697531
2026-02-04 09:47:49,207	DiskBatteryR	T_pdb_server     	[INFO ]	Writing to registry: battery 032225d763ff uAH: 190971
2026-02-04 09:47:49,207	BMS Server  	T_pdb_server     	[DEBUG]	Target = Full
2026-02-04 09:47:49,235	PDB Server  	T_pdb_server     	[INFO ]	Sys Volts: 23969 Sys Amps: 1438
2026-02-04 09:47:49,235	PDB Server  	T_pdb_server     	[INFO ]	12V rail Volts: 11998 12V rail Amps: 581
2026-02-04 09:47:49,235	PDB Server  	T_pdb_server     	[INFO ]	Energy[Joules]: 77261.2
2026-02-04 09:47:49,236	PDB Server  	T_pdb_server     	[INFO ]	Average Power: 50.5328
2026-02-04 09:47:49,236	PDB Server  	T_pdb_server     	[INFO ]	Sys Volts average: 23963.4
2026-02-04 09:47:49,236	PDB Server  	T_pdb_server     	[INFO ]	mah from ltc4282 895.591
2026-02-04 09:47:52,453	BMS Server  	T_9BmsServer     	[DEBUG]	Battery temp -1
2026-02-04 09:47:54,361	DiskBatteryR	T_pdb_server     	[INFO ]	Writing to registry: battery 000000000000 uAH: 941699482
2026-02-04 09:47:54,361	DiskBatteryR	T_pdb_server     	[INFO ]	Writing to registry: battery 032225d763ff uAH: 190971
2026-02-04 09:47:54,361	BMS Server  	T_pdb_server     	[DEBUG]	Target = Full
2026-02-04 09:47:54,389	PDB Server  	T_pdb_server     	[INFO ]	Sys Volts: 23977 Sys Amps: 1348
2026-02-04 09:47:54,389	PDB Server  	T_pdb_server     	[INFO ]	12V rail Volts: 11998 12V rail Amps: 580
2026-02-04 09:47:54,389	PDB Server  	T_pdb_server     	[INFO ]	Energy[Joules]: 77427.5
2026-02-04 09:47:54,390	PDB Server  	T_pdb_server     	[INFO ]	Average Power: 50.4728
2026-02-04 09:47:54,390	PDB Server  	T_pdb_server     	[INFO ]	Sys Volts average: 23963.5
2026-02-04 09:47:54,390	PDB Server  	T_pdb_server     	[INFO ]	mah from ltc4282 897.518
2026-02-04 09:47:56,453	BMS Server  	T_9BmsServer     	[DEBUG]	Battery temp -1
2026-02-04 09:47:59,513	DiskBatteryR	T_pdb_server     	[INFO ]	Writing to registry: battery 000000000000 uAH: 941701414
2026-02-04 09:47:59,513	DiskBatteryR	T_pdb_server     	[INFO ]	Writing to registry: battery 032225d763ff uAH: 190971
2026-02-04 09:47:59,513	BMS Server  	T_pdb_server     	[DEBUG]	Target = Full
2026-02-04 09:47:59,540	PDB Server  	T_pdb_server     	[INFO ]	Sys Volts: 23969 Sys Amps: 1348
2026-02-04 09:47:59,540	PDB Server  	T_pdb_server     	[INFO ]	12V rail Volts: 11998 12V rail Amps: 579
2026-02-04 09:47:59,540	PDB Server  	T_pdb_server     	[INFO ]	Energy[Joules]: 77595.1
2026-02-04 09:47:59,540	PDB Server  	T_pdb_server     	[INFO ]	Average Power: 50.4119
2026-02-04 09:47:59,540	PDB Server  	T_pdb_server     	[INFO ]	Sys Volts average: 23963.5
2026-02-04 09:47:59,540	PDB Server  	T_pdb_server     	[INFO ]	mah from ltc4282 899.459
2026-02-04 09:48:01,781	BMS Server  	T_9BmsServer     	[DEBUG]	Battery temp -1
2026-02-04 09:48:04,664	DiskBatteryR	T_pdb_server     	[INFO ]	Writing to registry: battery 000000000000 uAH: 941703363
2026-02-04 09:48:04,664	DiskBatteryR	T_pdb_server     	[INFO ]	Writing to registry: battery 032225d763ff uAH: 190971
2026-02-04 09:48:04,664	BMS Server  	T_pdb_server     	[DEBUG]	Target = Full
2026-02-04 09:48:04,693	PDB Server  	T_pdb_server     	[INFO ]	Sys Volts: 23969 Sys Amps: 1438
2026-02-04 09:48:04,693	PDB Server  	T_pdb_server     	[INFO ]	12V rail Volts: 11998 12V rail Amps: 583
2026-02-04 09:48:04,693	PDB Server  	T_pdb_server     	[INFO ]	Energy[Joules]: 77761.7
2026-02-04 09:48:04,693	PDB Server  	T_pdb_server     	[INFO ]	Average Power: 50.3529
2026-02-04 09:48:04,693	PDB Server  	T_pdb_server     	[INFO ]	Sys Volts average: 23963.5
2026-02-04 09:48:04,693	PDB Server  	T_pdb_server     	[INFO ]	mah from ltc4282 901.39
2026-02-04 09:48:05,769	BMS Server  	T_9BmsServer     	[DEBUG]	Battery temp -1
2026-02-04 09:48:09,761	BMS Server  	T_9BmsServer     	[DEBUG]	Battery temp -1
2026-02-04 09:48:09,819	DiskBatteryR	T_pdb_server     	[INFO ]	Writing to registry: battery 000000000000 uAH: 941705307
2026-02-04 09:48:09,819	DiskBatteryR	T_pdb_server     	[INFO ]	Writing to registry: battery 032225d763ff uAH: 190971
2026-02-04 09:48:09,819	BMS Server  	T_pdb_server     	[DEBUG]	Target = Full
2026-02-04 09:48:09,851	PDB Server  	T_pdb_server     	[INFO ]	Sys Volts: 23969 Sys Amps: 1438
2026-02-04 09:48:09,851	PDB Server  	T_pdb_server     	[INFO ]	12V rail Volts: 11998 12V rail Amps: 577
2026-02-04 09:48:09,851	PDB Server  	T_pdb_server     	[INFO ]	Energy[Joules]: 77929.7
2026-02-04 09:48:09,851	PDB Server  	T_pdb_server     	[INFO ]	Average Power: 50.2931
2026-02-04 09:48:09,851	PDB Server  	T_pdb_server     	[INFO ]	Sys Volts average: 23963.5
2026-02-04 09:48:09,851	PDB Server  	T_pdb_server     	[INFO ]	mah from ltc4282 903.336
2026-02-04 09:48:14,982	DiskBatteryR	T_pdb_server     	[INFO ]	Writing to registry: battery 000000000000 uAH: 941707257
2026-02-04 09:48:14,982	DiskBatteryR	T_pdb_server     	[INFO ]	Writing to registry: battery 032225d763ff uAH: 190971
2026-02-04 09:48:14,982	BMS Server  	T_pdb_server     	[DEBUG]	Target = Full
2026-02-04 09:48:15,009	PDB Server  	T_pdb_server     	[INFO ]	Sys Volts: 23969 Sys Amps: 1438
2026-02-04 09:48:15,009	PDB Server  	T_pdb_server     	[INFO ]	12V rail Volts: 11998 12V rail Amps: 577
2026-02-04 09:48:15,009	PDB Server  	T_pdb_server     	[INFO ]	Energy[Joules]: 78098.2
2026-02-04 09:48:15,009	PDB Server  	T_pdb_server     	[INFO ]	Average Power: 50.2341
2026-02-04 09:48:15,009	PDB Server  	T_pdb_server     	[INFO ]	Sys Volts average: 23963.6
2026-02-04 09:48:15,009	PDB Server  	T_pdb_server     	[INFO ]	mah from ltc4282 905.289
2026-02-04 09:48:15,081	BMS Server  	T_9BmsServer     	[DEBUG]	Battery temp -1
2026-02-04 09:48:19,069	BMS Server  	T_9BmsServer     	[DEBUG]	Battery temp -1
2026-02-04 09:48:20,132	DiskBatteryR	T_pdb_server     	[INFO ]	Writing to registry: battery 000000000000 uAH: 941709193
2026-02-04 09:48:20,132	DiskBatteryR	T_pdb_server     	[INFO ]	Writing to registry: battery 032225d763ff uAH: 190971
2026-02-04 09:48:20,132	BMS Server  	T_pdb_server     	[DEBUG]	Target = Full
2026-02-04 09:48:20,159	PDB Server  	T_pdb_server     	[INFO ]	Sys Volts: 23969 Sys Amps: 1348
2026-02-04 09:48:20,159	PDB Server  	T_pdb_server     	[INFO ]	12V rail Volts: 11998 12V rail Amps: 581
2026-02-04 09:48:20,159	PDB Server  	T_pdb_server     	[INFO ]	Energy[Joules]: 78263.8
2026-02-04 09:48:20,159	PDB Server  	T_pdb_server     	[INFO ]	Average Power: 50.1756
2026-02-04 09:48:20,159	PDB Server  	T_pdb_server     	[INFO ]	Sys Volts average: 23963.6
2026-02-04 09:48:20,159	PDB Server  	T_pdb_server     	[INFO ]	mah from ltc4282 907.208
2026-02-04 09:48:24,393	BMS Server  	T_9BmsServer     	[DEBUG]	Battery temp -1
2026-02-04 09:48:25,284	DiskBatteryR	T_pdb_server     	[INFO ]	Writing to registry: battery 000000000000 uAH: 941711143
2026-02-04 09:48:25,284	DiskBatteryR	T_pdb_server     	[INFO ]	Writing to registry: battery 032225d763ff uAH: 190971
2026-02-04 09:48:25,285	BMS Server  	T_pdb_server     	[DEBUG]	Target = Full
2026-02-04 09:48:25,312	PDB Server  	T_pdb_server     	[INFO ]	Sys Volts: 23969 Sys Amps: 1438
2026-02-04 09:48:25,312	PDB Server  	T_pdb_server     	[INFO ]	12V rail Volts: 11999 12V rail Amps: 579
2026-02-04 09:48:25,312	PDB Server  	T_pdb_server     	[INFO ]	Energy[Joules]: 78432.5
2026-02-04 09:48:25,312	PDB Server  	T_pdb_server     	[INFO ]	Average Power: 50.1174
2026-02-04 09:48:25,312	PDB Server  	T_pdb_server     	[INFO ]	Sys Volts average: 23963.6
2026-02-04 09:48:25,312	PDB Server  	T_pdb_server     	[INFO ]	mah from ltc4282 909.163
2026-02-04 09:48:28,384	BMS Server  	T_9BmsServer     	[DEBUG]	Battery temp -1
2026-02-04 09:48:30,435	DiskBatteryR	T_pdb_server     	[INFO ]	Writing to registry: battery 000000000000 uAH: 941713095
2026-02-04 09:48:30,435	DiskBatteryR	T_pdb_server     	[INFO ]	Writing to registry: battery 032225d763ff uAH: 190971
2026-02-04 09:48:30,436	BMS Server  	T_pdb_server     	[DEBUG]	Target = Full
2026-02-04 09:48:30,463	PDB Server  	T_pdb_server     	[INFO ]	Sys Volts: 23969 Sys Amps: 1348
2026-02-04 09:48:30,464	PDB Server  	T_pdb_server     	[INFO ]	12V rail Volts: 11998 12V rail Amps: 587
2026-02-04 09:48:30,464	PDB Server  	T_pdb_server     	[INFO ]	Energy[Joules]: 78601.5
2026-02-04 09:48:30,465	PDB Server  	T_pdb_server     	[INFO ]	Average Power: 50.0598
2026-02-04 09:48:30,465	PDB Server  	T_pdb_server     	[INFO ]	Sys Volts average: 23963.6
2026-02-04 09:48:30,465	PDB Server  	T_pdb_server     	[INFO ]	mah from ltc4282 911.121
2026-02-04 09:48:33,700	BMS Server  	T_9BmsServer     	[DEBUG]	Battery temp -1
2026-02-04 09:48:35,590	DiskBatteryR	T_pdb_server     	[INFO ]	Writing to registry: battery 000000000000 uAH: 941715037
2026-02-04 09:48:35,591	DiskBatteryR	T_pdb_server     	[INFO ]	Writing to registry: battery 032225d763ff uAH: 190971
2026-02-04 09:48:35,591	BMS Server  	T_pdb_server     	[DEBUG]	Target = Full
2026-02-04 09:48:35,622	PDB Server  	T_pdb_server     	[INFO ]	Sys Volts: 23969 Sys Amps: 1438
2026-02-04 09:48:35,622	PDB Server  	T_pdb_server     	[INFO ]	12V rail Volts: 11998 12V rail Amps: 584
2026-02-04 09:48:35,623	PDB Server  	T_pdb_server     	[INFO ]	Energy[Joules]: 78767.4
2026-02-04 09:48:35,623	PDB Server  	T_pdb_server     	[INFO ]	Average Power: 50.0027
2026-02-04 09:48:35,623	PDB Server  	T_pdb_server     	[INFO ]	Sys Volts average: 23963.6
2026-02-04 09:48:35,623	PDB Server  	T_pdb_server     	[INFO ]	mah from ltc4282 913.043
2026-02-04 09:48:37,685	BMS Server  	T_9BmsServer     	[DEBUG]	Battery temp -1
2026-02-04 09:48:40,746	DiskBatteryR	T_pdb_server     	[INFO ]	Writing to registry: battery 000000000000 uAH: 941716984
2026-02-04 09:48:40,746	DiskBatteryR	T_pdb_server     	[INFO ]	Writing to registry: battery 032225d763ff uAH: 190971
2026-02-04 09:48:40,746	BMS Server  	T_pdb_server     	[DEBUG]	Target = Full
2026-02-04 09:48:40,774	PDB Server  	T_pdb_server     	[INFO ]	Sys Volts: 23969 Sys Amps: 1438
2026-02-04 09:48:40,774	PDB Server  	T_pdb_server     	[INFO ]	12V rail Volts: 11998 12V rail Amps: 582
2026-02-04 09:48:40,774	PDB Server  	T_pdb_server     	[INFO ]	Energy[Joules]: 78935.8
2026-02-04 09:48:40,775	PDB Server  	T_pdb_server     	[INFO ]	Average Power: 49.9454
2026-02-04 09:48:40,775	PDB Server  	T_pdb_server     	[INFO ]	Sys Volts average: 23963.7
2026-02-04 09:48:40,775	PDB Server  	T_pdb_server     	[INFO ]	mah from ltc4282 914.994
2026-02-04 09:48:43,005	BMS Server  	T_9BmsServer     	[DEBUG]	Battery temp -1
2026-02-04 09:48:45,900	DiskBatteryR	T_pdb_server     	[INFO ]	Writing to registry: battery 000000000000 uAH: 941718923
2026-02-04 09:48:45,900	DiskBatteryR	T_pdb_server     	[INFO ]	Writing to registry: battery 032225d763ff uAH: 190971
2026-02-04 09:48:45,900	BMS Server  	T_pdb_server     	[DEBUG]	Target = Full
2026-02-04 09:48:45,926	PDB Server  	T_pdb_server     	[INFO ]	Sys Volts: 23969 Sys Amps: 1348
2026-02-04 09:48:45,926	PDB Server  	T_pdb_server     	[INFO ]	12V rail Volts: 11998 12V rail Amps: 581
2026-02-04 09:48:45,927	PDB Server  	T_pdb_server     	[INFO ]	Energy[Joules]: 79103.7
2026-02-04 09:48:45,927	PDB Server  	T_pdb_server     	[INFO ]	Average Power: 49.8882
2026-02-04 09:48:45,927	PDB Server  	T_pdb_server     	[INFO ]	Sys Volts average: 23963.7
2026-02-04 09:48:45,927	PDB Server  	T_pdb_server     	[INFO ]	mah from ltc4282 916.939
2026-02-04 09:48:46,989	BMS Server  	T_9BmsServer     	[DEBUG]	Battery temp -1
2026-02-04 09:48:51,060	DiskBatteryR	T_pdb_server     	[INFO ]	Writing to registry: battery 000000000000 uAH: 941720869
2026-02-04 09:48:51,060	DiskBatteryR	T_pdb_server     	[INFO ]	Writing to registry: battery 032225d763ff uAH: 190971
2026-02-04 09:48:51,060	BMS Server  	T_pdb_server     	[DEBUG]	Target = Full
2026-02-04 09:48:51,087	PDB Server  	T_pdb_server     	[INFO ]	Sys Volts: 23977 Sys Amps: 1348
2026-02-04 09:48:51,088	PDB Server  	T_pdb_server     	[INFO ]	12V rail Volts: 11999 12V rail Amps: 587
2026-02-04 09:48:51,088	PDB Server  	T_pdb_server     	[INFO ]	Energy[Joules]: 79269.5
2026-02-04 09:48:51,088	PDB Server  	T_pdb_server     	[INFO ]	Average Power: 49.8321
2026-02-04 09:48:51,088	PDB Server  	T_pdb_server     	[INFO ]	Sys Volts average: 23963.7
2026-02-04 09:48:51,088	PDB Server  	T_pdb_server     	[INFO ]	mah from ltc4282 918.859
2026-02-04 09:48:52,309	BMS Server  	T_9BmsServer     	[DEBUG]	Battery temp -1
2026-02-04 09:48:56,230	DiskBatteryR	T_pdb_server     	[INFO ]	Writing to registry: battery 000000000000 uAH: 941722817
2026-02-04 09:48:56,230	DiskBatteryR	T_pdb_server     	[INFO ]	Writing to registry: battery 032225d763ff uAH: 190971
2026-02-04 09:48:56,230	BMS Server  	T_pdb_server     	[DEBUG]	Target = Full
2026-02-04 09:48:56,258	PDB Server  	T_pdb_server     	[INFO ]	Sys Volts: 23969 Sys Amps: 1348
2026-02-04 09:48:56,258	PDB Server  	T_pdb_server     	[INFO ]	12V rail Volts: 11998 12V rail Amps: 581
2026-02-04 09:48:56,258	PDB Server  	T_pdb_server     	[INFO ]	Energy[Joules]: 79437.5
2026-02-04 09:48:56,259	PDB Server  	T_pdb_server     	[INFO ]	Average Power: 49.7757
2026-02-04 09:48:56,259	PDB Server  	T_pdb_server     	[INFO ]	Sys Volts average: 23963.7
2026-02-04 09:48:56,259	PDB Server  	T_pdb_server     	[INFO ]	mah from ltc4282 920.806
2026-02-04 09:48:56,297	BMS Server  	T_9BmsServer     	[DEBUG]	Battery temp -1
2026-02-04 09:49:01,383	DiskBatteryR	T_pdb_server     	[INFO ]	Writing to registry: battery 000000000000 uAH: 941724767
2026-02-04 09:49:01,383	DiskBatteryR	T_pdb_server     	[INFO ]	Writing to registry: battery 032225d763ff uAH: 190971
2026-02-04 09:49:01,383	BMS Server  	T_pdb_server     	[DEBUG]	Target = Full
2026-02-04 09:49:01,410	PDB Server  	T_pdb_server     	[INFO ]	Sys Volts: 23969 Sys Amps: 1348
2026-02-04 09:49:01,410	PDB Server  	T_pdb_server     	[INFO ]	12V rail Volts: 11998 12V rail Amps: 575
2026-02-04 09:49:01,410	PDB Server  	T_pdb_server     	[INFO ]	Energy[Joules]: 79606.2
2026-02-04 09:49:01,410	PDB Server  	T_pdb_server     	[INFO ]	Average Power: 49.7201
2026-02-04 09:49:01,410	PDB Server  	T_pdb_server     	[INFO ]	Sys Volts average: 23963.8
2026-02-04 09:49:01,410	PDB Server  	T_pdb_server     	[INFO ]	mah from ltc4282 922.761
2026-02-04 09:49:01,617	BMS Server  	T_9BmsServer     	[DEBUG]	Battery temp -1
2026-02-04 09:49:05,604	BMS Server  	T_9BmsServer     	[DEBUG]	Battery temp -1
2026-02-04 09:49:06,535	DiskBatteryR	T_pdb_server     	[INFO ]	Writing to registry: battery 000000000000 uAH: 941726716
2026-02-04 09:49:06,535	DiskBatteryR	T_pdb_server     	[INFO ]	Writing to registry: battery 032225d763ff uAH: 190971
2026-02-04 09:49:06,535	BMS Server  	T_pdb_server     	[DEBUG]	Target = Full
2026-02-04 09:49:06,563	PDB Server  	T_pdb_server     	[INFO ]	Sys Volts: 23977 Sys Amps: 1258
2026-02-04 09:49:06,563	PDB Server  	T_pdb_server     	[INFO ]	12V rail Volts: 11998 12V rail Amps: 580
2026-02-04 09:49:06,563	PDB Server  	T_pdb_server     	[INFO ]	Energy[Joules]: 79775.2
2026-02-04 09:49:06,563	PDB Server  	T_pdb_server     	[INFO ]	Average Power: 49.6651
2026-02-04 09:49:06,564	PDB Server  	T_pdb_server     	[INFO ]	Sys Volts average: 23963.8
2026-02-04 09:49:06,564	PDB Server  	T_pdb_server     	[INFO ]	mah from ltc4282 924.719
2026-02-04 09:49:10,925	BMS Server  	T_9BmsServer     	[DEBUG]	Battery temp -1
2026-02-04 09:49:11,693	DiskBatteryR	T_pdb_server     	[INFO ]	Writing to registry: battery 000000000000 uAH: 941728683
2026-02-04 09:49:11,693	DiskBatteryR	T_pdb_server     	[INFO ]	Writing to registry: battery 032225d763ff uAH: 190971
2026-02-04 09:49:11,693	BMS Server  	T_pdb_server     	[DEBUG]	Target = Full
2026-02-04 09:49:11,721	PDB Server  	T_pdb_server     	[INFO ]	Sys Volts: 23969 Sys Amps: 1348
2026-02-04 09:49:11,721	PDB Server  	T_pdb_server     	[INFO ]	12V rail Volts: 11998 12V rail Amps: 579
2026-02-04 09:49:11,721	PDB Server  	T_pdb_server     	[INFO ]	Energy[Joules]: 79943.1
2026-02-04 09:49:11,721	PDB Server  	T_pdb_server     	[INFO ]	Average Power: 49.6117
2026-02-04 09:49:11,721	PDB Server  	T_pdb_server     	[INFO ]	Sys Volts average: 23963.8
2026-02-04 09:49:11,721	PDB Server  	T_pdb_server     	[INFO ]	mah from ltc4282 926.663
2026-02-04 09:49:14,921	BMS Server  	T_9BmsServer     	[DEBUG]	Battery temp -1
2026-02-04 09:49:16,846	DiskBatteryR	T_pdb_server     	[INFO ]	Writing to registry: battery 000000000000 uAH: 941730631
2026-02-04 09:49:16,846	DiskBatteryR	T_pdb_server     	[INFO ]	Writing to registry: battery 032225d763ff uAH: 190971
2026-02-04 09:49:16,847	BMS Server  	T_pdb_server     	[DEBUG]	Target = Full
2026-02-04 09:49:16,874	PDB Server  	T_pdb_server     	[INFO ]	Sys Volts: 23977 Sys Amps: 1258
2026-02-04 09:49:16,874	PDB Server  	T_pdb_server     	[INFO ]	12V rail Volts: 11999 12V rail Amps: 575
2026-02-04 09:49:16,874	PDB Server  	T_pdb_server     	[INFO ]	Energy[Joules]: 80111.7
2026-02-04 09:49:16,875	PDB Server  	T_pdb_server     	[INFO ]	Average Power: 49.5571
2026-02-04 09:49:16,875	PDB Server  	T_pdb_server     	[INFO ]	Sys Volts average: 23963.9
2026-02-04 09:49:16,875	PDB Server  	T_pdb_server     	[INFO ]	mah from ltc4282 928.616
2026-02-04 09:49:18,909	BMS Server  	T_9BmsServer     	[DEBUG]	Battery temp -1
2026-02-04 09:49:22,000	DiskBatteryR	T_pdb_server     	[INFO ]	Writing to registry: battery 000000000000 uAH: 941732573
2026-02-04 09:49:22,000	DiskBatteryR	T_pdb_server     	[INFO ]	Writing to registry: battery 032225d763ff uAH: 190971
2026-02-04 09:49:22,000	BMS Server  	T_pdb_server     	[DEBUG]	Target = Full
2026-02-04 09:49:22,027	PDB Server  	T_pdb_server     	[INFO ]	Sys Volts: 23969 Sys Amps: 1348
2026-02-04 09:49:22,027	PDB Server  	T_pdb_server     	[INFO ]	12V rail Volts: 11998 12V rail Amps: 579
2026-02-04 09:49:22,027	PDB Server  	T_pdb_server     	[INFO ]	Energy[Joules]: 80277.6
2026-02-04 09:49:22,027	PDB Server  	T_pdb_server     	[INFO ]	Average Power: 49.5032
2026-02-04 09:49:22,027	PDB Server  	T_pdb_server     	[INFO ]	Sys Volts average: 23963.9
2026-02-04 09:49:22,027	PDB Server  	T_pdb_server     	[INFO ]	mah from ltc4282 930.539
2026-02-04 09:49:24,224	BMS Server  	T_9BmsServer     	[DEBUG]	Battery temp -1
2026-02-04 09:49:27,159	DiskBatteryR	T_pdb_server     	[INFO ]	Writing to registry: battery 000000000000 uAH: 941734518
2026-02-04 09:49:27,159	DiskBatteryR	T_pdb_server     	[INFO ]	Writing to registry: battery 032225d763ff uAH: 190971
2026-02-04 09:49:27,159	BMS Server  	T_pdb_server     	[DEBUG]	Target = Full
2026-02-04 09:49:27,187	PDB Server  	T_pdb_server     	[INFO ]	Sys Volts: 23969 Sys Amps: 1348
2026-02-04 09:49:27,187	PDB Server  	T_pdb_server     	[INFO ]	12V rail Volts: 11998 12V rail Amps: 580
2026-02-04 09:49:27,187	PDB Server  	T_pdb_server     	[INFO ]	Energy[Joules]: 80445.6
2026-02-04 09:49:27,187	PDB Server  	T_pdb_server     	[INFO ]	Average Power: 49.4489
2026-02-04 09:49:27,187	PDB Server  	T_pdb_server     	[INFO ]	Sys Volts average: 23963.9
2026-02-04 09:49:27,187	PDB Server  	T_pdb_server     	[INFO ]	mah from ltc4282 932.485
2026-02-04 09:49:28,213	BMS Server  	T_9BmsServer     	[DEBUG]	Battery temp -1
2026-02-04 09:49:32,315	DiskBatteryR	T_pdb_server     	[INFO ]	Writing to registry: battery 000000000000 uAH: 941736466
2026-02-04 09:49:32,315	DiskBatteryR	T_pdb_server     	[INFO ]	Writing to registry: battery 032225d763ff uAH: 190971
2026-02-04 09:49:32,315	BMS Server  	T_pdb_server     	[DEBUG]	Target = Full
2026-02-04 09:49:32,343	PDB Server  	T_pdb_server     	[INFO ]	Sys Volts: 23977 Sys Amps: 1348
2026-02-04 09:49:32,343	PDB Server  	T_pdb_server     	[INFO ]	12V rail Volts: 11998 12V rail Amps: 579
2026-02-04 09:49:32,343	PDB Server  	T_pdb_server     	[INFO ]	Energy[Joules]: 80614.1
2026-02-04 09:49:32,344	PDB Server  	T_pdb_server     	[INFO ]	Average Power: 49.3954
2026-02-04 09:49:32,344	PDB Server  	T_pdb_server     	[INFO ]	Sys Volts average: 23963.9
2026-02-04 09:49:32,344	PDB Server  	T_pdb_server     	[INFO ]	mah from ltc4282 934.438
2026-02-04 09:49:33,529	BMS Server  	T_9BmsServer     	[DEBUG]	Battery temp -1
2026-02-04 09:49:37,466	DiskBatteryR	T_pdb_server     	[INFO ]	Writing to registry: battery 000000000000 uAH: 941738414
2026-02-04 09:49:37,466	DiskBatteryR	T_pdb_server     	[INFO ]	Writing to registry: battery 032225d763ff uAH: 190971
2026-02-04 09:49:37,466	BMS Server  	T_pdb_server     	[DEBUG]	Target = Full
2026-02-04 09:49:37,494	PDB Server  	T_pdb_server     	[INFO ]	Sys Volts: 23969 Sys Amps: 1348
2026-02-04 09:49:37,494	PDB Server  	T_pdb_server     	[INFO ]	12V rail Volts: 11998 12V rail Amps: 583
2026-02-04 09:49:37,494	PDB Server  	T_pdb_server     	[INFO ]	Energy[Joules]: 80780.6
2026-02-04 09:49:37,494	PDB Server  	T_pdb_server     	[INFO ]	Average Power: 49.3428
2026-02-04 09:49:37,494	PDB Server  	T_pdb_server     	[INFO ]	Sys Volts average: 23964
2026-02-04 09:49:37,494	PDB Server  	T_pdb_server     	[INFO ]	mah from ltc4282 936.367
2026-02-04 09:49:37,525	BMS Server  	T_9BmsServer     	[DEBUG]	Battery temp -1
2026-02-04 09:49:42,618	DiskBatteryR	T_pdb_server     	[INFO ]	Writing to registry: battery 000000000000 uAH: 941740366
2026-02-04 09:49:42,618	DiskBatteryR	T_pdb_server     	[INFO ]	Writing to registry: battery 032225d763ff uAH: 190971
2026-02-04 09:49:42,618	BMS Server  	T_pdb_server     	[DEBUG]	Target = Full
2026-02-04 09:49:42,645	PDB Server  	T_pdb_server     	[INFO ]	Sys Volts: 23977 Sys Amps: 1348
2026-02-04 09:49:42,645	PDB Server  	T_pdb_server     	[INFO ]	12V rail Volts: 11998 12V rail Amps: 568
2026-02-04 09:49:42,645	PDB Server  	T_pdb_server     	[INFO ]	Energy[Joules]: 80949.6
2026-02-04 09:49:42,646	PDB Server  	T_pdb_server     	[INFO ]	Average Power: 49.2902
2026-02-04 09:49:42,646	PDB Server  	T_pdb_server     	[INFO ]	Sys Volts average: 23964
2026-02-04 09:49:42,646	PDB Server  	T_pdb_server     	[INFO ]	mah from ltc4282 938.325
2026-02-04 09:49:42,849	BMS Server  	T_9BmsServer     	[DEBUG]	Battery temp -1
2026-02-04 09:49:46,837	BMS Server  	T_9BmsServer     	[DEBUG]	Battery temp -1
2026-02-04 09:49:47,772	DiskBatteryR	T_pdb_server     	[INFO ]	Writing to registry: battery 000000000000 uAH: 941742320
2026-02-04 09:49:47,772	DiskBatteryR	T_pdb_server     	[INFO ]	Writing to registry: battery 032225d763ff uAH: 190971
2026-02-04 09:49:47,772	BMS Server  	T_pdb_server     	[DEBUG]	Target = Full
2026-02-04 09:49:47,801	PDB Server  	T_pdb_server     	[INFO ]	Sys Volts: 23969 Sys Amps: 1348
2026-02-04 09:49:47,801	PDB Server  	T_pdb_server     	[INFO ]	12V rail Volts: 11998 12V rail Amps: 578
2026-02-04 09:49:47,801	PDB Server  	T_pdb_server     	[INFO ]	Energy[Joules]: 81118.7
2026-02-04 09:49:47,801	PDB Server  	T_pdb_server     	[INFO ]	Average Power: 49.2379
2026-02-04 09:49:47,801	PDB Server  	T_pdb_server     	[INFO ]	Sys Volts average: 23964
2026-02-04 09:49:47,801	PDB Server  	T_pdb_server     	[INFO ]	mah from ltc4282 940.284
2026-02-04 09:49:52,157	BMS Server  	T_9BmsServer     	[DEBUG]	Battery temp -1
2026-02-04 09:49:52,924	DiskBatteryR	T_pdb_server     	[INFO ]	Writing to registry: battery 000000000000 uAH: 941744260
2026-02-04 09:49:52,924	DiskBatteryR	T_pdb_server     	[INFO ]	Writing to registry: battery 032225d763ff uAH: 190971
2026-02-04 09:49:52,924	BMS Server  	T_pdb_server     	[DEBUG]	Target = Full
2026-02-04 09:49:52,951	PDB Server  	T_pdb_server     	[INFO ]	Sys Volts: 23977 Sys Amps: 1348
2026-02-04 09:49:52,951	PDB Server  	T_pdb_server     	[INFO ]	12V rail Volts: 11998 12V rail Amps: 583
2026-02-04 09:49:52,951	PDB Server  	T_pdb_server     	[INFO ]	Energy[Joules]: 81284.6
2026-02-04 09:49:52,951	PDB Server  	T_pdb_server     	[INFO ]	Average Power: 49.186
2026-02-04 09:49:52,951	PDB Server  	T_pdb_server     	[INFO ]	Sys Volts average: 23964
2026-02-04 09:49:52,951	PDB Server  	T_pdb_server     	[INFO ]	mah from ltc4282 942.206
2026-02-04 09:49:56,149	BMS Server  	T_9BmsServer     	[DEBUG]	Battery temp -1
2026-02-04 09:49:58,075	DiskBatteryR	T_pdb_server     	[INFO ]	Writing to registry: battery 000000000000 uAH: 941746206
2026-02-04 09:49:58,075	DiskBatteryR	T_pdb_server     	[INFO ]	Writing to registry: battery 032225d763ff uAH: 190971
2026-02-04 09:49:58,075	BMS Server  	T_pdb_server     	[DEBUG]	Target = Full
2026-02-04 09:49:58,105	PDB Server  	T_pdb_server     	[INFO ]	Sys Volts: 23977 Sys Amps: 1348
2026-02-04 09:49:58,105	PDB Server  	T_pdb_server     	[INFO ]	12V rail Volts: 11999 12V rail Amps: 574
2026-02-04 09:49:58,105	PDB Server  	T_pdb_server     	[INFO ]	Energy[Joules]: 81452.9
2026-02-04 09:49:58,105	PDB Server  	T_pdb_server     	[INFO ]	Average Power: 49.1339
2026-02-04 09:49:58,105	PDB Server  	T_pdb_server     	[INFO ]	Sys Volts average: 23964.1
2026-02-04 09:49:58,105	PDB Server  	T_pdb_server     	[INFO ]	mah from ltc4282 944.156
2026-02-04 09:50:01,465	BMS Server  	T_9BmsServer     	[DEBUG]	Battery temp -1
2026-02-04 09:50:03,230	DiskBatteryR	T_pdb_server     	[INFO ]	Writing to registry: battery 000000000000 uAH: 941748156
2026-02-04 09:50:03,231	DiskBatteryR	T_pdb_server     	[INFO ]	Writing to registry: battery 032225d763ff uAH: 190971
2026-02-04 09:50:03,231	BMS Server  	T_pdb_server     	[DEBUG]	Target = Full
2026-02-04 09:50:03,259	PDB Server  	T_pdb_server     	[INFO ]	Sys Volts: 23977 Sys Amps: 1258
2026-02-04 09:50:03,259	PDB Server  	T_pdb_server     	[INFO ]	12V rail Volts: 11998 12V rail Amps: 574
2026-02-04 09:50:03,259	PDB Server  	T_pdb_server     	[INFO ]	Energy[Joules]: 81621.6
2026-02-04 09:50:03,259	PDB Server  	T_pdb_server     	[INFO ]	Average Power: 49.0824
2026-02-04 09:50:03,259	PDB Server  	T_pdb_server     	[INFO ]	Sys Volts average: 23964.1
2026-02-04 09:50:03,259	PDB Server  	T_pdb_server     	[INFO ]	mah from ltc4282 946.111
2026-02-04 09:50:05,457	BMS Server  	T_9BmsServer     	[DEBUG]	Battery temp -1
2026-02-04 09:50:08,384	DiskBatteryR	T_pdb_server     	[INFO ]	Writing to registry: battery 000000000000 uAH: 941750095
2026-02-04 09:50:08,384	DiskBatteryR	T_pdb_server     	[INFO ]	Writing to registry: battery 032225d763ff uAH: 190971
2026-02-04 09:50:08,384	BMS Server  	T_pdb_server     	[DEBUG]	Target = Full
2026-02-04 09:50:08,411	PDB Server  	T_pdb_server     	[INFO ]	Sys Volts: 23977 Sys Amps: 1348
2026-02-04 09:50:08,412	PDB Server  	T_pdb_server     	[INFO ]	12V rail Volts: 11998 12V rail Amps: 573
2026-02-04 09:50:08,412	PDB Server  	T_pdb_server     	[INFO ]	Energy[Joules]: 81787.3
2026-02-04 09:50:08,412	PDB Server  	T_pdb_server     	[INFO ]	Average Power: 49.0313
2026-02-04 09:50:08,412	PDB Server  	T_pdb_server     	[INFO ]	Sys Volts average: 23964.1
2026-02-04 09:50:08,412	PDB Server  	T_pdb_server     	[INFO ]	mah from ltc4282 948.029
2026-02-04 09:50:10,769	BMS Server  	T_9BmsServer     	[DEBUG]	Battery temp -1
2026-02-04 09:50:13,540	DiskBatteryR	T_pdb_server     	[INFO ]	Writing to registry: battery 000000000000 uAH: 941752051
2026-02-04 09:50:13,541	DiskBatteryR	T_pdb_server     	[INFO ]	Writing to registry: battery 032225d763ff uAH: 190971
2026-02-04 09:50:13,541	BMS Server  	T_pdb_server     	[DEBUG]	Target = Full
2026-02-04 09:50:13,568	PDB Server  	T_pdb_server     	[INFO ]	Sys Volts: 23977 Sys Amps: 1348
2026-02-04 09:50:13,568	PDB Server  	T_pdb_server     	[INFO ]	12V rail Volts: 11998 12V rail Amps: 576
2026-02-04 09:50:13,568	PDB Server  	T_pdb_server     	[INFO ]	Energy[Joules]: 81956.3
2026-02-04 09:50:13,568	PDB Server  	T_pdb_server     	[INFO ]	Average Power: 48.9806
2026-02-04 09:50:13,569	PDB Server  	T_pdb_server     	[INFO ]	Sys Volts average: 23964.1
2026-02-04 09:50:13,569	PDB Server  	T_pdb_server     	[INFO ]	mah from ltc4282 949.987
2026-02-04 09:50:14,761	BMS Server  	T_9BmsServer     	[DEBUG]	Battery temp -1
2026-02-04 09:50:18,693	DiskBatteryR	T_pdb_server     	[INFO ]	Writing to registry: battery 000000000000 uAH: 941753992
2026-02-04 09:50:18,693	DiskBatteryR	T_pdb_server     	[INFO ]	Writing to registry: battery 032225d763ff uAH: 190971
2026-02-04 09:50:18,693	BMS Server  	T_pdb_server     	[DEBUG]	Target = Full
2026-02-04 09:50:18,720	PDB Server  	T_pdb_server     	[INFO ]	Sys Volts: 23969 Sys Amps: 1348
2026-02-04 09:50:18,720	PDB Server  	T_pdb_server     	[INFO ]	12V rail Volts: 11998 12V rail Amps: 577
2026-02-04 09:50:18,720	PDB Server  	T_pdb_server     	[INFO ]	Energy[Joules]: 82124.5
2026-02-04 09:50:18,720	PDB Server  	T_pdb_server     	[INFO ]	Average Power: 48.9297
2026-02-04 09:50:18,720	PDB Server  	T_pdb_server     	[INFO ]	Sys Volts average: 23964.2
2026-02-04 09:50:18,720	PDB Server  	T_pdb_server     	[INFO ]	mah from ltc4282 951.935
2026-02-04 09:50:20,077	BMS Server  	T_9BmsServer     	[DEBUG]	Battery temp -1
2026-02-04 09:50:23,848	DiskBatteryR	T_pdb_server     	[INFO ]	Writing to registry: battery 000000000000 uAH: 941755933
2026-02-04 09:50:23,848	DiskBatteryR	T_pdb_server     	[INFO ]	Writing to registry: battery 032225d763ff uAH: 190971
2026-02-04 09:50:23,848	BMS Server  	T_pdb_server     	[DEBUG]	Target = Full
2026-02-04 09:50:23,875	PDB Server  	T_pdb_server     	[INFO ]	Sys Volts: 23977 Sys Amps: 1348
2026-02-04 09:50:23,876	PDB Server  	T_pdb_server     	[INFO ]	12V rail Volts: 11998 12V rail Amps: 577
2026-02-04 09:50:23,876	PDB Server  	T_pdb_server     	[INFO ]	Energy[Joules]: 82290.2
2026-02-04 09:50:23,878	PDB Server  	T_pdb_server     	[INFO ]	Average Power: 48.8796
2026-02-04 09:50:23,878	PDB Server  	T_pdb_server     	[INFO ]	Sys Volts average: 23964.2
2026-02-04 09:50:23,878	PDB Server  	T_pdb_server     	[INFO ]	mah from ltc4282 953.856
2026-02-04 09:50:24,061	BMS Server  	T_9BmsServer     	[DEBUG]	Battery temp -1
2026-02-04 09:50:28,045	BMS Server  	T_9BmsServer     	[DEBUG]	Battery temp -1
2026-02-04 09:50:29,001	DiskBatteryR	T_pdb_server     	[INFO ]	Writing to registry: battery 000000000000 uAH: 941757862
2026-02-04 09:50:29,001	DiskBatteryR	T_pdb_server     	[INFO ]	Writing to registry: battery 032225d763ff uAH: 190971
2026-02-04 09:50:29,001	BMS Server  	T_pdb_server     	[DEBUG]	Target = Full
2026-02-04 09:50:29,029	PDB Server  	T_pdb_server     	[INFO ]	Sys Volts: 23969 Sys Amps: 1348
2026-02-04 09:50:29,029	PDB Server  	T_pdb_server     	[INFO ]	12V rail Volts: 11998 12V rail Amps: 582
2026-02-04 09:50:29,029	PDB Server  	T_pdb_server     	[INFO ]	Energy[Joules]: 82457.3
2026-02-04 09:50:29,029	PDB Server  	T_pdb_server     	[INFO ]	Average Power: 48.8287
2026-02-04 09:50:29,029	PDB Server  	T_pdb_server     	[INFO ]	Sys Volts average: 23964.2
2026-02-04 09:50:29,029	PDB Server  	T_pdb_server     	[INFO ]	mah from ltc4282 955.791
2026-02-04 09:50:33,381	BMS Server  	T_9BmsServer     	[DEBUG]	Battery temp -1
2026-02-04 09:50:34,154	DiskBatteryR	T_pdb_server     	[INFO ]	Writing to registry: battery 000000000000 uAH: 941759800
2026-02-04 09:50:34,154	DiskBatteryR	T_pdb_server     	[INFO ]	Writing to registry: battery 032225d763ff uAH: 190971
2026-02-04 09:50:34,154	BMS Server  	T_pdb_server     	[DEBUG]	Target = Full
2026-02-04 09:50:34,183	PDB Server  	T_pdb_server     	[INFO ]	Sys Volts: 23969 Sys Amps: 1348
2026-02-04 09:50:34,183	PDB Server  	T_pdb_server     	[INFO ]	12V rail Volts: 11998 12V rail Amps: 577
2026-02-04 09:50:34,183	PDB Server  	T_pdb_server     	[INFO ]	Energy[Joules]: 82625
2026-02-04 09:50:34,183	PDB Server  	T_pdb_server     	[INFO ]	Average Power: 48.7785
2026-02-04 09:50:34,184	PDB Server  	T_pdb_server     	[INFO ]	Sys Volts average: 23964.3
2026-02-04 09:50:34,184	PDB Server  	T_pdb_server     	[INFO ]	mah from ltc4282 957.734
2026-02-04 09:50:37,365	BMS Server  	T_9BmsServer     	[DEBUG]	Battery temp -1
2026-02-04 09:50:39,307	DiskBatteryR	T_pdb_server     	[INFO ]	Writing to registry: battery 000000000000 uAH: 941761751
2026-02-04 09:50:39,307	DiskBatteryR	T_pdb_server     	[INFO ]	Writing to registry: battery 032225d763ff uAH: 190971
2026-02-04 09:50:39,307	BMS Server  	T_pdb_server     	[DEBUG]	Target = Full
2026-02-04 09:50:39,337	PDB Server  	T_pdb_server     	[INFO ]	Sys Volts: 23969 Sys Amps: 1348
2026-02-04 09:50:39,337	PDB Server  	T_pdb_server     	[INFO ]	12V rail Volts: 11998 12V rail Amps: 582
2026-02-04 09:50:39,337	PDB Server  	T_pdb_server     	[INFO ]	Energy[Joules]: 82791.7
2026-02-04 09:50:39,338	PDB Server  	T_pdb_server     	[INFO ]	Average Power: 48.7298
2026-02-04 09:50:39,338	PDB Server  	T_pdb_server     	[INFO ]	Sys Volts average: 23964.3
2026-02-04 09:50:39,338	PDB Server  	T_pdb_server     	[INFO ]	mah from ltc4282 959.666
2026-02-04 09:50:42,697	BMS Server  	T_9BmsServer     	[DEBUG]	Battery temp -1
2026-02-04 09:50:44,469	DiskBatteryR	T_pdb_server     	[INFO ]	Writing to registry: battery 000000000000 uAH: 941763697
2026-02-04 09:50:44,469	DiskBatteryR	T_pdb_server     	[INFO ]	Writing to registry: battery 032225d763ff uAH: 190971
2026-02-04 09:50:44,469	BMS Server  	T_pdb_server     	[DEBUG]	Target = Full
2026-02-04 09:50:44,498	PDB Server  	T_pdb_server     	[INFO ]	Sys Volts: 23969 Sys Amps: 1348
2026-02-04 09:50:44,498	PDB Server  	T_pdb_server     	[INFO ]	12V rail Volts: 11999 12V rail Amps: 572
2026-02-04 09:50:44,498	PDB Server  	T_pdb_server     	[INFO ]	Energy[Joules]: 82959.9
2026-02-04 09:50:44,498	PDB Server  	T_pdb_server     	[INFO ]	Average Power: 48.6805
2026-02-04 09:50:44,498	PDB Server  	T_pdb_server     	[INFO ]	Sys Volts average: 23964.3
2026-02-04 09:50:44,499	PDB Server  	T_pdb_server     	[INFO ]	mah from ltc4282 961.614
2026-02-04 09:50:46,684	BMS Server  	T_9BmsServer     	[DEBUG]	Battery temp -1
2026-02-04 09:50:49,623	DiskBatteryR	T_pdb_server     	[INFO ]	Writing to registry: battery 000000000000 uAH: 941765645
2026-02-04 09:50:49,624	DiskBatteryR	T_pdb_server     	[INFO ]	Writing to registry: battery 032225d763ff uAH: 190971
2026-02-04 09:50:49,624	BMS Server  	T_pdb_server     	[DEBUG]	Target = Full
2026-02-04 09:50:49,651	PDB Server  	T_pdb_server     	[INFO ]	Sys Volts: 23977 Sys Amps: 1348
2026-02-04 09:50:49,651	PDB Server  	T_pdb_server     	[INFO ]	12V rail Volts: 11998 12V rail Amps: 575
2026-02-04 09:50:49,651	PDB Server  	T_pdb_server     	[INFO ]	Energy[Joules]: 83128.5
2026-02-04 09:50:49,652	PDB Server  	T_pdb_server     	[INFO ]	Average Power: 48.6316
2026-02-04 09:50:49,652	PDB Server  	T_pdb_server     	[INFO ]	Sys Volts average: 23964.3
2026-02-04 09:50:49,652	PDB Server  	T_pdb_server     	[INFO ]	mah from ltc4282 963.567
2026-02-04 09:50:52,009	BMS Server  	T_9BmsServer     	[DEBUG]	Battery temp -1
2026-02-04 09:50:54,777	DiskBatteryR	T_pdb_server     	[INFO ]	Writing to registry: battery 000000000000 uAH: 941767590
2026-02-04 09:50:54,778	DiskBatteryR	T_pdb_server     	[INFO ]	Writing to registry: battery 032225d763ff uAH: 190971
2026-02-04 09:50:54,778	BMS Server  	T_pdb_server     	[DEBUG]	Target = Full
2026-02-04 09:50:54,804	PDB Server  	T_pdb_server     	[INFO ]	Sys Volts: 23969 Sys Amps: 1348
2026-02-04 09:50:54,804	PDB Server  	T_pdb_server     	[INFO ]	12V rail Volts: 11999 12V rail Amps: 581
2026-02-04 09:50:54,804	PDB Server  	T_pdb_server     	[INFO ]	Energy[Joules]: 83294.5
2026-02-04 09:50:54,805	PDB Server  	T_pdb_server     	[INFO ]	Average Power: 48.5835
2026-02-04 09:50:54,805	PDB Server  	T_pdb_server     	[INFO ]	Sys Volts average: 23964.3
2026-02-04 09:50:54,805	PDB Server  	T_pdb_server     	[INFO ]	mah from ltc4282 965.491
2026-02-04 09:50:56,001	BMS Server  	T_9BmsServer     	[DEBUG]	Battery temp -1
2026-02-04 09:50:59,929	DiskBatteryR	T_pdb_server     	[INFO ]	Writing to registry: battery 000000000000 uAH: 941769534
2026-02-04 09:50:59,929	DiskBatteryR	T_pdb_server     	[INFO ]	Writing to registry: battery 032225d763ff uAH: 190971
2026-02-04 09:50:59,929	BMS Server  	T_pdb_server     	[DEBUG]	Target = Full
2026-02-04 09:50:59,957	PDB Server  	T_pdb_server     	[INFO ]	Sys Volts: 23969 Sys Amps: 1348
2026-02-04 09:50:59,957	PDB Server  	T_pdb_server     	[INFO ]	12V rail Volts: 11998 12V rail Amps: 581
2026-02-04 09:50:59,957	PDB Server  	T_pdb_server     	[INFO ]	Energy[Joules]: 83462.7
2026-02-04 09:50:59,957	PDB Server  	T_pdb_server     	[INFO ]	Average Power: 48.535
2026-02-04 09:50:59,957	PDB Server  	T_pdb_server     	[INFO ]	Sys Volts average: 23964.4
2026-02-04 09:50:59,957	PDB Server  	T_pdb_server     	[INFO ]	mah from ltc4282 967.439
2026-02-04 09:51:01,324	BMS Server  	T_9BmsServer     	[DEBUG]	Battery temp -1
2026-02-04 09:51:05,083	DiskBatteryR	T_pdb_server     	[INFO ]	Writing to registry: battery 000000000000 uAH: 941771479
2026-02-04 09:51:05,083	DiskBatteryR	T_pdb_server     	[INFO ]	Writing to registry: battery 032225d763ff uAH: 190971
2026-02-04 09:51:05,084	BMS Server  	T_pdb_server     	[DEBUG]	Target = Full
2026-02-04 09:51:05,111	PDB Server  	T_pdb_server     	[INFO ]	Sys Volts: 23969 Sys Amps: 1348
2026-02-04 09:51:05,111	PDB Server  	T_pdb_server     	[INFO ]	12V rail Volts: 11998 12V rail Amps: 581
2026-02-04 09:51:05,111	PDB Server  	T_pdb_server     	[INFO ]	Energy[Joules]: 83628.7
2026-02-04 09:51:05,112	PDB Server  	T_pdb_server     	[INFO ]	Average Power: 48.4874
2026-02-04 09:51:05,112	PDB Server  	T_pdb_server     	[INFO ]	Sys Volts average: 23964.4
2026-02-04 09:51:05,112	PDB Server  	T_pdb_server     	[INFO ]	mah from ltc4282 969.363
2026-02-04 09:51:05,313	BMS Server  	T_9BmsServer     	[DEBUG]	Battery temp -1
2026-02-04 09:51:10,236	DiskBatteryR	T_pdb_server     	[INFO ]	Writing to registry: battery 000000000000 uAH: 941773423
2026-02-04 09:51:10,236	DiskBatteryR	T_pdb_server     	[INFO ]	Writing to registry: battery 032225d763ff uAH: 190971
2026-02-04 09:51:10,236	BMS Server  	T_pdb_server     	[DEBUG]	Target = Full
2026-02-04 09:51:10,264	PDB Server  	T_pdb_server     	[INFO ]	Sys Volts: 23977 Sys Amps: 1348
2026-02-04 09:51:10,264	PDB Server  	T_pdb_server     	[INFO ]	12V rail Volts: 11998 12V rail Amps: 584
2026-02-04 09:51:10,264	PDB Server  	T_pdb_server     	[INFO ]	Energy[Joules]: 83797
2026-02-04 09:51:10,264	PDB Server  	T_pdb_server     	[INFO ]	Average Power: 48.4396
2026-02-04 09:51:10,264	PDB Server  	T_pdb_server     	[INFO ]	Sys Volts average: 23964.4
2026-02-04 09:51:10,265	PDB Server  	T_pdb_server     	[INFO ]	mah from ltc4282 971.313
2026-02-04 09:51:10,633	BMS Server  	T_9BmsServer     	[DEBUG]	Battery temp -1
2026-02-04 09:51:14,620	BMS Server  	T_9BmsServer     	[DEBUG]	Battery temp -1
2026-02-04 09:51:15,390	DiskBatteryR	T_pdb_server     	[INFO ]	Writing to registry: battery 000000000000 uAH: 941801328
2026-02-04 09:51:15,390	DiskBatteryR	T_pdb_server     	[INFO ]	Writing to registry: battery 032225d763ff uAH: 190971
2026-02-04 09:51:15,391	BMS Server  	T_pdb_server     	[DEBUG]	Target = Full
2026-02-04 09:51:15,418	PDB Server  	T_pdb_server     	[INFO ]	Sys Volts: 23424 Sys Amps: 39547
2026-02-04 09:51:15,418	PDB Server  	T_pdb_server     	[INFO ]	12V rail Volts: 11998 12V rail Amps: 569
2026-02-04 09:51:15,418	PDB Server  	T_pdb_server     	[INFO ]	Energy[Joules]: 86215.2
2026-02-04 09:51:15,418	PDB Server  	T_pdb_server     	[INFO ]	Average Power: 49.6888
2026-02-04 09:51:15,418	PDB Server  	T_pdb_server     	[INFO ]	Sys Volts average: 23963.6
2026-02-04 09:51:15,418	PDB Server  	T_pdb_server     	[INFO ]	mah from ltc4282 999.377
2026-02-04 09:51:19,945	BMS Server  	T_9BmsServer     	[DEBUG]	Battery temp -1
2026-02-04 09:51:20,545	DiskBatteryR	T_pdb_server     	[INFO ]	Writing to registry: battery 000000000000 uAH: 941857937
2026-02-04 09:51:20,545	DiskBatteryR	T_pdb_server     	[INFO ]	Writing to registry: battery 032225d763ff uAH: 190971
2026-02-04 09:51:20,545	BMS Server  	T_pdb_server     	[DEBUG]	Target = Full
2026-02-04 09:51:20,572	PDB Server  	T_pdb_server     	[INFO ]	Sys Volts: 23424 Sys Amps: 39456
2026-02-04 09:51:20,572	PDB Server  	T_pdb_server     	[INFO ]	12V rail Volts: 11998 12V rail Amps: 583
2026-02-04 09:51:20,572	PDB Server  	T_pdb_server     	[INFO ]	Energy[Joules]: 90945.3
2026-02-04 09:51:20,573	PDB Server  	T_pdb_server     	[INFO ]	Average Power: 52.2609
2026-02-04 09:51:20,573	PDB Server  	T_pdb_server     	[INFO ]	Sys Volts average: 23962
2026-02-04 09:51:20,573	PDB Server  	T_pdb_server     	[INFO ]	mah from ltc4282 1054.28
2026-02-04 09:51:23,945	BMS Server  	T_9BmsServer     	[DEBUG]	Battery temp -1
2026-02-04 09:51:25,703	DiskBatteryR	T_pdb_server     	[INFO ]	Writing to registry: battery 000000000000 uAH: 941914700
2026-02-04 09:51:25,703	DiskBatteryR	T_pdb_server     	[INFO ]	Writing to registry: battery 032225d763ff uAH: 190971
2026-02-04 09:51:25,703	BMS Server  	T_pdb_server     	[DEBUG]	Target = Full
2026-02-04 09:51:25,730	PDB Server  	T_pdb_server     	[INFO ]	Sys Volts: 23424 Sys Amps: 39634
2026-02-04 09:51:25,731	PDB Server  	T_pdb_server     	[INFO ]	12V rail Volts: 11998 12V rail Amps: 578
2026-02-04 09:51:25,731	PDB Server  	T_pdb_server     	[INFO ]	Energy[Joules]: 95737.2
2026-02-04 09:51:25,731	PDB Server  	T_pdb_server     	[INFO ]	Average Power: 54.8514
2026-02-04 09:51:25,731	PDB Server  	T_pdb_server     	[INFO ]	Sys Volts average: 23960.4
2026-02-04 09:51:25,731	PDB Server  	T_pdb_server     	[INFO ]	mah from ltc4282 1109.9
2026-02-04 09:51:27,933	BMS Server  	T_9BmsServer     	[DEBUG]	Battery temp -1
2026-02-04 09:51:30,863	DiskBatteryR	T_pdb_server     	[INFO ]	Writing to registry: battery 000000000000 uAH: 941971227
2026-02-04 09:51:30,863	DiskBatteryR	T_pdb_server     	[INFO ]	Writing to registry: battery 032225d763ff uAH: 190971
2026-02-04 09:51:30,863	BMS Server  	T_pdb_server     	[DEBUG]	Target = Full
2026-02-04 09:51:30,890	PDB Server  	T_pdb_server     	[INFO ]	Sys Volts: 23432 Sys Amps: 39363
2026-02-04 09:51:30,891	PDB Server  	T_pdb_server     	[INFO ]	12V rail Volts: 11998 12V rail Amps: 579
2026-02-04 09:51:30,891	PDB Server  	T_pdb_server     	[INFO ]	Energy[Joules]: 100515
2026-02-04 09:51:30,891	PDB Server  	T_pdb_server     	[INFO ]	Average Power: 57.4183
2026-02-04 09:51:30,891	PDB Server  	T_pdb_server     	[INFO ]	Sys Volts average: 23958.8
2026-02-04 09:51:30,891	PDB Server  	T_pdb_server     	[INFO ]	mah from ltc4282 1165.37
2026-02-04 09:51:33,268	BMS Server  	T_9BmsServer     	[DEBUG]	Battery temp -1
2026-02-04 09:51:36,016	DiskBatteryR	T_pdb_server     	[INFO ]	Writing to registry: battery 000000000000 uAH: 942027539
2026-02-04 09:51:36,016	DiskBatteryR	T_pdb_server     	[INFO ]	Writing to registry: battery 032225d763ff uAH: 190971
2026-02-04 09:51:36,016	BMS Server  	T_pdb_server     	[DEBUG]	Target = Full
2026-02-04 09:51:36,044	PDB Server  	T_pdb_server     	[INFO ]	Sys Volts: 23432 Sys Amps: 39276
2026-02-04 09:51:36,044	PDB Server  	T_pdb_server     	[INFO ]	12V rail Volts: 11999 12V rail Amps: 574
2026-02-04 09:51:36,044	PDB Server  	T_pdb_server     	[INFO ]	Energy[Joules]: 105218
2026-02-04 09:51:36,045	PDB Server  	T_pdb_server     	[INFO ]	Average Power: 59.9298
2026-02-04 09:51:36,045	PDB Server  	T_pdb_server     	[INFO ]	Sys Volts average: 23957.3
2026-02-04 09:51:36,045	PDB Server  	T_pdb_server     	[INFO ]	mah from ltc4282 1219.97
2026-02-04 09:51:37,269	BMS Server  	T_9BmsServer     	[DEBUG]	Battery temp -1
2026-02-04 09:51:41,171	DiskBatteryR	T_pdb_server     	[INFO ]	Writing to registry: battery 000000000000 uAH: 942083950
2026-02-04 09:51:41,171	DiskBatteryR	T_pdb_server     	[INFO ]	Writing to registry: battery 032225d763ff uAH: 190971
2026-02-04 09:51:41,171	BMS Server  	T_pdb_server     	[DEBUG]	Target = Full
2026-02-04 09:51:41,200	PDB Server  	T_pdb_server     	[INFO ]	Sys Volts: 23432 Sys Amps: 39276
2026-02-04 09:51:41,201	PDB Server  	T_pdb_server     	[INFO ]	12V rail Volts: 11998 12V rail Amps: 576
2026-02-04 09:51:41,201	PDB Server  	T_pdb_server     	[INFO ]	Energy[Joules]: 109987
2026-02-04 09:51:41,201	PDB Server  	T_pdb_server     	[INFO ]	Average Power: 62.4621
2026-02-04 09:51:41,201	PDB Server  	T_pdb_server     	[INFO ]	Sys Volts average: 23955.7
2026-02-04 09:51:41,201	PDB Server  	T_pdb_server     	[INFO ]	mah from ltc4282 1275.35
2026-02-04 09:51:42,589	BMS Server  	T_9BmsServer     	[DEBUG]	Battery temp -1
2026-02-04 09:51:46,325	FlightTime  	T_pdb_server     	[INFO ]	flight_time 110810 current_run 51 seconds
2026-02-04 09:51:46,327	DiskBatteryR	T_pdb_server     	[INFO ]	Writing to registry: battery 000000000000 uAH: 942140669
2026-02-04 09:51:46,327	DiskBatteryR	T_pdb_server     	[INFO ]	Writing to registry: battery 032225d763ff uAH: 190971
2026-02-04 09:51:46,327	BMS Server  	T_pdb_server     	[DEBUG]	Target = Full
2026-02-04 09:51:46,354	PDB Server  	T_pdb_server     	[INFO ]	Sys Volts: 23424 Sys Amps: 39906
2026-02-04 09:51:46,354	PDB Server  	T_pdb_server     	[INFO ]	12V rail Volts: 11998 12V rail Amps: 580
2026-02-04 09:51:46,354	PDB Server  	T_pdb_server     	[INFO ]	Energy[Joules]: 114785
2026-02-04 09:51:46,355	PDB Server  	T_pdb_server     	[INFO ]	Average Power: 64.9959
2026-02-04 09:51:46,355	PDB Server  	T_pdb_server     	[INFO ]	Sys Volts average: 23954.2
2026-02-04 09:51:46,355	PDB Server  	T_pdb_server     	[INFO ]	mah from ltc4282 1331.07
2026-02-04 09:51:46,589	BMS Server  	T_9BmsServer     	[DEBUG]	Battery temp -1
2026-02-04 09:51:51,480	DiskBatteryR	T_pdb_server     	[INFO ]	Writing to registry: battery 000000000000 uAH: 942197433
2026-02-04 09:51:51,481	DiskBatteryR	T_pdb_server     	[INFO ]	Writing to registry: battery 032225d763ff uAH: 190971
2026-02-04 09:51:51,482	BMS Server  	T_pdb_server     	[DEBUG]	Target = Full
2026-02-04 09:51:51,511	PDB Server  	T_pdb_server     	[INFO ]	Sys Volts: 23432 Sys Amps: 39280
2026-02-04 09:51:51,511	PDB Server  	T_pdb_server     	[INFO ]	12V rail Volts: 11998 12V rail Amps: 581
2026-02-04 09:51:51,511	PDB Server  	T_pdb_server     	[INFO ]	Energy[Joules]: 119523
2026-02-04 09:51:51,511	PDB Server  	T_pdb_server     	[INFO ]	Average Power: 67.4834
2026-02-04 09:51:51,511	PDB Server  	T_pdb_server     	[INFO ]	Sys Volts average: 23952.7
2026-02-04 09:51:51,511	PDB Server  	T_pdb_server     	[INFO ]	mah from ltc4282 1386.1
2026-02-04 09:51:51,929	BMS Server  	T_9BmsServer     	[DEBUG]	Battery temp -1
2026-02-04 09:51:55,913	BMS Server  	T_9BmsServer     	[DEBUG]	Battery temp -1
2026-02-04 09:51:56,638	DiskBatteryR	T_pdb_server     	[INFO ]	Writing to registry: battery 000000000000 uAH: 942253770
2026-02-04 09:51:56,638	DiskBatteryR	T_pdb_server     	[INFO ]	Writing to registry: battery 032225d763ff uAH: 190971
2026-02-04 09:51:56,638	BMS Server  	T_pdb_server     	[DEBUG]	Target = Full
2026-02-04 09:51:56,666	PDB Server  	T_pdb_server     	[INFO ]	Sys Volts: 23432 Sys Amps: 39460
2026-02-04 09:51:56,666	PDB Server  	T_pdb_server     	[INFO ]	12V rail Volts: 11998 12V rail Amps: 571
2026-02-04 09:51:56,666	PDB Server  	T_pdb_server     	[INFO ]	Energy[Joules]: 124287
2026-02-04 09:51:56,666	PDB Server  	T_pdb_server     	[INFO ]	Average Power: 69.9687
2026-02-04 09:51:56,666	PDB Server  	T_pdb_server     	[INFO ]	Sys Volts average: 23951.1
2026-02-04 09:51:56,666	PDB Server  	T_pdb_server     	[INFO ]	mah from ltc4282 1441.44
2026-02-04 09:52:01,245	BMS Server  	T_9BmsServer     	[DEBUG]	Battery temp -1
2026-02-04 09:52:01,793	DiskBatteryR	T_pdb_server     	[INFO ]	Writing to registry: battery 000000000000 uAH: 942310236
2026-02-04 09:52:01,793	DiskBatteryR	T_pdb_server     	[INFO ]	Writing to registry: battery 032225d763ff uAH: 190971
2026-02-04 09:52:01,794	BMS Server  	T_pdb_server     	[DEBUG]	Target = Full
2026-02-04 09:52:01,824	PDB Server  	T_pdb_server     	[INFO ]	Sys Volts: 23432 Sys Amps: 39642
2026-02-04 09:52:01,824	PDB Server  	T_pdb_server     	[INFO ]	12V rail Volts: 11998 12V rail Amps: 577
2026-02-04 09:52:01,824	PDB Server  	T_pdb_server     	[INFO ]	Energy[Joules]: 129064
2026-02-04 09:52:01,825	PDB Server  	T_pdb_server     	[INFO ]	Average Power: 72.4467
2026-02-04 09:52:01,825	PDB Server  	T_pdb_server     	[INFO ]	Sys Volts average: 23949.6
2026-02-04 09:52:01,825	PDB Server  	T_pdb_server     	[INFO ]	mah from ltc4282 1496.94
2026-02-04 09:52:05,241	BMS Server  	T_9BmsServer     	[DEBUG]	Battery temp -1
2026-02-04 09:52:06,951	DiskBatteryR	T_pdb_server     	[INFO ]	Writing to registry: battery 000000000000 uAH: 942367335
2026-02-04 09:52:06,951	DiskBatteryR	T_pdb_server     	[INFO ]	Writing to registry: battery 032225d763ff uAH: 190971
2026-02-04 09:52:06,951	BMS Server  	T_pdb_server     	[DEBUG]	Target = Full
2026-02-04 09:52:06,982	PDB Server  	T_pdb_server     	[INFO ]	Sys Volts: 23432 Sys Amps: 39641
2026-02-04 09:52:06,982	PDB Server  	T_pdb_server     	[INFO ]	12V rail Volts: 11999 12V rail Amps: 586
2026-02-04 09:52:06,982	PDB Server  	T_pdb_server     	[INFO ]	Energy[Joules]: 133882
2026-02-04 09:52:06,982	PDB Server  	T_pdb_server     	[INFO ]	Average Power: 74.9333
2026-02-04 09:52:06,982	PDB Server  	T_pdb_server     	[INFO ]	Sys Volts average: 23948.1
2026-02-04 09:52:06,982	PDB Server  	T_pdb_server     	[INFO ]	mah from ltc4282 1552.92
2026-02-04 09:52:10,557	BMS Server  	T_9BmsServer     	[DEBUG]	Battery temp -1
2026-02-04 09:52:12,108	DiskBatteryR	T_pdb_server     	[INFO ]	Writing to registry: battery 000000000000 uAH: 942430685
2026-02-04 09:52:12,109	DiskBatteryR	T_pdb_server     	[INFO ]	Writing to registry: battery 032225d763ff uAH: 190971
2026-02-04 09:52:12,109	BMS Server  	T_pdb_server     	[DEBUG]	Target = Full
2026-02-04 09:52:12,137	PDB Server  	T_pdb_server     	[INFO ]	Sys Volts: 21442 Sys Amps: 183389
2026-02-04 09:52:12,137	PDB Server  	T_pdb_server     	[INFO ]	12V rail Volts: 11998 12V rail Amps: 580
2026-02-04 09:52:12,137	PDB Server  	T_pdb_server     	[INFO ]	Energy[Joules]: 139266
2026-02-04 09:52:12,137	PDB Server  	T_pdb_server     	[INFO ]	Average Power: 77.7245
2026-02-04 09:52:12,137	PDB Server  	T_pdb_server     	[INFO ]	Sys Volts average: 23946.1
2026-02-04 09:52:12,137	PDB Server  	T_pdb_server     	[INFO ]	mah from ltc4282 1615.51
2026-02-04 09:52:14,541	BMS Server  	T_9BmsServer     	[DEBUG]	Battery temp -1
2026-02-04 09:52:16,760	FlightTime  	T_pdb_server     	[INFO ]	flight_time 110840 current_run 81 seconds
2026-02-04 09:52:17,263	DiskBatteryR	T_pdb_server     	[INFO ]	Writing to registry: battery 000000000000 uAH: 942668442
2026-02-04 09:52:17,263	DiskBatteryR	T_pdb_server     	[INFO ]	Writing to registry: battery 032225d763ff uAH: 190971
2026-02-04 09:52:17,263	BMS Server  	T_pdb_server     	[DEBUG]	Target = Full
2026-02-04 09:52:17,291	PDB Server  	T_pdb_server     	[INFO ]	Sys Volts: 21564 Sys Amps: 165345
2026-02-04 09:52:17,291	PDB Server  	T_pdb_server     	[INFO ]	12V rail Volts: 11999 12V rail Amps: 582
2026-02-04 09:52:17,291	PDB Server  	T_pdb_server     	[INFO ]	Energy[Joules]: 157771
2026-02-04 09:52:17,291	PDB Server  	T_pdb_server     	[INFO ]	Average Power: 87.7986
2026-02-04 09:52:17,291	PDB Server  	T_pdb_server     	[INFO ]	Sys Volts average: 23939.3
2026-02-04 09:52:17,291	PDB Server  	T_pdb_server     	[INFO ]	mah from ltc4282 1830.69
2026-02-04 09:52:19,865	BMS Server  	T_9BmsServer     	[DEBUG]	Battery temp -1
2026-02-04 09:52:22,421	DiskBatteryR	T_pdb_server     	[INFO ]	Writing to registry: battery 000000000000 uAH: 942902537
2026-02-04 09:52:22,421	DiskBatteryR	T_pdb_server     	[INFO ]	Writing to registry: battery 032225d763ff uAH: 190971
2026-02-04 09:52:22,421	BMS Server  	T_pdb_server     	[DEBUG]	Target = Full
2026-02-04 09:52:22,449	PDB Server  	T_pdb_server     	[INFO ]	Sys Volts: 21547 Sys Amps: 161964
2026-02-04 09:52:22,450	PDB Server  	T_pdb_server     	[INFO ]	12V rail Volts: 11999 12V rail Amps: 585
2026-02-04 09:52:22,450	PDB Server  	T_pdb_server     	[INFO ]	Energy[Joules]: 175987
2026-02-04 09:52:22,450	PDB Server  	T_pdb_server     	[INFO ]	Average Power: 97.6541
2026-02-04 09:52:22,450	PDB Server  	T_pdb_server     	[INFO ]	Sys Volts average: 23932.5
2026-02-04 09:52:22,450	PDB Server  	T_pdb_server     	[INFO ]	mah from ltc4282 2042.64
2026-02-04 09:52:23,849	BMS Server  	T_9BmsServer     	[DEBUG]	Battery temp -1
2026-02-04 09:52:27,574	DiskBatteryR	T_pdb_server     	[INFO ]	Writing to registry: battery 000000000000 uAH: 943133801
2026-02-04 09:52:27,574	DiskBatteryR	T_pdb_server     	[INFO ]	Writing to registry: battery 032225d763ff uAH: 190971
2026-02-04 09:52:27,574	BMS Server  	T_pdb_server     	[DEBUG]	Target = Full
2026-02-04 09:52:27,601	PDB Server  	T_pdb_server     	[INFO ]	Sys Volts: 21702 Sys Amps: 154667
2026-02-04 09:52:27,601	PDB Server  	T_pdb_server     	[INFO ]	12V rail Volts: 11999 12V rail Amps: 583
2026-02-04 09:52:27,602	PDB Server  	T_pdb_server     	[INFO ]	Energy[Joules]: 193788
2026-02-04 09:52:27,602	PDB Server  	T_pdb_server     	[INFO ]	Average Power: 107.227
2026-02-04 09:52:27,602	PDB Server  	T_pdb_server     	[INFO ]	Sys Volts average: 23925.6
2026-02-04 09:52:27,602	PDB Server  	T_pdb_server     	[INFO ]	mah from ltc4282 2249.88
2026-02-04 09:52:27,837	BMS Server  	T_9BmsServer     	[DEBUG]	Battery temp -1
2026-02-04 09:52:32,725	DiskBatteryR	T_pdb_server     	[INFO ]	Writing to registry: battery 000000000000 uAH: 943137660
2026-02-04 09:52:32,725	DiskBatteryR	T_pdb_server     	[INFO ]	Writing to registry: battery 032225d763ff uAH: 190971
2026-02-04 09:52:32,725	BMS Server  	T_pdb_server     	[DEBUG]	Target = Full
2026-02-04 09:52:32,752	PDB Server  	T_pdb_server     	[INFO ]	Sys Volts: 23977 Sys Amps: 1522
2026-02-04 09:52:32,752	PDB Server  	T_pdb_server     	[INFO ]	12V rail Volts: 11998 12V rail Amps: 585
2026-02-04 09:52:32,752	PDB Server  	T_pdb_server     	[INFO ]	Energy[Joules]: 193965
2026-02-04 09:52:32,752	PDB Server  	T_pdb_server     	[INFO ]	Average Power: 107.019
2026-02-04 09:52:32,752	PDB Server  	T_pdb_server     	[INFO ]	Sys Volts average: 23925.8
2026-02-04 09:52:32,752	PDB Server  	T_pdb_server     	[INFO ]	mah from ltc4282 2251.93
2026-02-04 09:52:33,153	BMS Server  	T_9BmsServer     	[DEBUG]	Battery temp -1
2026-02-04 09:52:37,140	BMS Server  	T_9BmsServer     	[DEBUG]	Battery temp -1
2026-02-04 09:52:37,875	PDB Server  	T_pdb_server     	[INFO ]	10 minutes passed, Reset the Power Monitor.
2026-02-04 09:52:38,918	PowerMonitor	T_pdb_server     	[DEBUG]	Initial voltage readings. Avg voltage: 23.9821 Max voltage: 23.9854 Min voltage: 23.9772 Var: 1.59718e-05 Standard Deviation: 0.00399647
2026-02-04 09:52:38,919	PowerMonitor	T_pdb_server     	[INFO ]	Initial voltage / est.fuel / mAH currently / mAH full (given age) 
23.9854V / 77 % / 14002 / 18185
2026-02-04 09:52:38,919	DiskBatteryR	T_pdb_server     	[INFO ]	Writing to registry: battery 000000000000 uAH: 943137660
2026-02-04 09:52:38,919	DiskBatteryR	T_pdb_server     	[INFO ]	Writing to registry: battery 032225d763ff uAH: 190971
2026-02-04 09:52:38,919	BMS Server  	T_pdb_server     	[DEBUG]	Target = Full
2026-02-04 09:52:38,947	PDB Server  	T_pdb_server     	[INFO ]	Sys Volts: 23977 Sys Amps: 1433
2026-02-04 09:52:38,947	PDB Server  	T_pdb_server     	[INFO ]	12V rail Volts: 11998 12V rail Amps: 581
2026-02-04 09:52:38,947	PDB Server  	T_pdb_server     	[INFO ]	Energy[Joules]: 194168
2026-02-04 09:52:38,947	PDB Server  	T_pdb_server     	[INFO ]	Average Power: 106.768
2026-02-04 09:52:38,947	PDB Server  	T_pdb_server     	[INFO ]	Sys Volts average: 23925.9
2026-02-04 09:52:38,947	PDB Server  	T_pdb_server     	[INFO ]	mah from ltc4282 2254.27
2026-02-04 09:52:39,449	FlightTime  	T_pdb_server     	[INFO ]	flight_time 110863 current_run 104 seconds
2026-02-04 09:52:42,457	BMS Server  	T_9BmsServer     	[DEBUG]	Battery temp -1
2026-02-04 09:52:44,070	DiskBatteryR	T_pdb_server     	[INFO ]	Writing to registry: battery 000000000000 uAH: 943139635
2026-02-04 09:52:44,070	DiskBatteryR	T_pdb_server     	[INFO ]	Writing to registry: battery 032225d763ff uAH: 190971
2026-02-04 09:52:44,071	BMS Server  	T_pdb_server     	[DEBUG]	Target = Full
2026-02-04 09:52:44,098	PDB Server  	T_pdb_server     	[INFO ]	Sys Volts: 23985 Sys Amps: 1344
2026-02-04 09:52:44,098	PDB Server  	T_pdb_server     	[INFO ]	12V rail Volts: 11999 12V rail Amps: 587
2026-02-04 09:52:44,098	PDB Server  	T_pdb_server     	[INFO ]	Energy[Joules]: 194340
2026-02-04 09:52:44,098	PDB Server  	T_pdb_server     	[INFO ]	Average Power: 106.559
2026-02-04 09:52:44,098	PDB Server  	T_pdb_server     	[INFO ]	Sys Volts average: 23926.1
2026-02-04 09:52:44,099	PDB Server  	T_pdb_server     	[INFO ]	mah from ltc4282 2256.25
2026-02-04 09:52:46,445	BMS Server  	T_9BmsServer     	[DEBUG]	Battery temp -1
2026-02-04 09:52:49,227	DiskBatteryR	T_pdb_server     	[INFO ]	Writing to registry: battery 000000000000 uAH: 943143985
2026-02-04 09:52:49,227	DiskBatteryR	T_pdb_server     	[INFO ]	Writing to registry: battery 032225d763ff uAH: 190971
2026-02-04 09:52:49,227	BMS Server  	T_pdb_server     	[DEBUG]	Target = Full
2026-02-04 09:52:49,255	PDB Server  	T_pdb_server     	[INFO ]	Sys Volts: 22807 Sys Amps: 69232
2026-02-04 09:52:49,255	PDB Server  	T_pdb_server     	[INFO ]	12V rail Volts: 11998 12V rail Amps: 592
2026-02-04 09:52:49,256	PDB Server  	T_pdb_server     	[INFO ]	Energy[Joules]: 194910
2026-02-04 09:52:49,256	PDB Server  	T_pdb_server     	[INFO ]	Average Power: 106.569
2026-02-04 09:52:49,256	PDB Server  	T_pdb_server     	[INFO ]	Sys Volts average: 23925.9
2026-02-04 09:52:49,256	PDB Server  	T_pdb_server     	[INFO ]	mah from ltc4282 2262.89
2026-02-04 09:52:51,769	BMS Server  	T_9BmsServer     	[DEBUG]	Battery temp -1
2026-02-04 09:52:54,383	DiskBatteryR	T_pdb_server     	[INFO ]	Writing to registry: battery 000000000000 uAH: 943292748
2026-02-04 09:52:54,383	DiskBatteryR	T_pdb_server     	[INFO ]	Writing to registry: battery 032225d763ff uAH: 190971
2026-02-04 09:52:54,383	BMS Server  	T_pdb_server     	[DEBUG]	Target = Full
2026-02-04 09:52:54,411	PDB Server  	T_pdb_server     	[INFO ]	Sys Volts: 23977 Sys Amps: 1434
2026-02-04 09:52:54,411	PDB Server  	T_pdb_server     	[INFO ]	12V rail Volts: 11998 12V rail Amps: 578
2026-02-04 09:52:54,411	PDB Server  	T_pdb_server     	[INFO ]	Energy[Joules]: 206410
2026-02-04 09:52:54,411	PDB Server  	T_pdb_server     	[INFO ]	Average Power: 112.543
2026-02-04 09:52:54,411	PDB Server  	T_pdb_server     	[INFO ]	Sys Volts average: 23921.8
2026-02-04 09:52:54,411	PDB Server  	T_pdb_server     	[INFO ]	mah from ltc4282 2396.81
2026-02-04 09:52:55,765	BMS Server  	T_9BmsServer     	[DEBUG]	Battery temp -1
2026-02-04 09:52:59,539	DiskBatteryR	T_pdb_server     	[INFO ]	Writing to registry: battery 000000000000 uAH: 943294840
2026-02-04 09:52:59,539	DiskBatteryR	T_pdb_server     	[INFO ]	Writing to registry: battery 032225d763ff uAH: 190971
2026-02-04 09:52:59,540	BMS Server  	T_pdb_server     	[DEBUG]	Target = Full
2026-02-04 09:52:59,567	PDB Server  	T_pdb_server     	[INFO ]	Sys Volts: 23977 Sys Amps: 1343
2026-02-04 09:52:59,567	PDB Server  	T_pdb_server     	[INFO ]	12V rail Volts: 11998 12V rail Amps: 579
2026-02-04 09:52:59,568	PDB Server  	T_pdb_server     	[INFO ]	Energy[Joules]: 206591
2026-02-04 09:52:59,568	PDB Server  	T_pdb_server     	[INFO ]	Average Power: 112.324
2026-02-04 09:52:59,568	PDB Server  	T_pdb_server     	[INFO ]	Sys Volts average: 23922
2026-02-04 09:52:59,568	PDB Server  	T_pdb_server     	[INFO ]	mah from ltc4282 2398.91
2026-02-04 09:53:00,069	FlightTime  	T_pdb_server     	[INFO ]	flight_time 110868 current_run 109 seconds
2026-02-04 09:53:01,081	BMS Server  	T_9BmsServer     	[DEBUG]	Battery temp -1
2026-02-04 09:53:04,691	DiskBatteryR	T_pdb_server     	[INFO ]	Writing to registry: battery 000000000000 uAH: 943296836
2026-02-04 09:53:04,691	DiskBatteryR	T_pdb_server     	[INFO ]	Writing to registry: battery 032225d763ff uAH: 190971
2026-02-04 09:53:04,692	BMS Server  	T_pdb_server     	[DEBUG]	Target = Full
2026-02-04 09:53:04,719	PDB Server  	T_pdb_server     	[INFO ]	Sys Volts: 23977 Sys Amps: 1345
2026-02-04 09:53:04,719	PDB Server  	T_pdb_server     	[INFO ]	12V rail Volts: 11998 12V rail Amps: 584
2026-02-04 09:53:04,719	PDB Server  	T_pdb_server     	[INFO ]	Energy[Joules]: 206765
2026-02-04 09:53:04,719	PDB Server  	T_pdb_server     	[INFO ]	Average Power: 112.103
2026-02-04 09:53:04,719	PDB Server  	T_pdb_server     	[INFO ]	Sys Volts average: 23922.1
2026-02-04 09:53:04,719	PDB Server  	T_pdb_server     	[INFO ]	mah from ltc4282 2400.9
2026-02-04 09:53:05,081	BMS Server  	T_9BmsServer     	[DEBUG]	Battery temp -1
2026-02-04 09:53:09,846	DiskBatteryR	T_pdb_server     	[INFO ]	Writing to registry: battery 000000000000 uAH: 943298835
2026-02-04 09:53:09,846	DiskBatteryR	T_pdb_server     	[INFO ]	Writing to registry: battery 032225d763ff uAH: 190971
2026-02-04 09:53:09,847	BMS Server  	T_pdb_server     	[DEBUG]	Target = Full
2026-02-04 09:53:09,877	PDB Server  	T_pdb_server     	[INFO ]	Sys Volts: 23977 Sys Amps: 1345
2026-02-04 09:53:09,877	PDB Server  	T_pdb_server     	[INFO ]	12V rail Volts: 11999 12V rail Amps: 580
2026-02-04 09:53:09,877	PDB Server  	T_pdb_server     	[INFO ]	Energy[Joules]: 206936
2026-02-04 09:53:09,877	PDB Server  	T_pdb_server     	[INFO ]	Average Power: 111.886
2026-02-04 09:53:09,877	PDB Server  	T_pdb_server     	[INFO ]	Sys Volts average: 23922.3
2026-02-04 09:53:09,877	PDB Server  	T_pdb_server     	[INFO ]	mah from ltc4282 2402.88
2026-02-04 09:53:10,405	BMS Server  	T_9BmsServer     	[DEBUG]	Battery temp -1
2026-02-04 09:53:14,393	BMS Server  	T_9BmsServer     	[DEBUG]	Battery temp -1
2026-02-04 09:53:15,003	DiskBatteryR	T_pdb_server     	[INFO ]	Writing to registry: battery 000000000000 uAH: 943300833
2026-02-04 09:53:15,003	DiskBatteryR	T_pdb_server     	[INFO ]	Writing to registry: battery 032225d763ff uAH: 190971
2026-02-04 09:53:15,003	BMS Server  	T_pdb_server     	[DEBUG]	Target = Full
2026-02-04 09:53:15,030	PDB Server  	T_pdb_server     	[INFO ]	Sys Volts: 23977 Sys Amps: 1345
2026-02-04 09:53:15,030	PDB Server  	T_pdb_server     	[INFO ]	12V rail Volts: 11998 12V rail Amps: 583
2026-02-04 09:53:15,030	PDB Server  	T_pdb_server     	[INFO ]	Energy[Joules]: 207109
2026-02-04 09:53:15,031	PDB Server  	T_pdb_server     	[INFO ]	Average Power: 111.667
2026-02-04 09:53:15,031	PDB Server  	T_pdb_server     	[INFO ]	Sys Volts average: 23922.4
2026-02-04 09:53:15,031	PDB Server  	T_pdb_server     	[INFO ]	mah from ltc4282 2404.87
2026-02-04 09:53:19,717	BMS Server  	T_9BmsServer     	[DEBUG]	Battery temp -1
2026-02-04 09:53:20,158	DiskBatteryR	T_pdb_server     	[INFO ]	Writing to registry: battery 000000000000 uAH: 943302825
2026-02-04 09:53:20,158	DiskBatteryR	T_pdb_server     	[INFO ]	Writing to registry: battery 032225d763ff uAH: 190971
2026-02-04 09:53:20,158	BMS Server  	T_pdb_server     	[DEBUG]	Target = Full
2026-02-04 09:53:20,185	PDB Server  	T_pdb_server     	[INFO ]	Sys Volts: 23977 Sys Amps: 1435
2026-02-04 09:53:20,185	PDB Server  	T_pdb_server     	[INFO ]	12V rail Volts: 11998 12V rail Amps: 585
2026-02-04 09:53:20,185	PDB Server  	T_pdb_server     	[INFO ]	Energy[Joules]: 207282
2026-02-04 09:53:20,185	PDB Server  	T_pdb_server     	[INFO ]	Average Power: 111.449
2026-02-04 09:53:20,185	PDB Server  	T_pdb_server     	[INFO ]	Sys Volts average: 23922.6
2026-02-04 09:53:20,185	PDB Server  	T_pdb_server     	[INFO ]	mah from ltc4282 2406.86
2026-02-04 09:53:23,717	BMS Server  	T_9BmsServer     	[DEBUG]	Battery temp -1
2026-02-04 09:53:25,309	DiskBatteryR	T_pdb_server     	[INFO ]	Writing to registry: battery 000000000000 uAH: 943304818
2026-02-04 09:53:25,309	DiskBatteryR	T_pdb_server     	[INFO ]	Writing to registry: battery 032225d763ff uAH: 190971
2026-02-04 09:53:25,309	BMS Server  	T_pdb_server     	[DEBUG]	Target = Full
2026-02-04 09:53:25,338	PDB Server  	T_pdb_server     	[INFO ]	Sys Volts: 23977 Sys Amps: 1345
2026-02-04 09:53:25,338	PDB Server  	T_pdb_server     	[INFO ]	12V rail Volts: 11998 12V rail Amps: 585
2026-02-04 09:53:25,338	PDB Server  	T_pdb_server     	[INFO ]	Energy[Joules]: 207452
2026-02-04 09:53:25,338	PDB Server  	T_pdb_server     	[INFO ]	Average Power: 111.235
2026-02-04 09:53:25,338	PDB Server  	T_pdb_server     	[INFO ]	Sys Volts average: 23922.7
2026-02-04 09:53:25,338	PDB Server  	T_pdb_server     	[INFO ]	mah from ltc4282 2408.83
2026-02-04 09:53:27,705	BMS Server  	T_9BmsServer     	[DEBUG]	Battery temp -1
2026-02-04 09:53:30,464	DiskBatteryR	T_pdb_server     	[INFO ]	Writing to registry: battery 000000000000 uAH: 943306816
2026-02-04 09:53:30,465	DiskBatteryR	T_pdb_server     	[INFO ]	Writing to registry: battery 032225d763ff uAH: 190971
2026-02-04 09:53:30,465	BMS Server  	T_pdb_server     	[DEBUG]	Target = Full
2026-02-04 09:53:30,492	PDB Server  	T_pdb_server     	[INFO ]	Sys Volts: 23977 Sys Amps: 1345
2026-02-04 09:53:30,492	PDB Server  	T_pdb_server     	[INFO ]	12V rail Volts: 11997 12V rail Amps: 580
2026-02-04 09:53:30,492	PDB Server  	T_pdb_server     	[INFO ]	Energy[Joules]: 207626
2026-02-04 09:53:30,492	PDB Server  	T_pdb_server     	[INFO ]	Average Power: 111.02
2026-02-04 09:53:30,492	PDB Server  	T_pdb_server     	[INFO ]	Sys Volts average: 23922.9
2026-02-04 09:53:30,492	PDB Server  	T_pdb_server     	[INFO ]	mah from ltc4282 2410.82
2026-02-04 09:53:33,025	BMS Server  	T_9BmsServer     	[DEBUG]	Battery temp -1
2026-02-04 09:53:35,616	DiskBatteryR	T_pdb_server     	[INFO ]	Writing to registry: battery 000000000000 uAH: 943308793
2026-02-04 09:53:35,616	DiskBatteryR	T_pdb_server     	[INFO ]	Writing to registry: battery 032225d763ff uAH: 190971
2026-02-04 09:53:35,617	BMS Server  	T_pdb_server     	[DEBUG]	Target = Full
2026-02-04 09:53:35,644	PDB Server  	T_pdb_server     	[INFO ]	Sys Volts: 23977 Sys Amps: 1346
2026-02-04 09:53:35,644	PDB Server  	T_pdb_server     	[INFO ]	12V rail Volts: 11998 12V rail Amps: 584
2026-02-04 09:53:35,644	PDB Server  	T_pdb_server     	[INFO ]	Energy[Joules]: 207795
2026-02-04 09:53:35,644	PDB Server  	T_pdb_server     	[INFO ]	Average Power: 110.807
2026-02-04 09:53:35,644	PDB Server  	T_pdb_server     	[INFO ]	Sys Volts average: 23923
2026-02-04 09:53:35,644	PDB Server  	T_pdb_server     	[INFO ]	mah from ltc4282 2412.77
2026-02-04 09:53:37,017	BMS Server  	T_9BmsServer     	[DEBUG]	Battery temp -1
2026-02-04 09:53:40,770	DiskBatteryR	T_pdb_server     	[INFO ]	Writing to registry: battery 000000000000 uAH: 943310770
2026-02-04 09:53:40,770	DiskBatteryR	T_pdb_server     	[INFO ]	Writing to registry: battery 032225d763ff uAH: 190971
2026-02-04 09:53:40,770	BMS Server  	T_pdb_server     	[DEBUG]	Target = Full
2026-02-04 09:53:40,798	PDB Server  	T_pdb_server     	[INFO ]	Sys Volts: 23977 Sys Amps: 1346
2026-02-04 09:53:40,798	PDB Server  	T_pdb_server     	[INFO ]	12V rail Volts: 11998 12V rail Amps: 581
2026-02-04 09:53:40,798	PDB Server  	T_pdb_server     	[INFO ]	Energy[Joules]: 207967
2026-02-04 09:53:40,798	PDB Server  	T_pdb_server     	[INFO ]	Average Power: 110.593
2026-02-04 09:53:40,798	PDB Server  	T_pdb_server     	[INFO ]	Sys Volts average: 23923.2
2026-02-04 09:53:40,798	PDB Server  	T_pdb_server     	[INFO ]	mah from ltc4282 2414.75
2026-02-04 09:53:42,336	BMS Server  	T_9BmsServer     	[DEBUG]	Battery temp -1
2026-02-04 09:53:45,923	DiskBatteryR	T_pdb_server     	[INFO ]	Writing to registry: battery 000000000000 uAH: 943312746
2026-02-04 09:53:45,924	DiskBatteryR	T_pdb_server     	[INFO ]	Writing to registry: battery 032225d763ff uAH: 190971
2026-02-04 09:53:45,924	BMS Server  	T_pdb_server     	[DEBUG]	Target = Full
2026-02-04 09:53:45,952	PDB Server  	T_pdb_server     	[INFO ]	Sys Volts: 23977 Sys Amps: 1346
2026-02-04 09:53:45,952	PDB Server  	T_pdb_server     	[INFO ]	12V rail Volts: 11997 12V rail Amps: 581
2026-02-04 09:53:45,952	PDB Server  	T_pdb_server     	[INFO ]	Energy[Joules]: 208138
2026-02-04 09:53:45,952	PDB Server  	T_pdb_server     	[INFO ]	Average Power: 110.381
2026-02-04 09:53:45,952	PDB Server  	T_pdb_server     	[INFO ]	Sys Volts average: 23923.3
2026-02-04 09:53:45,952	PDB Server  	T_pdb_server     	[INFO ]	mah from ltc4282 2416.73
2026-02-04 09:53:46,329	BMS Server  	T_9BmsServer     	[DEBUG]	Battery temp -1
2026-02-04 09:53:51,095	DiskBatteryR	T_pdb_server     	[INFO ]	Writing to registry: battery 000000000000 uAH: 943314735
2026-02-04 09:53:51,095	DiskBatteryR	T_pdb_server     	[INFO ]	Writing to registry: battery 032225d763ff uAH: 190971
2026-02-04 09:53:51,095	BMS Server  	T_pdb_server     	[DEBUG]	Target = Full
2026-02-04 09:53:51,122	PDB Server  	T_pdb_server     	[INFO ]	Sys Volts: 23977 Sys Amps: 1436
2026-02-04 09:53:51,122	PDB Server  	T_pdb_server     	[INFO ]	12V rail Volts: 11998 12V rail Amps: 583
2026-02-04 09:53:51,122	PDB Server  	T_pdb_server     	[INFO ]	Energy[Joules]: 208310
2026-02-04 09:53:51,122	PDB Server  	T_pdb_server     	[INFO ]	Average Power: 110.169
2026-02-04 09:53:51,122	PDB Server  	T_pdb_server     	[INFO ]	Sys Volts average: 23923.5
2026-02-04 09:53:51,122	PDB Server  	T_pdb_server     	[INFO ]	mah from ltc4282 2418.7
2026-02-04 09:53:51,645	BMS Server  	T_9BmsServer     	[DEBUG]	Battery temp -1
2026-02-04 09:53:55,632	BMS Server  	T_9BmsServer     	[DEBUG]	Battery temp -1
2026-02-04 09:53:56,246	DiskBatteryR	T_pdb_server     	[INFO ]	Writing to registry: battery 000000000000 uAH: 943316703
2026-02-04 09:53:56,246	DiskBatteryR	T_pdb_server     	[INFO ]	Writing to registry: battery 032225d763ff uAH: 190971
2026-02-04 09:53:56,247	BMS Server  	T_pdb_server     	[DEBUG]	Target = Full
2026-02-04 09:53:56,274	PDB Server  	T_pdb_server     	[INFO ]	Sys Volts: 23977 Sys Amps: 1436
2026-02-04 09:53:56,275	PDB Server  	T_pdb_server     	[INFO ]	12V rail Volts: 11998 12V rail Amps: 582
2026-02-04 09:53:56,275	PDB Server  	T_pdb_server     	[INFO ]	Energy[Joules]: 208478
2026-02-04 09:53:56,275	PDB Server  	T_pdb_server     	[INFO ]	Average Power: 109.961
2026-02-04 09:53:56,275	PDB Server  	T_pdb_server     	[INFO ]	Sys Volts average: 23923.6
2026-02-04 09:53:56,275	PDB Server  	T_pdb_server     	[INFO ]	mah from ltc4282 2420.65
2026-02-04 09:54:00,961	BMS Server  	T_9BmsServer     	[DEBUG]	Battery temp -1
2026-02-04 09:54:01,402	DiskBatteryR	T_pdb_server     	[INFO ]	Writing to registry: battery 000000000000 uAH: 943318667
2026-02-04 09:54:01,402	DiskBatteryR	T_pdb_server     	[INFO ]	Writing to registry: battery 032225d763ff uAH: 190971
2026-02-04 09:54:01,402	BMS Server  	T_pdb_server     	[DEBUG]	Target = Full
2026-02-04 09:54:01,430	PDB Server  	T_pdb_server     	[INFO ]	Sys Volts: 23977 Sys Amps: 1346
2026-02-04 09:54:01,430	PDB Server  	T_pdb_server     	[INFO ]	12V rail Volts: 11998 12V rail Amps: 580
2026-02-04 09:54:01,430	PDB Server  	T_pdb_server     	[INFO ]	Energy[Joules]: 208648
2026-02-04 09:54:01,431	PDB Server  	T_pdb_server     	[INFO ]	Average Power: 109.751
2026-02-04 09:54:01,431	PDB Server  	T_pdb_server     	[INFO ]	Sys Volts average: 23923.8
2026-02-04 09:54:01,431	PDB Server  	T_pdb_server     	[INFO ]	mah from ltc4282 2422.61
2026-02-04 09:54:04,949	BMS Server  	T_9BmsServer     	[DEBUG]	Battery temp -1
2026-02-04 09:54:06,557	DiskBatteryR	T_pdb_server     	[INFO ]	Writing to registry: battery 000000000000 uAH: 943320635
2026-02-04 09:54:06,557	DiskBatteryR	T_pdb_server     	[INFO ]	Writing to registry: battery 032225d763ff uAH: 190971
2026-02-04 09:54:06,557	BMS Server  	T_pdb_server     	[DEBUG]	Target = Full
2026-02-04 09:54:06,586	PDB Server  	T_pdb_server     	[INFO ]	Sys Volts: 23977 Sys Amps: 1436
2026-02-04 09:54:06,586	PDB Server  	T_pdb_server     	[INFO ]	12V rail Volts: 11998 12V rail Amps: 577
2026-02-04 09:54:06,586	PDB Server  	T_pdb_server     	[INFO ]	Energy[Joules]: 208819
2026-02-04 09:54:06,586	PDB Server  	T_pdb_server     	[INFO ]	Average Power: 109.542
2026-02-04 09:54:06,586	PDB Server  	T_pdb_server     	[INFO ]	Sys Volts average: 23923.9
2026-02-04 09:54:06,587	PDB Server  	T_pdb_server     	[INFO ]	mah from ltc4282 2424.57
2026-02-04 09:54:10,268	BMS Server  	T_9BmsServer     	[DEBUG]	Battery temp -1
2026-02-04 09:54:11,711	DiskBatteryR	T_pdb_server     	[INFO ]	Writing to registry: battery 000000000000 uAH: 943322600
2026-02-04 09:54:11,711	DiskBatteryR	T_pdb_server     	[INFO ]	Writing to registry: battery 032225d763ff uAH: 190971
2026-02-04 09:54:11,711	BMS Server  	T_pdb_server     	[DEBUG]	Target = Full
2026-02-04 09:54:11,740	PDB Server  	T_pdb_server     	[INFO ]	Sys Volts: 23977 Sys Amps: 1346
2026-02-04 09:54:11,740	PDB Server  	T_pdb_server     	[INFO ]	12V rail Volts: 11998 12V rail Amps: 579
2026-02-04 09:54:11,740	PDB Server  	T_pdb_server     	[INFO ]	Energy[Joules]: 208987
2026-02-04 09:54:11,741	PDB Server  	T_pdb_server     	[INFO ]	Average Power: 109.338
2026-02-04 09:54:11,741	PDB Server  	T_pdb_server     	[INFO ]	Sys Volts average: 23924
2026-02-04 09:54:11,741	PDB Server  	T_pdb_server     	[INFO ]	mah from ltc4282 2426.51
2026-02-04 09:54:14,261	BMS Server  	T_9BmsServer     	[DEBUG]	Battery temp -1
2026-02-04 09:54:16,864	DiskBatteryR	T_pdb_server     	[INFO ]	Writing to registry: battery 000000000000 uAH: 943324559
2026-02-04 09:54:16,864	DiskBatteryR	T_pdb_server     	[INFO ]	Writing to registry: battery 032225d763ff uAH: 190971
2026-02-04 09:54:16,864	BMS Server  	T_pdb_server     	[DEBUG]	Target = Full
2026-02-04 09:54:16,892	PDB Server  	T_pdb_server     	[INFO ]	Sys Volts: 23977 Sys Amps: 1346
2026-02-04 09:54:16,892	PDB Server  	T_pdb_server     	[INFO ]	12V rail Volts: 11998 12V rail Amps: 577
2026-02-04 09:54:16,892	PDB Server  	T_pdb_server     	[INFO ]	Energy[Joules]: 209157
2026-02-04 09:54:16,892	PDB Server  	T_pdb_server     	[INFO ]	Average Power: 109.131
2026-02-04 09:54:16,892	PDB Server  	T_pdb_server     	[INFO ]	Sys Volts average: 23924.2
2026-02-04 09:54:16,892	PDB Server  	T_pdb_server     	[INFO ]	mah from ltc4282 2428.47
2026-02-04 09:54:19,573	BMS Server  	T_9BmsServer     	[DEBUG]	Battery temp -1
2026-02-04 09:54:22,016	DiskBatteryR	T_pdb_server     	[INFO ]	Writing to registry: battery 000000000000 uAH: 943326518
2026-02-04 09:54:22,016	DiskBatteryR	T_pdb_server     	[INFO ]	Writing to registry: battery 032225d763ff uAH: 190971
2026-02-04 09:54:22,016	BMS Server  	T_pdb_server     	[DEBUG]	Target = Full
2026-02-04 09:54:22,044	PDB Server  	T_pdb_server     	[INFO ]	Sys Volts: 23977 Sys Amps: 1346
2026-02-04 09:54:22,044	PDB Server  	T_pdb_server     	[INFO ]	12V rail Volts: 11998 12V rail Amps: 579
2026-02-04 09:54:22,044	PDB Server  	T_pdb_server     	[INFO ]	Energy[Joules]: 209325
2026-02-04 09:54:22,044	PDB Server  	T_pdb_server     	[INFO ]	Average Power: 108.928
2026-02-04 09:54:22,044	PDB Server  	T_pdb_server     	[INFO ]	Sys Volts average: 23924.3
2026-02-04 09:54:22,044	PDB Server  	T_pdb_server     	[INFO ]	mah from ltc4282 2430.4
2026-02-04 09:54:23,560	BMS Server  	T_9BmsServer     	[DEBUG]	Battery temp -1
2026-02-04 09:54:27,169	DiskBatteryR	T_pdb_server     	[INFO ]	Writing to registry: battery 000000000000 uAH: 943328476
2026-02-04 09:54:27,170	DiskBatteryR	T_pdb_server     	[INFO ]	Writing to registry: battery 032225d763ff uAH: 190971
2026-02-04 09:54:27,170	BMS Server  	T_pdb_server     	[DEBUG]	Target = Full
2026-02-04 09:54:27,197	PDB Server  	T_pdb_server     	[INFO ]	Sys Volts: 23977 Sys Amps: 1436
2026-02-04 09:54:27,197	PDB Server  	T_pdb_server     	[INFO ]	12V rail Volts: 11998 12V rail Amps: 581
2026-02-04 09:54:27,197	PDB Server  	T_pdb_server     	[INFO ]	Energy[Joules]: 209494
2026-02-04 09:54:27,197	PDB Server  	T_pdb_server     	[INFO ]	Average Power: 108.723
2026-02-04 09:54:27,197	PDB Server  	T_pdb_server     	[INFO ]	Sys Volts average: 23924.5
2026-02-04 09:54:27,197	PDB Server  	T_pdb_server     	[INFO ]	mah from ltc4282 2432.36
2026-02-04 09:54:28,881	BMS Server  	T_9BmsServer     	[DEBUG]	Battery temp -1
2026-02-04 09:54:32,324	DiskBatteryR	T_pdb_server     	[INFO ]	Writing to registry: battery 000000000000 uAH: 943330442
2026-02-04 09:54:32,325	DiskBatteryR	T_pdb_server     	[INFO ]	Writing to registry: battery 032225d763ff uAH: 190971
2026-02-04 09:54:32,325	BMS Server  	T_pdb_server     	[DEBUG]	Target = Full
2026-02-04 09:54:32,352	PDB Server  	T_pdb_server     	[INFO ]	Sys Volts: 23977 Sys Amps: 1346
2026-02-04 09:54:32,352	PDB Server  	T_pdb_server     	[INFO ]	12V rail Volts: 11998 12V rail Amps: 574
2026-02-04 09:54:32,352	PDB Server  	T_pdb_server     	[INFO ]	Energy[Joules]: 209664
2026-02-04 09:54:32,352	PDB Server  	T_pdb_server     	[INFO ]	Average Power: 108.52
2026-02-04 09:54:32,353	PDB Server  	T_pdb_server     	[INFO ]	Sys Volts average: 23924.6
2026-02-04 09:54:32,353	PDB Server  	T_pdb_server     	[INFO ]	mah from ltc4282 2434.32
2026-02-04 09:54:32,865	BMS Server  	T_9BmsServer     	[DEBUG]	Battery temp -1
2026-02-04 09:54:36,849	BMS Server  	T_9BmsServer     	[DEBUG]	Battery temp -1
2026-02-04 09:54:37,479	DiskBatteryR	T_pdb_server     	[INFO ]	Writing to registry: battery 000000000000 uAH: 943332400
2026-02-04 09:54:37,480	DiskBatteryR	T_pdb_server     	[INFO ]	Writing to registry: battery 032225d763ff uAH: 190971
2026-02-04 09:54:37,480	BMS Server  	T_pdb_server     	[DEBUG]	Target = Full
2026-02-04 09:54:37,507	PDB Server  	T_pdb_server     	[INFO ]	Sys Volts: 23977 Sys Amps: 1346
2026-02-04 09:54:37,507	PDB Server  	T_pdb_server     	[INFO ]	12V rail Volts: 11998 12V rail Amps: 582
2026-02-04 09:54:37,507	PDB Server  	T_pdb_server     	[INFO ]	Energy[Joules]: 209832
2026-02-04 09:54:37,507	PDB Server  	T_pdb_server     	[INFO ]	Average Power: 108.32
2026-02-04 09:54:37,507	PDB Server  	T_pdb_server     	[INFO ]	Sys Volts average: 23924.7
2026-02-04 09:54:37,507	PDB Server  	T_pdb_server     	[INFO ]	mah from ltc4282 2436.25
2026-02-04 09:54:42,161	BMS Server  	T_9BmsServer     	[DEBUG]	Battery temp -1
2026-02-04 09:54:42,630	DiskBatteryR	T_pdb_server     	[INFO ]	Writing to registry: battery 000000000000 uAH: 943334348
2026-02-04 09:54:42,631	DiskBatteryR	T_pdb_server     	[INFO ]	Writing to registry: battery 032225d763ff uAH: 190971
2026-02-04 09:54:42,631	BMS Server  	T_pdb_server     	[DEBUG]	Target = Full
2026-02-04 09:54:42,658	PDB Server  	T_pdb_server     	[INFO ]	Sys Volts: 23977 Sys Amps: 1346
2026-02-04 09:54:42,658	PDB Server  	T_pdb_server     	[INFO ]	12V rail Volts: 11998 12V rail Amps: 572
2026-02-04 09:54:42,658	PDB Server  	T_pdb_server     	[INFO ]	Energy[Joules]: 210001
2026-02-04 09:54:42,658	PDB Server  	T_pdb_server     	[INFO ]	Average Power: 108.118
2026-02-04 09:54:42,658	PDB Server  	T_pdb_server     	[INFO ]	Sys Volts average: 23924.9
2026-02-04 09:54:42,658	PDB Server  	T_pdb_server     	[INFO ]	mah from ltc4282 2438.2
2026-02-04 09:54:46,144	BMS Server  	T_9BmsServer     	[DEBUG]	Battery temp -1
2026-02-04 09:54:47,784	DiskBatteryR	T_pdb_server     	[INFO ]	Writing to registry: battery 000000000000 uAH: 943336289
2026-02-04 09:54:47,784	DiskBatteryR	T_pdb_server     	[INFO ]	Writing to registry: battery 032225d763ff uAH: 190971
2026-02-04 09:54:47,784	BMS Server  	T_pdb_server     	[DEBUG]	Target = Full
2026-02-04 09:54:47,812	PDB Server  	T_pdb_server     	[INFO ]	Sys Volts: 23977 Sys Amps: 1346
2026-02-04 09:54:47,812	PDB Server  	T_pdb_server     	[INFO ]	12V rail Volts: 11998 12V rail Amps: 569
2026-02-04 09:54:47,812	PDB Server  	T_pdb_server     	[INFO ]	Energy[Joules]: 210169
2026-02-04 09:54:47,813	PDB Server  	T_pdb_server     	[INFO ]	Average Power: 107.917
2026-02-04 09:54:47,813	PDB Server  	T_pdb_server     	[INFO ]	Sys Volts average: 23925
2026-02-04 09:54:47,813	PDB Server  	T_pdb_server     	[INFO ]	mah from ltc4282 2440.14
2026-02-04 09:54:51,481	BMS Server  	T_9BmsServer     	[DEBUG]	Battery temp -1
2026-02-04 09:54:52,939	DiskBatteryR	T_pdb_server     	[INFO ]	Writing to registry: battery 000000000000 uAH: 943338240
2026-02-04 09:54:52,939	DiskBatteryR	T_pdb_server     	[INFO ]	Writing to registry: battery 032225d763ff uAH: 190971
2026-02-04 09:54:52,939	BMS Server  	T_pdb_server     	[DEBUG]	Target = Full
2026-02-04 09:54:52,966	PDB Server  	T_pdb_server     	[INFO ]	Sys Volts: 23977 Sys Amps: 1346
2026-02-04 09:54:52,966	PDB Server  	T_pdb_server     	[INFO ]	12V rail Volts: 11997 12V rail Amps: 579
2026-02-04 09:54:52,966	PDB Server  	T_pdb_server     	[INFO ]	Energy[Joules]: 210336
2026-02-04 09:54:52,966	PDB Server  	T_pdb_server     	[INFO ]	Average Power: 107.72
2026-02-04 09:54:52,966	PDB Server  	T_pdb_server     	[INFO ]	Sys Volts average: 23925.2
2026-02-04 09:54:52,967	PDB Server  	T_pdb_server     	[INFO ]	mah from ltc4282 2442.06
2026-02-04 09:54:55,473	BMS Server  	T_9BmsServer     	[DEBUG]	Battery temp -1
2026-02-04 09:54:58,090	DiskBatteryR	T_pdb_server     	[INFO ]	Writing to registry: battery 000000000000 uAH: 943340177
2026-02-04 09:54:58,090	DiskBatteryR	T_pdb_server     	[INFO ]	Writing to registry: battery 032225d763ff uAH: 190971
2026-02-04 09:54:58,090	BMS Server  	T_pdb_server     	[DEBUG]	Target = Full
2026-02-04 09:54:58,117	PDB Server  	T_pdb_server     	[INFO ]	Sys Volts: 23977 Sys Amps: 1436
2026-02-04 09:54:58,117	PDB Server  	T_pdb_server     	[INFO ]	12V rail Volts: 11999 12V rail Amps: 581
2026-02-04 09:54:58,118	PDB Server  	T_pdb_server     	[INFO ]	Energy[Joules]: 210504
2026-02-04 09:54:58,118	PDB Server  	T_pdb_server     	[INFO ]	Average Power: 107.521
2026-02-04 09:54:58,118	PDB Server  	T_pdb_server     	[INFO ]	Sys Volts average: 23925.3
2026-02-04 09:54:58,118	PDB Server  	T_pdb_server     	[INFO ]	mah from ltc4282 2444
2026-02-04 09:55:00,789	BMS Server  	T_9BmsServer     	[DEBUG]	Battery temp -1
2026-02-04 09:55:03,244	DiskBatteryR	T_pdb_server     	[INFO ]	Writing to registry: battery 000000000000 uAH: 943342131
2026-02-04 09:55:03,244	DiskBatteryR	T_pdb_server     	[INFO ]	Writing to registry: battery 032225d763ff uAH: 190971
2026-02-04 09:55:03,244	BMS Server  	T_pdb_server     	[DEBUG]	Target = Full
2026-02-04 09:55:03,271	PDB Server  	T_pdb_server     	[INFO ]	Sys Volts: 23977 Sys Amps: 1346
2026-02-04 09:55:03,271	PDB Server  	T_pdb_server     	[INFO ]	12V rail Volts: 11998 12V rail Amps: 579
2026-02-04 09:55:03,271	PDB Server  	T_pdb_server     	[INFO ]	Energy[Joules]: 210673
2026-02-04 09:55:03,272	PDB Server  	T_pdb_server     	[INFO ]	Average Power: 107.324
2026-02-04 09:55:03,272	PDB Server  	T_pdb_server     	[INFO ]	Sys Volts average: 23925.4
2026-02-04 09:55:03,272	PDB Server  	T_pdb_server     	[INFO ]	mah from ltc4282 2445.95
2026-02-04 09:55:04,776	BMS Server  	T_9BmsServer     	[DEBUG]	Battery temp -1
2026-02-04 09:55:08,397	DiskBatteryR	T_pdb_server     	[INFO ]	Writing to registry: battery 000000000000 uAH: 943344071
2026-02-04 09:55:08,397	DiskBatteryR	T_pdb_server     	[INFO ]	Writing to registry: battery 032225d763ff uAH: 190971
2026-02-04 09:55:08,397	BMS Server  	T_pdb_server     	[DEBUG]	Target = Full
2026-02-04 09:55:08,428	PDB Server  	T_pdb_server     	[INFO ]	Sys Volts: 23977 Sys Amps: 1346
2026-02-04 09:55:08,428	PDB Server  	T_pdb_server     	[INFO ]	12V rail Volts: 11998 12V rail Amps: 574
2026-02-04 09:55:08,428	PDB Server  	T_pdb_server     	[INFO ]	Energy[Joules]: 210839
2026-02-04 09:55:08,429	PDB Server  	T_pdb_server     	[INFO ]	Average Power: 107.129
2026-02-04 09:55:08,429	PDB Server  	T_pdb_server     	[INFO ]	Sys Volts average: 23925.6
2026-02-04 09:55:08,429	PDB Server  	T_pdb_server     	[INFO ]	mah from ltc4282 2447.86
2026-02-04 09:55:10,093	BMS Server  	T_9BmsServer     	[DEBUG]	Battery temp -1
2026-02-04 09:55:13,553	DiskBatteryR	T_pdb_server     	[INFO ]	Writing to registry: battery 000000000000 uAH: 943346017
2026-02-04 09:55:13,553	DiskBatteryR	T_pdb_server     	[INFO ]	Writing to registry: battery 032225d763ff uAH: 190971
2026-02-04 09:55:13,553	BMS Server  	T_pdb_server     	[DEBUG]	Target = Full
2026-02-04 09:55:13,581	PDB Server  	T_pdb_server     	[INFO ]	Sys Volts: 23977 Sys Amps: 1257
2026-02-04 09:55:13,581	PDB Server  	T_pdb_server     	[INFO ]	12V rail Volts: 11998 12V rail Amps: 580
2026-02-04 09:55:13,581	PDB Server  	T_pdb_server     	[INFO ]	Energy[Joules]: 211008
2026-02-04 09:55:13,581	PDB Server  	T_pdb_server     	[INFO ]	Average Power: 106.934
2026-02-04 09:55:13,582	PDB Server  	T_pdb_server     	[INFO ]	Sys Volts average: 23925.7
2026-02-04 09:55:13,582	PDB Server  	T_pdb_server     	[INFO ]	mah from ltc4282 2449.81
2026-02-04 09:55:14,084	BMS Server  	T_9BmsServer     	[DEBUG]	Battery temp -1
2026-02-04 09:55:18,704	DiskBatteryR	T_pdb_server     	[INFO ]	Writing to registry: battery 000000000000 uAH: 943347958
2026-02-04 09:55:18,704	DiskBatteryR	T_pdb_server     	[INFO ]	Writing to registry: battery 032225d763ff uAH: 190971
2026-02-04 09:55:18,704	BMS Server  	T_pdb_server     	[DEBUG]	Target = Full
2026-02-04 09:55:18,731	PDB Server  	T_pdb_server     	[INFO ]	Sys Volts: 23977 Sys Amps: 1347
2026-02-04 09:55:18,732	PDB Server  	T_pdb_server     	[INFO ]	12V rail Volts: 11998 12V rail Amps: 576
2026-02-04 09:55:18,732	PDB Server  	T_pdb_server     	[INFO ]	Energy[Joules]: 211174
2026-02-04 09:55:18,733	PDB Server  	T_pdb_server     	[INFO ]	Average Power: 106.741
2026-02-04 09:55:18,733	PDB Server  	T_pdb_server     	[INFO ]	Sys Volts average: 23925.8
2026-02-04 09:55:18,733	PDB Server  	T_pdb_server     	[INFO ]	mah from ltc4282 2451.72
2026-02-04 09:55:19,405	BMS Server  	T_9BmsServer     	[DEBUG]	Battery temp -1
2026-02-04 09:55:23,401	BMS Server  	T_9BmsServer     	[DEBUG]	Battery temp -1
2026-02-04 09:55:23,856	DiskBatteryR	T_pdb_server     	[INFO ]	Writing to registry: battery 000000000000 uAH: 943349915
2026-02-04 09:55:23,856	DiskBatteryR	T_pdb_server     	[INFO ]	Writing to registry: battery 032225d763ff uAH: 190971
2026-02-04 09:55:23,857	BMS Server  	T_pdb_server     	[DEBUG]	Target = Full
2026-02-04 09:55:23,884	PDB Server  	T_pdb_server     	[INFO ]	Sys Volts: 23977 Sys Amps: 1347
2026-02-04 09:55:23,884	PDB Server  	T_pdb_server     	[INFO ]	12V rail Volts: 11997 12V rail Amps: 574
2026-02-04 09:55:23,884	PDB Server  	T_pdb_server     	[INFO ]	Energy[Joules]: 211343
2026-02-04 09:55:23,885	PDB Server  	T_pdb_server     	[INFO ]	Average Power: 106.548
2026-02-04 09:55:23,885	PDB Server  	T_pdb_server     	[INFO ]	Sys Volts average: 23926
2026-02-04 09:55:23,885	PDB Server  	T_pdb_server     	[INFO ]	mah from ltc4282 2453.67
2026-02-04 09:55:28,717	BMS Server  	T_9BmsServer     	[DEBUG]	Battery temp -1
2026-02-04 09:55:29,012	DiskBatteryR	T_pdb_server     	[INFO ]	Writing to registry: battery 000000000000 uAH: 943351853
2026-02-04 09:55:29,012	DiskBatteryR	T_pdb_server     	[INFO ]	Writing to registry: battery 032225d763ff uAH: 190971
2026-02-04 09:55:29,012	BMS Server  	T_pdb_server     	[DEBUG]	Target = Full
2026-02-04 09:55:29,038	PDB Server  	T_pdb_server     	[INFO ]	Sys Volts: 23977 Sys Amps: 1436
2026-02-04 09:55:29,038	PDB Server  	T_pdb_server     	[INFO ]	12V rail Volts: 11998 12V rail Amps: 579
2026-02-04 09:55:29,038	PDB Server  	T_pdb_server     	[INFO ]	Energy[Joules]: 211511
2026-02-04 09:55:29,038	PDB Server  	T_pdb_server     	[INFO ]	Average Power: 106.355
2026-02-04 09:55:29,039	PDB Server  	T_pdb_server     	[INFO ]	Sys Volts average: 23926.1
2026-02-04 09:55:29,039	PDB Server  	T_pdb_server     	[INFO ]	mah from ltc4282 2455.61
2026-02-04 09:55:32,709	BMS Server  	T_9BmsServer     	[DEBUG]	Battery temp -1
2026-02-04 09:55:34,164	DiskBatteryR	T_pdb_server     	[INFO ]	Writing to registry: battery 000000000000 uAH: 943353784
2026-02-04 09:55:34,164	DiskBatteryR	T_pdb_server     	[INFO ]	Writing to registry: battery 032225d763ff uAH: 190971
2026-02-04 09:55:34,164	BMS Server  	T_pdb_server     	[DEBUG]	Target = Full
2026-02-04 09:55:34,191	PDB Server  	T_pdb_server     	[INFO ]	Sys Volts: 23977 Sys Amps: 1347
2026-02-04 09:55:34,191	PDB Server  	T_pdb_server     	[INFO ]	12V rail Volts: 11998 12V rail Amps: 572
2026-02-04 09:55:34,191	PDB Server  	T_pdb_server     	[INFO ]	Energy[Joules]: 211676
2026-02-04 09:55:34,191	PDB Server  	T_pdb_server     	[INFO ]	Average Power: 106.165
2026-02-04 09:55:34,191	PDB Server  	T_pdb_server     	[INFO ]	Sys Volts average: 23926.2
2026-02-04 09:55:34,192	PDB Server  	T_pdb_server     	[INFO ]	mah from ltc4282 2457.51
2026-02-04 09:55:38,033	BMS Server  	T_9BmsServer     	[DEBUG]	Battery temp -1
2026-02-04 09:55:39,316	DiskBatteryR	T_pdb_server     	[INFO ]	Writing to registry: battery 000000000000 uAH: 943355727
2026-02-04 09:55:39,316	DiskBatteryR	T_pdb_server     	[INFO ]	Writing to registry: battery 032225d763ff uAH: 190971
2026-02-04 09:55:39,316	BMS Server  	T_pdb_server     	[DEBUG]	Target = Full
2026-02-04 09:55:39,343	PDB Server  	T_pdb_server     	[INFO ]	Sys Volts: 23977 Sys Amps: 1347
2026-02-04 09:55:39,343	PDB Server  	T_pdb_server     	[INFO ]	12V rail Volts: 11998 12V rail Amps: 574
2026-02-04 09:55:39,343	PDB Server  	T_pdb_server     	[INFO ]	Energy[Joules]: 211845
2026-02-04 09:55:39,344	PDB Server  	T_pdb_server     	[INFO ]	Average Power: 105.975
2026-02-04 09:55:39,344	PDB Server  	T_pdb_server     	[INFO ]	Sys Volts average: 23926.4
2026-02-04 09:55:39,344	PDB Server  	T_pdb_server     	[INFO ]	mah from ltc4282 2459.45
2026-02-04 09:55:42,029	BMS Server  	T_9BmsServer     	[DEBUG]	Battery temp -1
2026-02-04 09:55:44,470	DiskBatteryR	T_pdb_server     	[INFO ]	Writing to registry: battery 000000000000 uAH: 943357663
2026-02-04 09:55:44,470	DiskBatteryR	T_pdb_server     	[INFO ]	Writing to registry: battery 032225d763ff uAH: 190971
2026-02-04 09:55:44,470	BMS Server  	T_pdb_server     	[DEBUG]	Target = Full
2026-02-04 09:55:44,497	PDB Server  	T_pdb_server     	[INFO ]	Sys Volts: 23977 Sys Amps: 1437
2026-02-04 09:55:44,497	PDB Server  	T_pdb_server     	[INFO ]	12V rail Volts: 11998 12V rail Amps: 584
2026-02-04 09:55:44,497	PDB Server  	T_pdb_server     	[INFO ]	Energy[Joules]: 212013
2026-02-04 09:55:44,498	PDB Server  	T_pdb_server     	[INFO ]	Average Power: 105.785
2026-02-04 09:55:44,498	PDB Server  	T_pdb_server     	[INFO ]	Sys Volts average: 23926.5
2026-02-04 09:55:44,498	PDB Server  	T_pdb_server     	[INFO ]	mah from ltc4282 2461.39
2026-02-04 09:55:46,013	BMS Server  	T_9BmsServer     	[DEBUG]	Battery temp -1
2026-02-04 09:55:49,623	DiskBatteryR	T_pdb_server     	[INFO ]	Writing to registry: battery 000000000000 uAH: 943359593
2026-02-04 09:55:49,623	DiskBatteryR	T_pdb_server     	[INFO ]	Writing to registry: battery 032225d763ff uAH: 190971
2026-02-04 09:55:49,623	BMS Server  	T_pdb_server     	[DEBUG]	Target = Full
2026-02-04 09:55:49,650	PDB Server  	T_pdb_server     	[INFO ]	Sys Volts: 23977 Sys Amps: 1437
2026-02-04 09:55:49,650	PDB Server  	T_pdb_server     	[INFO ]	12V rail Volts: 11998 12V rail Amps: 577
2026-02-04 09:55:49,650	PDB Server  	T_pdb_server     	[INFO ]	Energy[Joules]: 212178
2026-02-04 09:55:49,650	PDB Server  	T_pdb_server     	[INFO ]	Average Power: 105.598
2026-02-04 09:55:49,650	PDB Server  	T_pdb_server     	[INFO ]	Sys Volts average: 23926.6
2026-02-04 09:55:49,651	PDB Server  	T_pdb_server     	[INFO ]	mah from ltc4282 2463.29
2026-02-04 09:55:51,340	BMS Server  	T_9BmsServer     	[DEBUG]	Battery temp -1
2026-02-04 09:55:54,777	DiskBatteryR	T_pdb_server     	[INFO ]	Writing to registry: battery 000000000000 uAH: 943361538
2026-02-04 09:55:54,777	DiskBatteryR	T_pdb_server     	[INFO ]	Writing to registry: battery 032225d763ff uAH: 190971
2026-02-04 09:55:54,777	BMS Server  	T_pdb_server     	[DEBUG]	Target = Full
2026-02-04 09:55:54,804	PDB Server  	T_pdb_server     	[INFO ]	Sys Volts: 23977 Sys Amps: 1437
2026-02-04 09:55:54,804	PDB Server  	T_pdb_server     	[INFO ]	12V rail Volts: 11998 12V rail Amps: 569
2026-02-04 09:55:54,804	PDB Server  	T_pdb_server     	[INFO ]	Energy[Joules]: 212346
2026-02-04 09:55:54,805	PDB Server  	T_pdb_server     	[INFO ]	Average Power: 105.41
2026-02-04 09:55:54,805	PDB Server  	T_pdb_server     	[INFO ]	Sys Volts average: 23926.7
2026-02-04 09:55:54,805	PDB Server  	T_pdb_server     	[INFO ]	mah from ltc4282 2465.24
2026-02-04 09:55:55,336	BMS Server  	T_9BmsServer     	[DEBUG]	Battery temp -1
2026-02-04 09:55:59,929	DiskBatteryR	T_pdb_server     	[INFO ]	Writing to registry: battery 000000000000 uAH: 943363473
2026-02-04 09:55:59,929	DiskBatteryR	T_pdb_server     	[INFO ]	Writing to registry: battery 032225d763ff uAH: 190971
2026-02-04 09:55:59,929	BMS Server  	T_pdb_server     	[DEBUG]	Target = Full
2026-02-04 09:55:59,957	PDB Server  	T_pdb_server     	[INFO ]	Sys Volts: 23977 Sys Amps: 1437
2026-02-04 09:55:59,957	PDB Server  	T_pdb_server     	[INFO ]	12V rail Volts: 11998 12V rail Amps: 577
2026-02-04 09:55:59,957	PDB Server  	T_pdb_server     	[INFO ]	Energy[Joules]: 212514
2026-02-04 09:55:59,958	PDB Server  	T_pdb_server     	[INFO ]	Average Power: 105.223
2026-02-04 09:55:59,958	PDB Server  	T_pdb_server     	[INFO ]	Sys Volts average: 23926.9
2026-02-04 09:55:59,958	PDB Server  	T_pdb_server     	[INFO ]	mah from ltc4282 2467.17
2026-02-04 09:56:00,653	BMS Server  	T_9BmsServer     	[DEBUG]	Battery temp -1
2026-02-04 09:56:04,640	BMS Server  	T_9BmsServer     	[DEBUG]	Battery temp -1
2026-02-04 09:56:05,083	DiskBatteryR	T_pdb_server     	[INFO ]	Writing to registry: battery 000000000000 uAH: 943365429
2026-02-04 09:56:05,083	DiskBatteryR	T_pdb_server     	[INFO ]	Writing to registry: battery 032225d763ff uAH: 190971
2026-02-04 09:56:05,083	BMS Server  	T_pdb_server     	[DEBUG]	Target = Full
2026-02-04 09:56:05,112	PDB Server  	T_pdb_server     	[INFO ]	Sys Volts: 23977 Sys Amps: 1437
2026-02-04 09:56:05,113	PDB Server  	T_pdb_server     	[INFO ]	12V rail Volts: 11998 12V rail Amps: 574
2026-02-04 09:56:05,113	PDB Server  	T_pdb_server     	[INFO ]	Energy[Joules]: 212681
2026-02-04 09:56:05,113	PDB Server  	T_pdb_server     	[INFO ]	Average Power: 105.04
2026-02-04 09:56:05,113	PDB Server  	T_pdb_server     	[INFO ]	Sys Volts average: 23927
2026-02-04 09:56:05,113	PDB Server  	T_pdb_server     	[INFO ]	mah from ltc4282 2469.1
2026-02-04 09:56:09,961	BMS Server  	T_9BmsServer     	[DEBUG]	Battery temp -1
2026-02-04 09:56:10,240	DiskBatteryR	T_pdb_server     	[INFO ]	Writing to registry: battery 000000000000 uAH: 943367374
2026-02-04 09:56:10,241	DiskBatteryR	T_pdb_server     	[INFO ]	Writing to registry: battery 032225d763ff uAH: 190971
2026-02-04 09:56:10,241	BMS Server  	T_pdb_server     	[DEBUG]	Target = Full
2026-02-04 09:56:10,270	PDB Server  	T_pdb_server     	[INFO ]	Sys Volts: 23977 Sys Amps: 1437
2026-02-04 09:56:10,270	PDB Server  	T_pdb_server     	[INFO ]	12V rail Volts: 11998 12V rail Amps: 577
2026-02-04 09:56:10,270	PDB Server  	T_pdb_server     	[INFO ]	Energy[Joules]: 212849
2026-02-04 09:56:10,270	PDB Server  	T_pdb_server     	[INFO ]	Average Power: 104.855
2026-02-04 09:56:10,270	PDB Server  	T_pdb_server     	[INFO ]	Sys Volts average: 23927.1
2026-02-04 09:56:10,271	PDB Server  	T_pdb_server     	[INFO ]	mah from ltc4282 2471.04
2026-02-04 09:56:13,949	BMS Server  	T_9BmsServer     	[DEBUG]	Battery temp -1
2026-02-04 09:56:15,396	DiskBatteryR	T_pdb_server     	[INFO ]	Writing to registry: battery 000000000000 uAH: 943369319
2026-02-04 09:56:15,396	DiskBatteryR	T_pdb_server     	[INFO ]	Writing to registry: battery 032225d763ff uAH: 190971
2026-02-04 09:56:15,396	BMS Server  	T_pdb_server     	[DEBUG]	Target = Full
2026-02-04 09:56:15,424	PDB Server  	T_pdb_server     	[INFO ]	Sys Volts: 23977 Sys Amps: 1437
2026-02-04 09:56:15,424	PDB Server  	T_pdb_server     	[INFO ]	12V rail Volts: 11998 12V rail Amps: 570
2026-02-04 09:56:15,424	PDB Server  	T_pdb_server     	[INFO ]	Energy[Joules]: 213018
2026-02-04 09:56:15,424	PDB Server  	T_pdb_server     	[INFO ]	Average Power: 104.671
2026-02-04 09:56:15,425	PDB Server  	T_pdb_server     	[INFO ]	Sys Volts average: 23927.3
2026-02-04 09:56:15,425	PDB Server  	T_pdb_server     	[INFO ]	mah from ltc4282 2472.98
2026-02-04 09:56:19,273	BMS Server  	T_9BmsServer     	[DEBUG]	Battery temp -1
2026-02-04 09:56:20,549	DiskBatteryR	T_pdb_server     	[INFO ]	Writing to registry: battery 000000000000 uAH: 943371266
2026-02-04 09:56:20,549	DiskBatteryR	T_pdb_server     	[INFO ]	Writing to registry: battery 032225d763ff uAH: 190971
2026-02-04 09:56:20,549	BMS Server  	T_pdb_server     	[DEBUG]	Target = Full
2026-02-04 09:56:20,577	PDB Server  	T_pdb_server     	[INFO ]	Sys Volts: 23977 Sys Amps: 1347
2026-02-04 09:56:20,577	PDB Server  	T_pdb_server     	[INFO ]	12V rail Volts: 11998 12V rail Amps: 580
2026-02-04 09:56:20,577	PDB Server  	T_pdb_server     	[INFO ]	Energy[Joules]: 213184
2026-02-04 09:56:20,577	PDB Server  	T_pdb_server     	[INFO ]	Average Power: 104.49
2026-02-04 09:56:20,577	PDB Server  	T_pdb_server     	[INFO ]	Sys Volts average: 23927.4
2026-02-04 09:56:20,577	PDB Server  	T_pdb_server     	[INFO ]	mah from ltc4282 2474.9
2026-02-04 09:56:23,265	BMS Server  	T_9BmsServer     	[DEBUG]	Battery temp -1
2026-02-04 09:56:25,704	DiskBatteryR	T_pdb_server     	[INFO ]	Writing to registry: battery 000000000000 uAH: 943373207
2026-02-04 09:56:25,704	DiskBatteryR	T_pdb_server     	[INFO ]	Writing to registry: battery 032225d763ff uAH: 190971
2026-02-04 09:56:25,704	BMS Server  	T_pdb_server     	[DEBUG]	Target = Full
2026-02-04 09:56:25,731	PDB Server  	T_pdb_server     	[INFO ]	Sys Volts: 23977 Sys Amps: 1347
2026-02-04 09:56:25,731	PDB Server  	T_pdb_server     	[INFO ]	12V rail Volts: 11998 12V rail Amps: 570
2026-02-04 09:56:25,731	PDB Server  	T_pdb_server     	[INFO ]	Energy[Joules]: 213353
2026-02-04 09:56:25,731	PDB Server  	T_pdb_server     	[INFO ]	Average Power: 104.308
2026-02-04 09:56:25,731	PDB Server  	T_pdb_server     	[INFO ]	Sys Volts average: 23927.5
2026-02-04 09:56:25,731	PDB Server  	T_pdb_server     	[INFO ]	mah from ltc4282 2476.84
2026-02-04 09:56:28,585	BMS Server  	T_9BmsServer     	[DEBUG]	Battery temp -1
2026-02-04 09:56:30,857	DiskBatteryR	T_pdb_server     	[INFO ]	Writing to registry: battery 000000000000 uAH: 943375157
2026-02-04 09:56:30,857	DiskBatteryR	T_pdb_server     	[INFO ]	Writing to registry: battery 032225d763ff uAH: 190971
2026-02-04 09:56:30,857	BMS Server  	T_pdb_server     	[DEBUG]	Target = Full
2026-02-04 09:56:30,884	PDB Server  	T_pdb_server     	[INFO ]	Sys Volts: 23969 Sys Amps: 1347
2026-02-04 09:56:30,884	PDB Server  	T_pdb_server     	[INFO ]	12V rail Volts: 11997 12V rail Amps: 585
2026-02-04 09:56:30,884	PDB Server  	T_pdb_server     	[INFO ]	Energy[Joules]: 213519
2026-02-04 09:56:30,885	PDB Server  	T_pdb_server     	[INFO ]	Average Power: 104.129
2026-02-04 09:56:30,885	PDB Server  	T_pdb_server     	[INFO ]	Sys Volts average: 23927.6
2026-02-04 09:56:30,885	PDB Server  	T_pdb_server     	[INFO ]	mah from ltc4282 2478.76
2026-02-04 09:56:32,573	BMS Server  	T_9BmsServer     	[DEBUG]	Battery temp -1
2026-02-04 09:56:36,009	DiskBatteryR	T_pdb_server     	[INFO ]	Writing to registry: battery 000000000000 uAH: 943377102
2026-02-04 09:56:36,009	DiskBatteryR	T_pdb_server     	[INFO ]	Writing to registry: battery 032225d763ff uAH: 190971
2026-02-04 09:56:36,009	BMS Server  	T_pdb_server     	[DEBUG]	Target = Full
2026-02-04 09:56:36,037	PDB Server  	T_pdb_server     	[INFO ]	Sys Volts: 23977 Sys Amps: 1347
2026-02-04 09:56:36,037	PDB Server  	T_pdb_server     	[INFO ]	12V rail Volts: 11998 12V rail Amps: 569
2026-02-04 09:56:36,037	PDB Server  	T_pdb_server     	[INFO ]	Energy[Joules]: 213688
2026-02-04 09:56:36,038	PDB Server  	T_pdb_server     	[INFO ]	Average Power: 103.949
2026-02-04 09:56:36,038	PDB Server  	T_pdb_server     	[INFO ]	Sys Volts average: 23927.8
2026-02-04 09:56:36,038	PDB Server  	T_pdb_server     	[INFO ]	mah from ltc4282 2480.71
2026-02-04 09:56:37,909	BMS Server  	T_9BmsServer     	[DEBUG]	Battery temp -1
2026-02-04 09:56:41,163	DiskBatteryR	T_pdb_server     	[INFO ]	Writing to registry: battery 000000000000 uAH: 943379043
2026-02-04 09:56:41,163	DiskBatteryR	T_pdb_server     	[INFO ]	Writing to registry: battery 032225d763ff uAH: 190971
2026-02-04 09:56:41,163	BMS Server  	T_pdb_server     	[DEBUG]	Target = Full
2026-02-04 09:56:41,190	PDB Server  	T_pdb_server     	[INFO ]	Sys Volts: 23977 Sys Amps: 1347
2026-02-04 09:56:41,190	PDB Server  	T_pdb_server     	[INFO ]	12V rail Volts: 11998 12V rail Amps: 581
2026-02-04 09:56:41,190	PDB Server  	T_pdb_server     	[INFO ]	Energy[Joules]: 213856
2026-02-04 09:56:41,190	PDB Server  	T_pdb_server     	[INFO ]	Average Power: 103.769
2026-02-04 09:56:41,190	PDB Server  	T_pdb_server     	[INFO ]	Sys Volts average: 23927.9
2026-02-04 09:56:41,190	PDB Server  	T_pdb_server     	[INFO ]	mah from ltc4282 2482.64
2026-02-04 09:56:41,896	BMS Server  	T_9BmsServer     	[DEBUG]	Battery temp -1
2026-02-04 09:56:45,888	BMS Server  	T_9BmsServer     	[DEBUG]	Battery temp -1
2026-02-04 09:56:46,320	DiskBatteryR	T_pdb_server     	[INFO ]	Writing to registry: battery 000000000000 uAH: 943381000
2026-02-04 09:56:46,320	DiskBatteryR	T_pdb_server     	[INFO ]	Writing to registry: battery 032225d763ff uAH: 190971
2026-02-04 09:56:46,320	BMS Server  	T_pdb_server     	[DEBUG]	Target = Full
2026-02-04 09:56:46,347	PDB Server  	T_pdb_server     	[INFO ]	Sys Volts: 23977 Sys Amps: 1257
2026-02-04 09:56:46,347	PDB Server  	T_pdb_server     	[INFO ]	12V rail Volts: 11998 12V rail Amps: 574
2026-02-04 09:56:46,347	PDB Server  	T_pdb_server     	[INFO ]	Energy[Joules]: 214023
2026-02-04 09:56:46,348	PDB Server  	T_pdb_server     	[INFO ]	Average Power: 103.593
2026-02-04 09:56:46,348	PDB Server  	T_pdb_server     	[INFO ]	Sys Volts average: 23928
2026-02-04 09:56:46,348	PDB Server  	T_pdb_server     	[INFO ]	mah from ltc4282 2484.57
2026-02-04 09:56:51,213	BMS Server  	T_9BmsServer     	[DEBUG]	Battery temp -1
2026-02-04 09:56:51,471	DiskBatteryR	T_pdb_server     	[INFO ]	Writing to registry: battery 000000000000 uAH: 943382936
2026-02-04 09:56:51,471	DiskBatteryR	T_pdb_server     	[INFO ]	Writing to registry: battery 032225d763ff uAH: 190971
2026-02-04 09:56:51,471	BMS Server  	T_pdb_server     	[DEBUG]	Target = Full
2026-02-04 09:56:51,499	PDB Server  	T_pdb_server     	[INFO ]	Sys Volts: 23977 Sys Amps: 1347
2026-02-04 09:56:51,499	PDB Server  	T_pdb_server     	[INFO ]	12V rail Volts: 11998 12V rail Amps: 580
2026-02-04 09:56:51,499	PDB Server  	T_pdb_server     	[INFO ]	Energy[Joules]: 214191
2026-02-04 09:56:51,500	PDB Server  	T_pdb_server     	[INFO ]	Average Power: 103.416
2026-02-04 09:56:51,500	PDB Server  	T_pdb_server     	[INFO ]	Sys Volts average: 23928.1
2026-02-04 09:56:51,500	PDB Server  	T_pdb_server     	[INFO ]	mah from ltc4282 2486.51
2026-02-04 09:56:55,197	BMS Server  	T_9BmsServer     	[DEBUG]	Battery temp -1
2026-02-04 09:56:56,623	DiskBatteryR	T_pdb_server     	[INFO ]	Writing to registry: battery 000000000000 uAH: 943384886
2026-02-04 09:56:56,623	DiskBatteryR	T_pdb_server     	[INFO ]	Writing to registry: battery 032225d763ff uAH: 190971
2026-02-04 09:56:56,623	BMS Server  	T_pdb_server     	[DEBUG]	Target = Full
2026-02-04 09:56:56,652	PDB Server  	T_pdb_server     	[INFO ]	Sys Volts: 23977 Sys Amps: 1257
2026-02-04 09:56:56,652	PDB Server  	T_pdb_server     	[INFO ]	12V rail Volts: 11998 12V rail Amps: 583
2026-02-04 09:56:56,652	PDB Server  	T_pdb_server     	[INFO ]	Energy[Joules]: 214360
2026-02-04 09:56:56,652	PDB Server  	T_pdb_server     	[INFO ]	Average Power: 103.239
2026-02-04 09:56:56,652	PDB Server  	T_pdb_server     	[INFO ]	Sys Volts average: 23928.2
2026-02-04 09:56:56,653	PDB Server  	T_pdb_server     	[INFO ]	mah from ltc4282 2488.46
2026-02-04 09:57:00,529	BMS Server  	T_9BmsServer     	[DEBUG]	Battery temp -1
2026-02-04 09:57:01,775	DiskBatteryR	T_pdb_server     	[INFO ]	Writing to registry: battery 000000000000 uAH: 943386839
2026-02-04 09:57:01,776	DiskBatteryR	T_pdb_server     	[INFO ]	Writing to registry: battery 032225d763ff uAH: 190971
2026-02-04 09:57:01,776	BMS Server  	T_pdb_server     	[DEBUG]	Target = Full
2026-02-04 09:57:01,804	PDB Server  	T_pdb_server     	[INFO ]	Sys Volts: 23977 Sys Amps: 1347
2026-02-04 09:57:01,804	PDB Server  	T_pdb_server     	[INFO ]	12V rail Volts: 11998 12V rail Amps: 577
2026-02-04 09:57:01,804	PDB Server  	T_pdb_server     	[INFO ]	Energy[Joules]: 214527
2026-02-04 09:57:01,805	PDB Server  	T_pdb_server     	[INFO ]	Average Power: 103.066
2026-02-04 09:57:01,805	PDB Server  	T_pdb_server     	[INFO ]	Sys Volts average: 23928.4
2026-02-04 09:57:01,805	PDB Server  	T_pdb_server     	[INFO ]	mah from ltc4282 2490.38
2026-02-04 09:57:04,517	BMS Server  	T_9BmsServer     	[DEBUG]	Battery temp -1
2026-02-04 09:57:06,933	DiskBatteryR	T_pdb_server     	[INFO ]	Writing to registry: battery 000000000000 uAH: 943388780
2026-02-04 09:57:06,933	DiskBatteryR	T_pdb_server     	[INFO ]	Writing to registry: battery 032225d763ff uAH: 190971
2026-02-04 09:57:06,934	BMS Server  	T_pdb_server     	[DEBUG]	Target = Full
2026-02-04 09:57:06,962	PDB Server  	T_pdb_server     	[INFO ]	Sys Volts: 23977 Sys Amps: 1347
2026-02-04 09:57:06,962	PDB Server  	T_pdb_server     	[INFO ]	12V rail Volts: 11998 12V rail Amps: 581
2026-02-04 09:57:06,963	PDB Server  	T_pdb_server     	[INFO ]	Energy[Joules]: 214695
2026-02-04 09:57:06,963	PDB Server  	T_pdb_server     	[INFO ]	Average Power: 102.891
2026-02-04 09:57:06,963	PDB Server  	T_pdb_server     	[INFO ]	Sys Volts average: 23928.5
2026-02-04 09:57:06,963	PDB Server  	T_pdb_server     	[INFO ]	mah from ltc4282 2492.33
2026-02-04 09:57:09,833	BMS Server  	T_9BmsServer     	[DEBUG]	Battery temp -1
2026-02-04 09:57:12,088	DiskBatteryR	T_pdb_server     	[INFO ]	Writing to registry: battery 000000000000 uAH: 943390729
2026-02-04 09:57:12,089	DiskBatteryR	T_pdb_server     	[INFO ]	Writing to registry: battery 032225d763ff uAH: 190971
2026-02-04 09:57:12,089	BMS Server  	T_pdb_server     	[DEBUG]	Target = Full
2026-02-04 09:57:12,116	PDB Server  	T_pdb_server     	[INFO ]	Sys Volts: 23977 Sys Amps: 1347
2026-02-04 09:57:12,116	PDB Server  	T_pdb_server     	[INFO ]	12V rail Volts: 11998 12V rail Amps: 577
2026-02-04 09:57:12,117	PDB Server  	T_pdb_server     	[INFO ]	Energy[Joules]: 214862
2026-02-04 09:57:12,117	PDB Server  	T_pdb_server     	[INFO ]	Average Power: 102.719
2026-02-04 09:57:12,117	PDB Server  	T_pdb_server     	[INFO ]	Sys Volts average: 23928.6
2026-02-04 09:57:12,117	PDB Server  	T_pdb_server     	[INFO ]	mah from ltc4282 2494.24
2026-02-04 09:57:13,821	BMS Server  	T_9BmsServer     	[DEBUG]	Battery temp -1
2026-02-04 09:57:17,241	DiskBatteryR	T_pdb_server     	[INFO ]	Writing to registry: battery 000000000000 uAH: 943392674
2026-02-04 09:57:17,242	DiskBatteryR	T_pdb_server     	[INFO ]	Writing to registry: battery 032225d763ff uAH: 190971
2026-02-04 09:57:17,242	BMS Server  	T_pdb_server     	[DEBUG]	Target = Full
2026-02-04 09:57:17,270	PDB Server  	T_pdb_server     	[INFO ]	Sys Volts: 23977 Sys Amps: 1257
2026-02-04 09:57:17,270	PDB Server  	T_pdb_server     	[INFO ]	12V rail Volts: 11998 12V rail Amps: 573
2026-02-04 09:57:17,270	PDB Server  	T_pdb_server     	[INFO ]	Energy[Joules]: 215030
2026-02-04 09:57:17,271	PDB Server  	T_pdb_server     	[INFO ]	Average Power: 102.545
2026-02-04 09:57:17,271	PDB Server  	T_pdb_server     	[INFO ]	Sys Volts average: 23928.7
2026-02-04 09:57:17,271	PDB Server  	T_pdb_server     	[INFO ]	mah from ltc4282 2496.19
2026-02-04 09:57:19,144	BMS Server  	T_9BmsServer     	[DEBUG]	Battery temp -1
2026-02-04 09:57:22,397	DiskBatteryR	T_pdb_server     	[INFO ]	Writing to registry: battery 000000000000 uAH: 943394614
2026-02-04 09:57:22,397	DiskBatteryR	T_pdb_server     	[INFO ]	Writing to registry: battery 032225d763ff uAH: 190971
2026-02-04 09:57:22,397	BMS Server  	T_pdb_server     	[DEBUG]	Target = Full
2026-02-04 09:57:22,425	PDB Server  	T_pdb_server     	[INFO ]	Sys Volts: 23977 Sys Amps: 1257
2026-02-04 09:57:22,425	PDB Server  	T_pdb_server     	[INFO ]	12V rail Volts: 11998 12V rail Amps: 582
2026-02-04 09:57:22,425	PDB Server  	T_pdb_server     	[INFO ]	Energy[Joules]: 215198
2026-02-04 09:57:22,426	PDB Server  	T_pdb_server     	[INFO ]	Average Power: 102.373
2026-02-04 09:57:22,426	PDB Server  	T_pdb_server     	[INFO ]	Sys Volts average: 23928.8
2026-02-04 09:57:22,426	PDB Server  	T_pdb_server     	[INFO ]	mah from ltc4282 2498.12
2026-02-04 09:57:23,145	BMS Server  	T_9BmsServer     	[DEBUG]	Battery temp -1
2026-02-04 09:57:27,551	DiskBatteryR	T_pdb_server     	[INFO ]	Writing to registry: battery 000000000000 uAH: 943396562
2026-02-04 09:57:27,551	DiskBatteryR	T_pdb_server     	[INFO ]	Writing to registry: battery 032225d763ff uAH: 190971
2026-02-04 09:57:27,551	BMS Server  	T_pdb_server     	[DEBUG]	Target = Full
2026-02-04 09:57:27,578	PDB Server  	T_pdb_server     	[INFO ]	Sys Volts: 23977 Sys Amps: 1347
2026-02-04 09:57:27,578	PDB Server  	T_pdb_server     	[INFO ]	12V rail Volts: 11998 12V rail Amps: 576
2026-02-04 09:57:27,578	PDB Server  	T_pdb_server     	[INFO ]	Energy[Joules]: 215364
2026-02-04 09:57:27,578	PDB Server  	T_pdb_server     	[INFO ]	Average Power: 102.204
2026-02-04 09:57:27,578	PDB Server  	T_pdb_server     	[INFO ]	Sys Volts average: 23928.9
2026-02-04 09:57:27,578	PDB Server  	T_pdb_server     	[INFO ]	mah from ltc4282 2500.05
2026-02-04 09:57:28,461	BMS Server  	T_9BmsServer     	[DEBUG]	Battery temp -1
2026-02-04 09:57:32,448	BMS Server  	T_9BmsServer     	[DEBUG]	Battery temp -1
2026-02-04 09:57:32,701	DiskBatteryR	T_pdb_server     	[INFO ]	Writing to registry: battery 000000000000 uAH: 943398497
2026-02-04 09:57:32,701	DiskBatteryR	T_pdb_server     	[INFO ]	Writing to registry: battery 032225d763ff uAH: 190971
2026-02-04 09:57:32,701	BMS Server  	T_pdb_server     	[DEBUG]	Target = Full
2026-02-04 09:57:32,729	PDB Server  	T_pdb_server     	[INFO ]	Sys Volts: 23977 Sys Amps: 1347
2026-02-04 09:57:32,729	PDB Server  	T_pdb_server     	[INFO ]	12V rail Volts: 11998 12V rail Amps: 578
2026-02-04 09:57:32,729	PDB Server  	T_pdb_server     	[INFO ]	Energy[Joules]: 215532
2026-02-04 09:57:32,729	PDB Server  	T_pdb_server     	[INFO ]	Average Power: 102.032
2026-02-04 09:57:32,729	PDB Server  	T_pdb_server     	[INFO ]	Sys Volts average: 23929.1
2026-02-04 09:57:32,729	PDB Server  	T_pdb_server     	[INFO ]	mah from ltc4282 2501.98
2026-02-04 09:57:37,768	BMS Server  	T_9BmsServer     	[DEBUG]	Battery temp -1
2026-02-04 09:57:37,851	DiskBatteryR	T_pdb_server     	[INFO ]	Writing to registry: battery 000000000000 uAH: 943400445
2026-02-04 09:57:37,852	DiskBatteryR	T_pdb_server     	[INFO ]	Writing to registry: battery 032225d763ff uAH: 190971
2026-02-04 09:57:37,852	BMS Server  	T_pdb_server     	[DEBUG]	Target = Full
2026-02-04 09:57:37,880	PDB Server  	T_pdb_server     	[INFO ]	Sys Volts: 23977 Sys Amps: 1347
2026-02-04 09:57:37,880	PDB Server  	T_pdb_server     	[INFO ]	12V rail Volts: 11998 12V rail Amps: 578
2026-02-04 09:57:37,880	PDB Server  	T_pdb_server     	[INFO ]	Energy[Joules]: 215701
2026-02-04 09:57:37,881	PDB Server  	T_pdb_server     	[INFO ]	Average Power: 101.863
2026-02-04 09:57:37,881	PDB Server  	T_pdb_server     	[INFO ]	Sys Volts average: 23929.2
2026-02-04 09:57:37,881	PDB Server  	T_pdb_server     	[INFO ]	mah from ltc4282 2503.93
2026-02-04 09:57:41,761	BMS Server  	T_9BmsServer     	[DEBUG]	Battery temp -1
2026-02-04 09:57:43,005	DiskBatteryR	T_pdb_server     	[INFO ]	Writing to registry: battery 000000000000 uAH: 943402392
2026-02-04 09:57:43,006	DiskBatteryR	T_pdb_server     	[INFO ]	Writing to registry: battery 032225d763ff uAH: 190971
2026-02-04 09:57:43,006	BMS Server  	T_pdb_server     	[DEBUG]	Target = Full
2026-02-04 09:57:43,034	PDB Server  	T_pdb_server     	[INFO ]	Sys Volts: 23977 Sys Amps: 1347
2026-02-04 09:57:43,035	PDB Server  	T_pdb_server     	[INFO ]	12V rail Volts: 11998 12V rail Amps: 570
2026-02-04 09:57:43,035	PDB Server  	T_pdb_server     	[INFO ]	Energy[Joules]: 215868
2026-02-04 09:57:43,035	PDB Server  	T_pdb_server     	[INFO ]	Average Power: 101.696
2026-02-04 09:57:43,035	PDB Server  	T_pdb_server     	[INFO ]	Sys Volts average: 23929.3
2026-02-04 09:57:43,035	PDB Server  	T_pdb_server     	[INFO ]	mah from ltc4282 2505.85
2026-02-04 09:57:45,752	BMS Server  	T_9BmsServer     	[DEBUG]	Battery temp -1
2026-02-04 09:57:48,163	DiskBatteryR	T_pdb_server     	[INFO ]	Writing to registry: battery 000000000000 uAH: 943404342
2026-02-04 09:57:48,163	DiskBatteryR	T_pdb_server     	[INFO ]	Writing to registry: battery 032225d763ff uAH: 190971
2026-02-04 09:57:48,163	BMS Server  	T_pdb_server     	[DEBUG]	Target = Full
2026-02-04 09:57:48,193	PDB Server  	T_pdb_server     	[INFO ]	Sys Volts: 23977 Sys Amps: 1347
2026-02-04 09:57:48,193	PDB Server  	T_pdb_server     	[INFO ]	12V rail Volts: 11998 12V rail Amps: 581
2026-02-04 09:57:48,193	PDB Server  	T_pdb_server     	[INFO ]	Energy[Joules]: 216036
2026-02-04 09:57:48,193	PDB Server  	T_pdb_server     	[INFO ]	Average Power: 101.528
2026-02-04 09:57:48,193	PDB Server  	T_pdb_server     	[INFO ]	Sys Volts average: 23929.4
2026-02-04 09:57:48,193	PDB Server  	T_pdb_server     	[INFO ]	mah from ltc4282 2507.8
2026-02-04 09:57:51,081	BMS Server  	T_9BmsServer     	[DEBUG]	Battery temp -1
2026-02-04 09:57:53,317	DiskBatteryR	T_pdb_server     	[INFO ]	Writing to registry: battery 000000000000 uAH: 943406282
2026-02-04 09:57:53,317	DiskBatteryR	T_pdb_server     	[INFO ]	Writing to registry: battery 032225d763ff uAH: 190971
2026-02-04 09:57:53,317	BMS Server  	T_pdb_server     	[DEBUG]	Target = Full
2026-02-04 09:57:53,345	PDB Server  	T_pdb_server     	[INFO ]	Sys Volts: 23977 Sys Amps: 1347
2026-02-04 09:57:53,346	PDB Server  	T_pdb_server     	[INFO ]	12V rail Volts: 11998 12V rail Amps: 582
2026-02-04 09:57:53,346	PDB Server  	T_pdb_server     	[INFO ]	Energy[Joules]: 216202
2026-02-04 09:57:53,346	PDB Server  	T_pdb_server     	[INFO ]	Average Power: 101.362
2026-02-04 09:57:53,346	PDB Server  	T_pdb_server     	[INFO ]	Sys Volts average: 23929.5
2026-02-04 09:57:53,346	PDB Server  	T_pdb_server     	[INFO ]	mah from ltc4282 2509.71
2026-02-04 09:57:55,081	BMS Server  	T_9BmsServer     	[DEBUG]	Battery temp -1
2026-02-04 09:57:58,470	DiskBatteryR	T_pdb_server     	[INFO ]	Writing to registry: battery 000000000000 uAH: 943408224
2026-02-04 09:57:58,470	DiskBatteryR	T_pdb_server     	[INFO ]	Writing to registry: battery 032225d763ff uAH: 190971
2026-02-04 09:57:58,470	BMS Server  	T_pdb_server     	[DEBUG]	Target = Full
2026-02-04 09:57:58,497	PDB Server  	T_pdb_server     	[INFO ]	Sys Volts: 23977 Sys Amps: 1347
2026-02-04 09:57:58,497	PDB Server  	T_pdb_server     	[INFO ]	12V rail Volts: 11998 12V rail Amps: 582
2026-02-04 09:57:58,497	PDB Server  	T_pdb_server     	[INFO ]	Energy[Joules]: 216370
2026-02-04 09:57:58,498	PDB Server  	T_pdb_server     	[INFO ]	Average Power: 101.195
2026-02-04 09:57:58,498	PDB Server  	T_pdb_server     	[INFO ]	Sys Volts average: 23929.6
2026-02-04 09:57:58,498	PDB Server  	T_pdb_server     	[INFO ]	mah from ltc4282 2511.65
2026-02-04 09:58:00,405	BMS Server  	T_9BmsServer     	[DEBUG]	Battery temp -1
2026-02-04 09:58:03,622	DiskBatteryR	T_pdb_server     	[INFO ]	Writing to registry: battery 000000000000 uAH: 943410163
2026-02-04 09:58:03,622	DiskBatteryR	T_pdb_server     	[INFO ]	Writing to registry: battery 032225d763ff uAH: 190971
2026-02-04 09:58:03,623	BMS Server  	T_pdb_server     	[DEBUG]	Target = Full
2026-02-04 09:58:03,653	PDB Server  	T_pdb_server     	[INFO ]	Sys Volts: 23977 Sys Amps: 1347
2026-02-04 09:58:03,653	PDB Server  	T_pdb_server     	[INFO ]	12V rail Volts: 11998 12V rail Amps: 580
2026-02-04 09:58:03,653	PDB Server  	T_pdb_server     	[INFO ]	Energy[Joules]: 216539
2026-02-04 09:58:03,653	PDB Server  	T_pdb_server     	[INFO ]	Average Power: 101.029
2026-02-04 09:58:03,653	PDB Server  	T_pdb_server     	[INFO ]	Sys Volts average: 23929.7
2026-02-04 09:58:03,653	PDB Server  	T_pdb_server     	[INFO ]	mah from ltc4282 2513.59
2026-02-04 09:58:04,393	BMS Server  	T_9BmsServer     	[DEBUG]	Battery temp -1
2026-02-04 09:58:08,777	DiskBatteryR	T_pdb_server     	[INFO ]	Writing to registry: battery 000000000000 uAH: 943412112
2026-02-04 09:58:08,777	DiskBatteryR	T_pdb_server     	[INFO ]	Writing to registry: battery 032225d763ff uAH: 190971
2026-02-04 09:58:08,777	BMS Server  	T_pdb_server     	[DEBUG]	Target = Full
2026-02-04 09:58:08,805	PDB Server  	T_pdb_server     	[INFO ]	Sys Volts: 23977 Sys Amps: 1347
2026-02-04 09:58:08,805	PDB Server  	T_pdb_server     	[INFO ]	12V rail Volts: 11998 12V rail Amps: 580
2026-02-04 09:58:08,805	PDB Server  	T_pdb_server     	[INFO ]	Energy[Joules]: 216705
2026-02-04 09:58:08,805	PDB Server  	T_pdb_server     	[INFO ]	Average Power: 100.867
2026-02-04 09:58:08,806	PDB Server  	T_pdb_server     	[INFO ]	Sys Volts average: 23929.8
2026-02-04 09:58:08,806	PDB Server  	T_pdb_server     	[INFO ]	mah from ltc4282 2515.51
2026-02-04 09:58:09,721	BMS Server  	T_9BmsServer     	[DEBUG]	Battery temp -1
2026-02-04 09:58:13,717	BMS Server  	T_9BmsServer     	[DEBUG]	Battery temp -1
2026-02-04 09:58:13,929	DiskBatteryR	T_pdb_server     	[INFO ]	Writing to registry: battery 000000000000 uAH: 943414056
2026-02-04 09:58:13,929	DiskBatteryR	T_pdb_server     	[INFO ]	Writing to registry: battery 032225d763ff uAH: 190971
2026-02-04 09:58:13,929	BMS Server  	T_pdb_server     	[DEBUG]	Target = Full
2026-02-04 09:58:13,958	PDB Server  	T_pdb_server     	[INFO ]	Sys Volts: 23977 Sys Amps: 1347
2026-02-04 09:58:13,958	PDB Server  	T_pdb_server     	[INFO ]	12V rail Volts: 11998 12V rail Amps: 577
2026-02-04 09:58:13,958	PDB Server  	T_pdb_server     	[INFO ]	Energy[Joules]: 216874
2026-02-04 09:58:13,958	PDB Server  	T_pdb_server     	[INFO ]	Average Power: 100.702
2026-02-04 09:58:13,958	PDB Server  	T_pdb_server     	[INFO ]	Sys Volts average: 23930
2026-02-04 09:58:13,958	PDB Server  	T_pdb_server     	[INFO ]	mah from ltc4282 2517.46
2026-02-04 09:58:19,036	BMS Server  	T_9BmsServer     	[DEBUG]	Battery temp -1
2026-02-04 09:58:19,081	DiskBatteryR	T_pdb_server     	[INFO ]	Writing to registry: battery 000000000000 uAH: 943415999
2026-02-04 09:58:19,081	DiskBatteryR	T_pdb_server     	[INFO ]	Writing to registry: battery 032225d763ff uAH: 190971
2026-02-04 09:58:19,082	BMS Server  	T_pdb_server     	[DEBUG]	Target = Full
2026-02-04 09:58:19,109	PDB Server  	T_pdb_server     	[INFO ]	Sys Volts: 23977 Sys Amps: 1347
2026-02-04 09:58:19,109	PDB Server  	T_pdb_server     	[INFO ]	12V rail Volts: 11998 12V rail Amps: 567
2026-02-04 09:58:19,109	PDB Server  	T_pdb_server     	[INFO ]	Energy[Joules]: 217042
2026-02-04 09:58:19,109	PDB Server  	T_pdb_server     	[INFO ]	Average Power: 100.539
2026-02-04 09:58:19,109	PDB Server  	T_pdb_server     	[INFO ]	Sys Volts average: 23930.1
2026-02-04 09:58:19,109	PDB Server  	T_pdb_server     	[INFO ]	mah from ltc4282 2519.4
2026-02-04 09:58:23,025	BMS Server  	T_9BmsServer     	[DEBUG]	Battery temp -1
2026-02-04 09:58:24,235	DiskBatteryR	T_pdb_server     	[INFO ]	Writing to registry: battery 000000000000 uAH: 943417943
2026-02-04 09:58:24,235	DiskBatteryR	T_pdb_server     	[INFO ]	Writing to registry: battery 032225d763ff uAH: 190971
2026-02-04 09:58:24,235	BMS Server  	T_pdb_server     	[DEBUG]	Target = Full
2026-02-04 09:58:24,264	PDB Server  	T_pdb_server     	[INFO ]	Sys Volts: 23969 Sys Amps: 1347
2026-02-04 09:58:24,264	PDB Server  	T_pdb_server     	[INFO ]	12V rail Volts: 11998 12V rail Amps: 583
2026-02-04 09:58:24,264	PDB Server  	T_pdb_server     	[INFO ]	Energy[Joules]: 217208
2026-02-04 09:58:24,265	PDB Server  	T_pdb_server     	[INFO ]	Average Power: 100.378
2026-02-04 09:58:24,265	PDB Server  	T_pdb_server     	[INFO ]	Sys Volts average: 23930.2
2026-02-04 09:58:24,265	PDB Server  	T_pdb_server     	[INFO ]	mah from ltc4282 2521.32
2026-02-04 09:58:28,341	BMS Server  	T_9BmsServer     	[DEBUG]	Battery temp -1
2026-02-04 09:58:29,394	DiskBatteryR	T_pdb_server     	[INFO ]	Writing to registry: battery 000000000000 uAH: 943419890
2026-02-04 09:58:29,394	DiskBatteryR	T_pdb_server     	[INFO ]	Writing to registry: battery 032225d763ff uAH: 190971
2026-02-04 09:58:29,394	BMS Server  	T_pdb_server     	[DEBUG]	Target = Full
2026-02-04 09:58:29,421	PDB Server  	T_pdb_server     	[INFO ]	Sys Volts: 23969 Sys Amps: 1347
2026-02-04 09:58:29,421	PDB Server  	T_pdb_server     	[INFO ]	12V rail Volts: 11998 12V rail Amps: 574
2026-02-04 09:58:29,421	PDB Server  	T_pdb_server     	[INFO ]	Energy[Joules]: 217377
2026-02-04 09:58:29,422	PDB Server  	T_pdb_server     	[INFO ]	Average Power: 100.216
2026-02-04 09:58:29,422	PDB Server  	T_pdb_server     	[INFO ]	Sys Volts average: 23930.3
2026-02-04 09:58:29,422	PDB Server  	T_pdb_server     	[INFO ]	mah from ltc4282 2523.27
2026-02-04 09:58:32,329	BMS Server  	T_9BmsServer     	[DEBUG]	Battery temp -1
2026-02-04 09:58:34,546	DiskBatteryR	T_pdb_server     	[INFO ]	Writing to registry: battery 000000000000 uAH: 943421826
2026-02-04 09:58:34,546	DiskBatteryR	T_pdb_server     	[INFO ]	Writing to registry: battery 032225d763ff uAH: 190971
2026-02-04 09:58:34,546	BMS Server  	T_pdb_server     	[DEBUG]	Target = Full
2026-02-04 09:58:34,574	PDB Server  	T_pdb_server     	[INFO ]	Sys Volts: 23977 Sys Amps: 1347
2026-02-04 09:58:34,574	PDB Server  	T_pdb_server     	[INFO ]	12V rail Volts: 11998 12V rail Amps: 573
2026-02-04 09:58:34,574	PDB Server  	T_pdb_server     	[INFO ]	Energy[Joules]: 217542
2026-02-04 09:58:34,574	PDB Server  	T_pdb_server     	[INFO ]	Average Power: 100.057
2026-02-04 09:58:34,574	PDB Server  	T_pdb_server     	[INFO ]	Sys Volts average: 23930.4
2026-02-04 09:58:34,574	PDB Server  	T_pdb_server     	[INFO ]	mah from ltc4282 2525.17
2026-02-04 09:58:37,657	BMS Server  	T_9BmsServer     	[DEBUG]	Battery temp -1
2026-02-04 09:58:39,699	DiskBatteryR	T_pdb_server     	[INFO ]	Writing to registry: battery 000000000000 uAH: 943423759
2026-02-04 09:58:39,699	DiskBatteryR	T_pdb_server     	[INFO ]	Writing to registry: battery 032225d763ff uAH: 190971
2026-02-04 09:58:39,699	BMS Server  	T_pdb_server     	[DEBUG]	Target = Full
2026-02-04 09:58:39,727	PDB Server  	T_pdb_server     	[INFO ]	Sys Volts: 23977 Sys Amps: 1347
2026-02-04 09:58:39,727	PDB Server  	T_pdb_server     	[INFO ]	12V rail Volts: 11998 12V rail Amps: 575
2026-02-04 09:58:39,727	PDB Server  	T_pdb_server     	[INFO ]	Energy[Joules]: 217710
2026-02-04 09:58:39,727	PDB Server  	T_pdb_server     	[INFO ]	Average Power: 99.8959
2026-02-04 09:58:39,727	PDB Server  	T_pdb_server     	[INFO ]	Sys Volts average: 23930.5
2026-02-04 09:58:39,727	PDB Server  	T_pdb_server     	[INFO ]	mah from ltc4282 2527.11
2026-02-04 09:58:41,641	BMS Server  	T_9BmsServer     	[DEBUG]	Battery temp -1
2026-02-04 09:58:44,855	DiskBatteryR	T_pdb_server     	[INFO ]	Writing to registry: battery 000000000000 uAH: 943425710
2026-02-04 09:58:44,855	DiskBatteryR	T_pdb_server     	[INFO ]	Writing to registry: battery 032225d763ff uAH: 190971
2026-02-04 09:58:44,855	BMS Server  	T_pdb_server     	[DEBUG]	Target = Full
2026-02-04 09:58:44,883	PDB Server  	T_pdb_server     	[INFO ]	Sys Volts: 23977 Sys Amps: 1347
2026-02-04 09:58:44,883	PDB Server  	T_pdb_server     	[INFO ]	12V rail Volts: 11998 12V rail Amps: 580
2026-02-04 09:58:44,883	PDB Server  	T_pdb_server     	[INFO ]	Energy[Joules]: 217878
2026-02-04 09:58:44,883	PDB Server  	T_pdb_server     	[INFO ]	Average Power: 99.7363
2026-02-04 09:58:44,883	PDB Server  	T_pdb_server     	[INFO ]	Sys Volts average: 23930.6
2026-02-04 09:58:44,883	PDB Server  	T_pdb_server     	[INFO ]	mah from ltc4282 2529.06
2026-02-04 09:58:46,957	BMS Server  	T_9BmsServer     	[DEBUG]	Battery temp -1
2026-02-04 09:58:50,007	DiskBatteryR	T_pdb_server     	[INFO ]	Writing to registry: battery 000000000000 uAH: 943427658
2026-02-04 09:58:50,007	DiskBatteryR	T_pdb_server     	[INFO ]	Writing to registry: battery 032225d763ff uAH: 190971
2026-02-04 09:58:50,007	BMS Server  	T_pdb_server     	[DEBUG]	Target = Full
2026-02-04 09:58:50,034	PDB Server  	T_pdb_server     	[INFO ]	Sys Volts: 23977 Sys Amps: 1347
2026-02-04 09:58:50,034	PDB Server  	T_pdb_server     	[INFO ]	12V rail Volts: 11998 12V rail Amps: 579
2026-02-04 09:58:50,035	PDB Server  	T_pdb_server     	[INFO ]	Energy[Joules]: 218045
2026-02-04 09:58:50,035	PDB Server  	T_pdb_server     	[INFO ]	Average Power: 99.5796
2026-02-04 09:58:50,035	PDB Server  	T_pdb_server     	[INFO ]	Sys Volts average: 23930.7
2026-02-04 09:58:50,035	PDB Server  	T_pdb_server     	[INFO ]	mah from ltc4282 2530.98
2026-02-04 09:58:50,945	BMS Server  	T_9BmsServer     	[DEBUG]	Battery temp -1
2026-02-04 09:58:54,929	BMS Server  	T_9BmsServer     	[DEBUG]	Battery temp -1
2026-02-04 09:58:55,158	DiskBatteryR	T_pdb_server     	[INFO ]	Writing to registry: battery 000000000000 uAH: 943429607
2026-02-04 09:58:55,158	DiskBatteryR	T_pdb_server     	[INFO ]	Writing to registry: battery 032225d763ff uAH: 190971
2026-02-04 09:58:55,159	BMS Server  	T_pdb_server     	[DEBUG]	Target = Full
2026-02-04 09:58:55,186	PDB Server  	T_pdb_server     	[INFO ]	Sys Volts: 23977 Sys Amps: 1347
2026-02-04 09:58:55,186	PDB Server  	T_pdb_server     	[INFO ]	12V rail Volts: 11998 12V rail Amps: 582
2026-02-04 09:58:55,186	PDB Server  	T_pdb_server     	[INFO ]	Energy[Joules]: 218214
2026-02-04 09:58:55,187	PDB Server  	T_pdb_server     	[INFO ]	Average Power: 99.4216
2026-02-04 09:58:55,187	PDB Server  	T_pdb_server     	[INFO ]	Sys Volts average: 23930.8
2026-02-04 09:58:55,187	PDB Server  	T_pdb_server     	[INFO ]	mah from ltc4282 2532.93
2026-02-04 09:59:00,245	BMS Server  	T_9BmsServer     	[DEBUG]	Battery temp -1
2026-02-04 09:59:00,311	DiskBatteryR	T_pdb_server     	[INFO ]	Writing to registry: battery 000000000000 uAH: 943431548
2026-02-04 09:59:00,311	DiskBatteryR	T_pdb_server     	[INFO ]	Writing to registry: battery 032225d763ff uAH: 190971
2026-02-04 09:59:00,311	BMS Server  	T_pdb_server     	[DEBUG]	Target = Full
2026-02-04 09:59:00,340	PDB Server  	T_pdb_server     	[INFO ]	Sys Volts: 23977 Sys Amps: 1347
2026-02-04 09:59:00,340	PDB Server  	T_pdb_server     	[INFO ]	12V rail Volts: 11998 12V rail Amps: 580
2026-02-04 09:59:00,340	PDB Server  	T_pdb_server     	[INFO ]	Energy[Joules]: 218382
2026-02-04 09:59:00,340	PDB Server  	T_pdb_server     	[INFO ]	Average Power: 99.2641
2026-02-04 09:59:00,340	PDB Server  	T_pdb_server     	[INFO ]	Sys Volts average: 23930.9
2026-02-04 09:59:00,340	PDB Server  	T_pdb_server     	[INFO ]	mah from ltc4282 2534.87
2026-02-04 09:59:04,237	BMS Server  	T_9BmsServer     	[DEBUG]	Battery temp -1
2026-02-04 09:59:05,466	DiskBatteryR	T_pdb_server     	[INFO ]	Writing to registry: battery 000000000000 uAH: 943433488
2026-02-04 09:59:05,466	DiskBatteryR	T_pdb_server     	[INFO ]	Writing to registry: battery 032225d763ff uAH: 190971
2026-02-04 09:59:05,466	BMS Server  	T_pdb_server     	[DEBUG]	Target = Full
2026-02-04 09:59:05,494	PDB Server  	T_pdb_server     	[INFO ]	Sys Volts: 23977 Sys Amps: 1258
2026-02-04 09:59:05,494	PDB Server  	T_pdb_server     	[INFO ]	12V rail Volts: 11998 12V rail Amps: 581
2026-02-04 09:59:05,494	PDB Server  	T_pdb_server     	[INFO ]	Energy[Joules]: 218548
2026-02-04 09:59:05,494	PDB Server  	T_pdb_server     	[INFO ]	Average Power: 99.1092
2026-02-04 09:59:05,495	PDB Server  	T_pdb_server     	[INFO ]	Sys Volts average: 23931
2026-02-04 09:59:05,495	PDB Server  	T_pdb_server     	[INFO ]	mah from ltc4282 2536.78
2026-02-04 09:59:09,556	BMS Server  	T_9BmsServer     	[DEBUG]	Battery temp -1
2026-02-04 09:59:10,621	DiskBatteryR	T_pdb_server     	[INFO ]	Writing to registry: battery 000000000000 uAH: 943435425
2026-02-04 09:59:10,621	DiskBatteryR	T_pdb_server     	[INFO ]	Writing to registry: battery 032225d763ff uAH: 190971
2026-02-04 09:59:10,621	BMS Server  	T_pdb_server     	[DEBUG]	Target = Full
2026-02-04 09:59:10,649	PDB Server  	T_pdb_server     	[INFO ]	Sys Volts: 23977 Sys Amps: 1258
2026-02-04 09:59:10,649	PDB Server  	T_pdb_server     	[INFO ]	12V rail Volts: 11998 12V rail Amps: 577
2026-02-04 09:59:10,649	PDB Server  	T_pdb_server     	[INFO ]	Energy[Joules]: 218716
2026-02-04 09:59:10,649	PDB Server  	T_pdb_server     	[INFO ]	Average Power: 98.953
2026-02-04 09:59:10,649	PDB Server  	T_pdb_server     	[INFO ]	Sys Volts average: 23931.1
2026-02-04 09:59:10,649	PDB Server  	T_pdb_server     	[INFO ]	mah from ltc4282 2538.72
2026-02-04 09:59:13,545	BMS Server  	T_9BmsServer     	[DEBUG]	Battery temp -1
2026-02-04 09:59:15,775	DiskBatteryR	T_pdb_server     	[INFO ]	Writing to registry: battery 000000000000 uAH: 943437367
2026-02-04 09:59:15,775	DiskBatteryR	T_pdb_server     	[INFO ]	Writing to registry: battery 032225d763ff uAH: 190971
2026-02-04 09:59:15,775	BMS Server  	T_pdb_server     	[DEBUG]	Target = Full
2026-02-04 09:59:15,805	PDB Server  	T_pdb_server     	[INFO ]	Sys Volts: 23977 Sys Amps: 1347
2026-02-04 09:59:15,805	PDB Server  	T_pdb_server     	[INFO ]	12V rail Volts: 11998 12V rail Amps: 574
2026-02-04 09:59:15,805	PDB Server  	T_pdb_server     	[INFO ]	Energy[Joules]: 218884
2026-02-04 09:59:15,806	PDB Server  	T_pdb_server     	[INFO ]	Average Power: 98.7975
2026-02-04 09:59:15,806	PDB Server  	T_pdb_server     	[INFO ]	Sys Volts average: 23931.2
2026-02-04 09:59:15,806	PDB Server  	T_pdb_server     	[INFO ]	mah from ltc4282 2540.66
2026-02-04 09:59:18,861	BMS Server  	T_9BmsServer     	[DEBUG]	Battery temp -1
2026-02-04 09:59:20,930	DiskBatteryR	T_pdb_server     	[INFO ]	Writing to registry: battery 000000000000 uAH: 943439291
2026-02-04 09:59:20,931	DiskBatteryR	T_pdb_server     	[INFO ]	Writing to registry: battery 032225d763ff uAH: 190971
2026-02-04 09:59:20,931	BMS Server  	T_pdb_server     	[DEBUG]	Target = Full
2026-02-04 09:59:20,959	PDB Server  	T_pdb_server     	[INFO ]	Sys Volts: 23977 Sys Amps: 1347
2026-02-04 09:59:20,959	PDB Server  	T_pdb_server     	[INFO ]	12V rail Volts: 11998 12V rail Amps: 578
2026-02-04 09:59:20,959	PDB Server  	T_pdb_server     	[INFO ]	Energy[Joules]: 219048
2026-02-04 09:59:20,960	PDB Server  	T_pdb_server     	[INFO ]	Average Power: 98.6442
2026-02-04 09:59:20,960	PDB Server  	T_pdb_server     	[INFO ]	Sys Volts average: 23931.3
2026-02-04 09:59:20,960	PDB Server  	T_pdb_server     	[INFO ]	mah from ltc4282 2542.56
2026-02-04 09:59:22,849	BMS Server  	T_9BmsServer     	[DEBUG]	Battery temp -1
2026-02-04 09:59:26,087	DiskBatteryR	T_pdb_server     	[INFO ]	Writing to registry: battery 000000000000 uAH: 943441229
2026-02-04 09:59:26,087	DiskBatteryR	T_pdb_server     	[INFO ]	Writing to registry: battery 032225d763ff uAH: 190971
2026-02-04 09:59:26,087	BMS Server  	T_pdb_server     	[DEBUG]	Target = Full
2026-02-04 09:59:26,114	PDB Server  	T_pdb_server     	[INFO ]	Sys Volts: 23969 Sys Amps: 1437
2026-02-04 09:59:26,114	PDB Server  	T_pdb_server     	[INFO ]	12V rail Volts: 11998 12V rail Amps: 580
2026-02-04 09:59:26,114	PDB Server  	T_pdb_server     	[INFO ]	Energy[Joules]: 219216
2026-02-04 09:59:26,115	PDB Server  	T_pdb_server     	[INFO ]	Average Power: 98.4902
2026-02-04 09:59:26,115	PDB Server  	T_pdb_server     	[INFO ]	Sys Volts average: 23931.4
2026-02-04 09:59:26,115	PDB Server  	T_pdb_server     	[INFO ]	mah from ltc4282 2544.5
2026-02-04 09:59:28,165	BMS Server  	T_9BmsServer     	[DEBUG]	Battery temp -1
2026-02-04 09:59:31,242	DiskBatteryR	T_pdb_server     	[INFO ]	Writing to registry: battery 000000000000 uAH: 943443164
2026-02-04 09:59:31,242	DiskBatteryR	T_pdb_server     	[INFO ]	Writing to registry: battery 032225d763ff uAH: 190971
2026-02-04 09:59:31,243	BMS Server  	T_pdb_server     	[DEBUG]	Target = Full
2026-02-04 09:59:31,269	PDB Server  	T_pdb_server     	[INFO ]	Sys Volts: 23977 Sys Amps: 1347
2026-02-04 09:59:31,269	PDB Server  	T_pdb_server     	[INFO ]	12V rail Volts: 11998 12V rail Amps: 576
2026-02-04 09:59:31,270	PDB Server  	T_pdb_server     	[INFO ]	Energy[Joules]: 219382
2026-02-04 09:59:31,270	PDB Server  	T_pdb_server     	[INFO ]	Average Power: 98.3387
2026-02-04 09:59:31,270	PDB Server  	T_pdb_server     	[INFO ]	Sys Volts average: 23931.5
2026-02-04 09:59:31,270	PDB Server  	T_pdb_server     	[INFO ]	mah from ltc4282 2546.41
2026-02-04 09:59:32,173	BMS Server  	T_9BmsServer     	[DEBUG]	Battery temp -1
2026-02-04 09:59:36,394	DiskBatteryR	T_pdb_server     	[INFO ]	Writing to registry: battery 000000000000 uAH: 943445117
2026-02-04 09:59:36,394	DiskBatteryR	T_pdb_server     	[INFO ]	Writing to registry: battery 032225d763ff uAH: 190971
2026-02-04 09:59:36,394	BMS Server  	T_pdb_server     	[DEBUG]	Target = Full
2026-02-04 09:59:36,422	PDB Server  	T_pdb_server     	[INFO ]	Sys Volts: 23969 Sys Amps: 1437
2026-02-04 09:59:36,422	PDB Server  	T_pdb_server     	[INFO ]	12V rail Volts: 11998 12V rail Amps: 577
2026-02-04 09:59:36,422	PDB Server  	T_pdb_server     	[INFO ]	Energy[Joules]: 219551
2026-02-04 09:59:36,422	PDB Server  	T_pdb_server     	[INFO ]	Average Power: 98.1867
2026-02-04 09:59:36,423	PDB Server  	T_pdb_server     	[INFO ]	Sys Volts average: 23931.6
2026-02-04 09:59:36,423	PDB Server  	T_pdb_server     	[INFO ]	mah from ltc4282 2548.36
2026-02-04 09:59:37,497	BMS Server  	T_9BmsServer     	[DEBUG]	Battery temp -1
2026-02-04 09:59:41,497	BMS Server  	T_9BmsServer     	[DEBUG]	Battery temp -1
2026-02-04 09:59:41,551	DiskBatteryR	T_pdb_server     	[INFO ]	Writing to registry: battery 000000000000 uAH: 943447064
2026-02-04 09:59:41,551	DiskBatteryR	T_pdb_server     	[INFO ]	Writing to registry: battery 032225d763ff uAH: 190971
2026-02-04 09:59:41,551	BMS Server  	T_pdb_server     	[DEBUG]	Target = Full
2026-02-04 09:59:41,579	PDB Server  	T_pdb_server     	[INFO ]	Sys Volts: 23977 Sys Amps: 1347
2026-02-04 09:59:41,579	PDB Server  	T_pdb_server     	[INFO ]	12V rail Volts: 11998 12V rail Amps: 572
2026-02-04 09:59:41,579	PDB Server  	T_pdb_server     	[INFO ]	Energy[Joules]: 219720
2026-02-04 09:59:41,580	PDB Server  	T_pdb_server     	[INFO ]	Average Power: 98.0352
2026-02-04 09:59:41,580	PDB Server  	T_pdb_server     	[INFO ]	Sys Volts average: 23931.7
2026-02-04 09:59:41,580	PDB Server  	T_pdb_server     	[INFO ]	mah from ltc4282 2550.31
2026-02-04 09:59:46,711	DiskBatteryR	T_pdb_server     	[INFO ]	Writing to registry: battery 000000000000 uAH: 943449019
2026-02-04 09:59:46,711	DiskBatteryR	T_pdb_server     	[INFO ]	Writing to registry: battery 032225d763ff uAH: 190971
2026-02-04 09:59:46,711	BMS Server  	T_pdb_server     	[DEBUG]	Target = Full
2026-02-04 09:59:46,739	PDB Server  	T_pdb_server     	[INFO ]	Sys Volts: 23969 Sys Amps: 1347
2026-02-04 09:59:46,739	PDB Server  	T_pdb_server     	[INFO ]	12V rail Volts: 11998 12V rail Amps: 583
2026-02-04 09:59:46,739	PDB Server  	T_pdb_server     	[INFO ]	Energy[Joules]: 219886
2026-02-04 09:59:46,739	PDB Server  	T_pdb_server     	[INFO ]	Average Power: 97.8863
2026-02-04 09:59:46,739	PDB Server  	T_pdb_server     	[INFO ]	Sys Volts average: 23931.8
2026-02-04 09:59:46,739	PDB Server  	T_pdb_server     	[INFO ]	mah from ltc4282 2552.24
2026-02-04 09:59:46,817	BMS Server  	T_9BmsServer     	[DEBUG]	Battery temp -1
2026-02-04 09:59:50,809	BMS Server  	T_9BmsServer     	[DEBUG]	Battery temp -1
2026-02-04 09:59:51,863	DiskBatteryR	T_pdb_server     	[INFO ]	Writing to registry: battery 000000000000 uAH: 943450954
2026-02-04 09:59:51,863	DiskBatteryR	T_pdb_server     	[INFO ]	Writing to registry: battery 032225d763ff uAH: 190971
2026-02-04 09:59:51,863	BMS Server  	T_pdb_server     	[DEBUG]	Target = Full
2026-02-04 09:59:51,891	PDB Server  	T_pdb_server     	[INFO ]	Sys Volts: 23969 Sys Amps: 1437
2026-02-04 09:59:51,891	PDB Server  	T_pdb_server     	[INFO ]	12V rail Volts: 11997 12V rail Amps: 583
2026-02-04 09:59:51,891	PDB Server  	T_pdb_server     	[INFO ]	Energy[Joules]: 220054
2026-02-04 09:59:51,891	PDB Server  	T_pdb_server     	[INFO ]	Average Power: 97.7357
2026-02-04 09:59:51,891	PDB Server  	T_pdb_server     	[INFO ]	Sys Volts average: 23931.9
2026-02-04 09:59:51,891	PDB Server  	T_pdb_server     	[INFO ]	mah from ltc4282 2554.17
2026-02-04 09:59:54,805	BMS Server  	T_9BmsServer     	[DEBUG]	Battery temp -1
2026-02-04 09:59:57,014	DiskBatteryR	T_pdb_server     	[INFO ]	Writing to registry: battery 000000000000 uAH: 943452896
2026-02-04 09:59:57,015	DiskBatteryR	T_pdb_server     	[INFO ]	Writing to registry: battery 032225d763ff uAH: 190971
2026-02-04 09:59:57,015	BMS Server  	T_pdb_server     	[DEBUG]	Target = Full
2026-02-04 09:59:57,042	PDB Server  	T_pdb_server     	[INFO ]	Sys Volts: 23969 Sys Amps: 1347
2026-02-04 09:59:57,042	PDB Server  	T_pdb_server     	[INFO ]	12V rail Volts: 11998 12V rail Amps: 571
2026-02-04 09:59:57,042	PDB Server  	T_pdb_server     	[INFO ]	Energy[Joules]: 220222
2026-02-04 09:59:57,042	PDB Server  	T_pdb_server     	[INFO ]	Average Power: 97.586
2026-02-04 09:59:57,043	PDB Server  	T_pdb_server     	[INFO ]	Sys Volts average: 23932
2026-02-04 09:59:57,043	PDB Server  	T_pdb_server     	[INFO ]	mah from ltc4282 2556.11
2026-02-04 10:00:00,125	BMS Server  	T_9BmsServer     	[DEBUG]	Battery temp -1
2026-02-04 10:00:02,169	DiskBatteryR	T_pdb_server     	[INFO ]	Writing to registry: battery 000000000000 uAH: 943454837
2026-02-04 10:00:02,169	DiskBatteryR	T_pdb_server     	[INFO ]	Writing to registry: battery 032225d763ff uAH: 190971
2026-02-04 10:00:02,169	BMS Server  	T_pdb_server     	[DEBUG]	Target = Full
2026-02-04 10:00:02,198	PDB Server  	T_pdb_server     	[INFO ]	Sys Volts: 23977 Sys Amps: 1347
2026-02-04 10:00:02,198	PDB Server  	T_pdb_server     	[INFO ]	12V rail Volts: 11997 12V rail Amps: 585
2026-02-04 10:00:02,198	PDB Server  	T_pdb_server     	[INFO ]	Energy[Joules]: 220388
2026-02-04 10:00:02,198	PDB Server  	T_pdb_server     	[INFO ]	Average Power: 97.4388
2026-02-04 10:00:02,198	PDB Server  	T_pdb_server     	[INFO ]	Sys Volts average: 23932
2026-02-04 10:00:02,198	PDB Server  	T_pdb_server     	[INFO ]	mah from ltc4282 2558.03
2026-02-04 10:00:04,117	BMS Server  	T_9BmsServer     	[DEBUG]	Battery temp -1
2026-02-04 10:00:07,323	DiskBatteryR	T_pdb_server     	[INFO ]	Writing to registry: battery 000000000000 uAH: 943456790
2026-02-04 10:00:07,324	DiskBatteryR	T_pdb_server     	[INFO ]	Writing to registry: battery 032225d763ff uAH: 190971
2026-02-04 10:00:07,324	BMS Server  	T_pdb_server     	[DEBUG]	Target = Full
2026-02-04 10:00:07,351	PDB Server  	T_pdb_server     	[INFO ]	Sys Volts: 23969 Sys Amps: 1347
2026-02-04 10:00:07,351	PDB Server  	T_pdb_server     	[INFO ]	12V rail Volts: 11998 12V rail Amps: 574
2026-02-04 10:00:07,351	PDB Server  	T_pdb_server     	[INFO ]	Energy[Joules]: 220557
2026-02-04 10:00:07,351	PDB Server  	T_pdb_server     	[INFO ]	Average Power: 97.2907
2026-02-04 10:00:07,351	PDB Server  	T_pdb_server     	[INFO ]	Sys Volts average: 23932.1
2026-02-04 10:00:07,351	PDB Server  	T_pdb_server     	[INFO ]	mah from ltc4282 2559.98
2026-02-04 10:00:09,448	BMS Server  	T_9BmsServer     	[DEBUG]	Battery temp -1
2026-02-04 10:00:12,475	DiskBatteryR	T_pdb_server     	[INFO ]	Writing to registry: battery 000000000000 uAH: 943458730
2026-02-04 10:00:12,475	DiskBatteryR	T_pdb_server     	[INFO ]	Writing to registry: battery 032225d763ff uAH: 190971
2026-02-04 10:00:12,475	BMS Server  	T_pdb_server     	[DEBUG]	Target = Full
2026-02-04 10:00:12,503	PDB Server  	T_pdb_server     	[INFO ]	Sys Volts: 23977 Sys Amps: 1348
2026-02-04 10:00:12,503	PDB Server  	T_pdb_server     	[INFO ]	12V rail Volts: 11998 12V rail Amps: 577
2026-02-04 10:00:12,503	PDB Server  	T_pdb_server     	[INFO ]	Energy[Joules]: 220725
2026-02-04 10:00:12,503	PDB Server  	T_pdb_server     	[INFO ]	Average Power: 97.1431
2026-02-04 10:00:12,503	PDB Server  	T_pdb_server     	[INFO ]	Sys Volts average: 23932.2
2026-02-04 10:00:12,503	PDB Server  	T_pdb_server     	[INFO ]	mah from ltc4282 2561.92
2026-02-04 10:00:13,433	BMS Server  	T_9BmsServer     	[DEBUG]	Battery temp -1
2026-02-04 10:00:17,626	DiskBatteryR	T_pdb_server     	[INFO ]	Writing to registry: battery 000000000000 uAH: 943460670
2026-02-04 10:00:17,626	DiskBatteryR	T_pdb_server     	[INFO ]	Writing to registry: battery 032225d763ff uAH: 190971
2026-02-04 10:00:17,626	BMS Server  	T_pdb_server     	[DEBUG]	Target = Full
2026-02-04 10:00:17,655	PDB Server  	T_pdb_server     	[INFO ]	Sys Volts: 23977 Sys Amps: 1258
2026-02-04 10:00:17,655	PDB Server  	T_pdb_server     	[INFO ]	12V rail Volts: 11998 12V rail Amps: 578
2026-02-04 10:00:17,655	PDB Server  	T_pdb_server     	[INFO ]	Energy[Joules]: 220891
2026-02-04 10:00:17,656	PDB Server  	T_pdb_server     	[INFO ]	Average Power: 96.9978
2026-02-04 10:00:17,656	PDB Server  	T_pdb_server     	[INFO ]	Sys Volts average: 23932.3
2026-02-04 10:00:17,656	PDB Server  	T_pdb_server     	[INFO ]	mah from ltc4282 2563.84
2026-02-04 10:00:18,769	BMS Server  	T_9BmsServer     	[DEBUG]	Battery temp -1
2026-02-04 10:00:22,757	BMS Server  	T_9BmsServer     	[DEBUG]	Battery temp -1
2026-02-04 10:00:22,780	DiskBatteryR	T_pdb_server     	[INFO ]	Writing to registry: battery 000000000000 uAH: 943462613
2026-02-04 10:00:22,780	DiskBatteryR	T_pdb_server     	[INFO ]	Writing to registry: battery 032225d763ff uAH: 190971
2026-02-04 10:00:22,780	BMS Server  	T_pdb_server     	[DEBUG]	Target = Full
2026-02-04 10:00:22,808	PDB Server  	T_pdb_server     	[INFO ]	Sys Volts: 23969 Sys Amps: 1348
2026-02-04 10:00:22,808	PDB Server  	T_pdb_server     	[INFO ]	12V rail Volts: 11999 12V rail Amps: 580
2026-02-04 10:00:22,808	PDB Server  	T_pdb_server     	[INFO ]	Energy[Joules]: 221059
2026-02-04 10:00:22,809	PDB Server  	T_pdb_server     	[INFO ]	Average Power: 96.8515
2026-02-04 10:00:22,809	PDB Server  	T_pdb_server     	[INFO ]	Sys Volts average: 23932.4
2026-02-04 10:00:22,809	PDB Server  	T_pdb_server     	[INFO ]	mah from ltc4282 2565.78
2026-02-04 10:00:27,935	DiskBatteryR	T_pdb_server     	[INFO ]	Writing to registry: battery 000000000000 uAH: 943464550
2026-02-04 10:00:27,935	DiskBatteryR	T_pdb_server     	[INFO ]	Writing to registry: battery 032225d763ff uAH: 190971
2026-02-04 10:00:27,936	BMS Server  	T_pdb_server     	[DEBUG]	Target = Full
2026-02-04 10:00:27,964	PDB Server  	T_pdb_server     	[INFO ]	Sys Volts: 23969 Sys Amps: 1348
2026-02-04 10:00:27,964	PDB Server  	T_pdb_server     	[INFO ]	12V rail Volts: 11998 12V rail Amps: 574
2026-02-04 10:00:27,964	PDB Server  	T_pdb_server     	[INFO ]	Energy[Joules]: 221225
2026-02-04 10:00:27,965	PDB Server  	T_pdb_server     	[INFO ]	Average Power: 96.7076
2026-02-04 10:00:27,965	PDB Server  	T_pdb_server     	[INFO ]	Sys Volts average: 23932.5
2026-02-04 10:00:27,965	PDB Server  	T_pdb_server     	[INFO ]	mah from ltc4282 2567.69
2026-02-04 10:00:28,077	BMS Server  	T_9BmsServer     	[DEBUG]	Battery temp -1
2026-02-04 10:00:32,072	BMS Server  	T_9BmsServer     	[DEBUG]	Battery temp -1
2026-02-04 10:00:33,089	DiskBatteryR	T_pdb_server     	[INFO ]	Writing to registry: battery 000000000000 uAH: 943466492
2026-02-04 10:00:33,089	DiskBatteryR	T_pdb_server     	[INFO ]	Writing to registry: battery 032225d763ff uAH: 190971
2026-02-04 10:00:33,089	BMS Server  	T_pdb_server     	[DEBUG]	Target = Full
2026-02-04 10:00:33,117	PDB Server  	T_pdb_server     	[INFO ]	Sys Volts: 23969 Sys Amps: 1437
2026-02-04 10:00:33,117	PDB Server  	T_pdb_server     	[INFO ]	12V rail Volts: 11998 12V rail Amps: 581
2026-02-04 10:00:33,117	PDB Server  	T_pdb_server     	[INFO ]	Energy[Joules]: 221393
2026-02-04 10:00:33,117	PDB Server  	T_pdb_server     	[INFO ]	Average Power: 96.5627
2026-02-04 10:00:33,117	PDB Server  	T_pdb_server     	[INFO ]	Sys Volts average: 23932.6
2026-02-04 10:00:33,117	PDB Server  	T_pdb_server     	[INFO ]	mah from ltc4282 2569.64
2026-02-04 10:00:37,389	BMS Server  	T_9BmsServer     	[DEBUG]	Battery temp -1
2026-02-04 10:00:38,240	DiskBatteryR	T_pdb_server     	[INFO ]	Writing to registry: battery 000000000000 uAH: 943468447
2026-02-04 10:00:38,241	DiskBatteryR	T_pdb_server     	[INFO ]	Writing to registry: battery 032225d763ff uAH: 190971
2026-02-04 10:00:38,241	BMS Server  	T_pdb_server     	[DEBUG]	Target = Full
2026-02-04 10:00:38,269	PDB Server  	T_pdb_server     	[INFO ]	Sys Volts: 23969 Sys Amps: 1348
2026-02-04 10:00:38,269	PDB Server  	T_pdb_server     	[INFO ]	12V rail Volts: 11998 12V rail Amps: 573
2026-02-04 10:00:38,269	PDB Server  	T_pdb_server     	[INFO ]	Energy[Joules]: 221562
2026-02-04 10:00:38,269	PDB Server  	T_pdb_server     	[INFO ]	Average Power: 96.4187
2026-02-04 10:00:38,269	PDB Server  	T_pdb_server     	[INFO ]	Sys Volts average: 23932.7
2026-02-04 10:00:38,269	PDB Server  	T_pdb_server     	[INFO ]	mah from ltc4282 2571.59
2026-02-04 10:00:41,385	BMS Server  	T_9BmsServer     	[DEBUG]	Battery temp -1
2026-02-04 10:00:43,397	DiskBatteryR	T_pdb_server     	[INFO ]	Writing to registry: battery 000000000000 uAH: 943470388
2026-02-04 10:00:43,397	DiskBatteryR	T_pdb_server     	[INFO ]	Writing to registry: battery 032225d763ff uAH: 190971
2026-02-04 10:00:43,397	BMS Server  	T_pdb_server     	[DEBUG]	Target = Full
2026-02-04 10:00:43,425	PDB Server  	T_pdb_server     	[INFO ]	Sys Volts: 23969 Sys Amps: 1348
2026-02-04 10:00:43,425	PDB Server  	T_pdb_server     	[INFO ]	12V rail Volts: 11998 12V rail Amps: 579
2026-02-04 10:00:43,425	PDB Server  	T_pdb_server     	[INFO ]	Energy[Joules]: 221728
2026-02-04 10:00:43,425	PDB Server  	T_pdb_server     	[INFO ]	Average Power: 96.2766
2026-02-04 10:00:43,425	PDB Server  	T_pdb_server     	[INFO ]	Sys Volts average: 23932.8
2026-02-04 10:00:43,425	PDB Server  	T_pdb_server     	[INFO ]	mah from ltc4282 2573.5
2026-02-04 10:00:46,701	BMS Server  	T_9BmsServer     	[DEBUG]	Battery temp -1
2026-02-04 10:00:48,547	DiskBatteryR	T_pdb_server     	[INFO ]	Writing to registry: battery 000000000000 uAH: 943472334
2026-02-04 10:00:48,547	DiskBatteryR	T_pdb_server     	[INFO ]	Writing to registry: battery 032225d763ff uAH: 190971
2026-02-04 10:00:48,547	BMS Server  	T_pdb_server     	[DEBUG]	Target = Full
2026-02-04 10:00:48,576	PDB Server  	T_pdb_server     	[INFO ]	Sys Volts: 23969 Sys Amps: 1348
2026-02-04 10:00:48,576	PDB Server  	T_pdb_server     	[INFO ]	12V rail Volts: 11999 12V rail Amps: 583
2026-02-04 10:00:48,576	PDB Server  	T_pdb_server     	[INFO ]	Energy[Joules]: 221897
2026-02-04 10:00:48,576	PDB Server  	T_pdb_server     	[INFO ]	Average Power: 96.1337
2026-02-04 10:00:48,576	PDB Server  	T_pdb_server     	[INFO ]	Sys Volts average: 23932.9
2026-02-04 10:00:48,576	PDB Server  	T_pdb_server     	[INFO ]	mah from ltc4282 2575.45
2026-02-04 10:00:50,689	BMS Server  	T_9BmsServer     	[DEBUG]	Battery temp -1
2026-02-04 10:00:53,701	DiskBatteryR	T_pdb_server     	[INFO ]	Writing to registry: battery 000000000000 uAH: 943474271
2026-02-04 10:00:53,701	DiskBatteryR	T_pdb_server     	[INFO ]	Writing to registry: battery 032225d763ff uAH: 190971
2026-02-04 10:00:53,701	BMS Server  	T_pdb_server     	[DEBUG]	Target = Full
2026-02-04 10:00:53,729	PDB Server  	T_pdb_server     	[INFO ]	Sys Volts: 23977 Sys Amps: 1348
2026-02-04 10:00:53,730	PDB Server  	T_pdb_server     	[INFO ]	12V rail Volts: 11998 12V rail Amps: 575
2026-02-04 10:00:53,730	PDB Server  	T_pdb_server     	[INFO ]	Energy[Joules]: 222064
2026-02-04 10:00:53,730	PDB Server  	T_pdb_server     	[INFO ]	Average Power: 95.9911
2026-02-04 10:00:53,730	PDB Server  	T_pdb_server     	[INFO ]	Sys Volts average: 23933
2026-02-04 10:00:53,730	PDB Server  	T_pdb_server     	[INFO ]	mah from ltc4282 2577.39
2026-02-04 10:00:54,681	BMS Server  	T_9BmsServer     	[DEBUG]	Battery temp -1
2026-02-04 10:00:58,853	DiskBatteryR	T_pdb_server     	[INFO ]	Writing to registry: battery 000000000000 uAH: 943476212
2026-02-04 10:00:58,854	DiskBatteryR	T_pdb_server     	[INFO ]	Writing to registry: battery 032225d763ff uAH: 190971
2026-02-04 10:00:58,855	BMS Server  	T_pdb_server     	[DEBUG]	Target = Full
2026-02-04 10:00:58,887	PDB Server  	T_pdb_server     	[INFO ]	Sys Volts: 23977 Sys Amps: 1348
2026-02-04 10:00:58,887	PDB Server  	T_pdb_server     	[INFO ]	12V rail Volts: 11999 12V rail Amps: 571
2026-02-04 10:00:58,887	PDB Server  	T_pdb_server     	[INFO ]	Energy[Joules]: 222230
2026-02-04 10:00:58,887	PDB Server  	T_pdb_server     	[INFO ]	Average Power: 95.851
2026-02-04 10:00:58,887	PDB Server  	T_pdb_server     	[INFO ]	Sys Volts average: 23933.1
2026-02-04 10:00:58,887	PDB Server  	T_pdb_server     	[INFO ]	mah from ltc4282 2579.3
2026-02-04 10:00:59,997	BMS Server  	T_9BmsServer     	[DEBUG]	Battery temp -1
2026-02-04 10:01:03,981	BMS Server  	T_9BmsServer     	[DEBUG]	Battery temp -1
2026-02-04 10:01:04,021	DiskBatteryR	T_pdb_server     	[INFO ]	Writing to registry: battery 000000000000 uAH: 943478155
2026-02-04 10:01:04,021	DiskBatteryR	T_pdb_server     	[INFO ]	Writing to registry: battery 032225d763ff uAH: 190971
2026-02-04 10:01:04,021	BMS Server  	T_pdb_server     	[DEBUG]	Target = Full
2026-02-04 10:01:04,052	PDB Server  	T_pdb_server     	[INFO ]	Sys Volts: 23977 Sys Amps: 1258
2026-02-04 10:01:04,052	PDB Server  	T_pdb_server     	[INFO ]	12V rail Volts: 11998 12V rail Amps: 577
2026-02-04 10:01:04,052	PDB Server  	T_pdb_server     	[INFO ]	Energy[Joules]: 222398
2026-02-04 10:01:04,053	PDB Server  	T_pdb_server     	[INFO ]	Average Power: 95.7096
2026-02-04 10:01:04,053	PDB Server  	T_pdb_server     	[INFO ]	Sys Volts average: 23933.2
2026-02-04 10:01:04,053	PDB Server  	T_pdb_server     	[INFO ]	mah from ltc4282 2581.24
2026-02-04 10:01:09,176	DiskBatteryR	T_pdb_server     	[INFO ]	Writing to registry: battery 000000000000 uAH: 943480102
2026-02-04 10:01:09,177	DiskBatteryR	T_pdb_server     	[INFO ]	Writing to registry: battery 032225d763ff uAH: 190971
2026-02-04 10:01:09,177	BMS Server  	T_pdb_server     	[DEBUG]	Target = Full
2026-02-04 10:01:09,204	PDB Server  	T_pdb_server     	[INFO ]	Sys Volts: 23977 Sys Amps: 1258
2026-02-04 10:01:09,204	PDB Server  	T_pdb_server     	[INFO ]	12V rail Volts: 11999 12V rail Amps: 580
2026-02-04 10:01:09,204	PDB Server  	T_pdb_server     	[INFO ]	Energy[Joules]: 222567
2026-02-04 10:01:09,204	PDB Server  	T_pdb_server     	[INFO ]	Average Power: 95.5693
2026-02-04 10:01:09,204	PDB Server  	T_pdb_server     	[INFO ]	Sys Volts average: 23933.3
2026-02-04 10:01:09,204	PDB Server  	T_pdb_server     	[INFO ]	mah from ltc4282 2583.19
2026-02-04 10:01:09,305	BMS Server  	T_9BmsServer     	[DEBUG]	Battery temp -1
2026-02-04 10:01:13,289	BMS Server  	T_9BmsServer     	[DEBUG]	Battery temp -1
2026-02-04 10:01:14,330	DiskBatteryR	T_pdb_server     	[INFO ]	Writing to registry: battery 000000000000 uAH: 943482045
2026-02-04 10:01:14,330	DiskBatteryR	T_pdb_server     	[INFO ]	Writing to registry: battery 032225d763ff uAH: 190971
2026-02-04 10:01:14,330	BMS Server  	T_pdb_server     	[DEBUG]	Target = Full
2026-02-04 10:01:14,358	PDB Server  	T_pdb_server     	[INFO ]	Sys Volts: 23969 Sys Amps: 1348
2026-02-04 10:01:14,358	PDB Server  	T_pdb_server     	[INFO ]	12V rail Volts: 11998 12V rail Amps: 582
2026-02-04 10:01:14,358	PDB Server  	T_pdb_server     	[INFO ]	Energy[Joules]: 222733
2026-02-04 10:01:14,359	PDB Server  	T_pdb_server     	[INFO ]	Average Power: 95.4312
2026-02-04 10:01:14,359	PDB Server  	T_pdb_server     	[INFO ]	Sys Volts average: 23933.3
2026-02-04 10:01:14,359	PDB Server  	T_pdb_server     	[INFO ]	mah from ltc4282 2585.11
2026-02-04 10:01:18,613	BMS Server  	T_9BmsServer     	[DEBUG]	Battery temp -1
2026-02-04 10:01:19,483	DiskBatteryR	T_pdb_server     	[INFO ]	Writing to registry: battery 000000000000 uAH: 943484003
2026-02-04 10:01:19,483	DiskBatteryR	T_pdb_server     	[INFO ]	Writing to registry: battery 032225d763ff uAH: 190971
2026-02-04 10:01:19,483	BMS Server  	T_pdb_server     	[DEBUG]	Target = Full
2026-02-04 10:01:19,511	PDB Server  	T_pdb_server     	[INFO ]	Sys Volts: 23969 Sys Amps: 1348
2026-02-04 10:01:19,512	PDB Server  	T_pdb_server     	[INFO ]	12V rail Volts: 11998 12V rail Amps: 580
2026-02-04 10:01:19,512	PDB Server  	T_pdb_server     	[INFO ]	Energy[Joules]: 222902
2026-02-04 10:01:19,512	PDB Server  	T_pdb_server     	[INFO ]	Average Power: 95.2923
2026-02-04 10:01:19,512	PDB Server  	T_pdb_server     	[INFO ]	Sys Volts average: 23933.4
2026-02-04 10:01:19,512	PDB Server  	T_pdb_server     	[INFO ]	mah from ltc4282 2587.06
2026-02-04 10:01:22,597	BMS Server  	T_9BmsServer     	[DEBUG]	Battery temp -1
2026-02-04 10:01:24,639	DiskBatteryR	T_pdb_server     	[INFO ]	Writing to registry: battery 000000000000 uAH: 943485942
2026-02-04 10:01:24,639	DiskBatteryR	T_pdb_server     	[INFO ]	Writing to registry: battery 032225d763ff uAH: 190971
2026-02-04 10:01:24,639	BMS Server  	T_pdb_server     	[DEBUG]	Target = Full
2026-02-04 10:01:24,667	PDB Server  	T_pdb_server     	[INFO ]	Sys Volts: 23969 Sys Amps: 1348
2026-02-04 10:01:24,668	PDB Server  	T_pdb_server     	[INFO ]	12V rail Volts: 11998 12V rail Amps: 572
2026-02-04 10:01:24,668	PDB Server  	T_pdb_server     	[INFO ]	Energy[Joules]: 223070
2026-02-04 10:01:24,668	PDB Server  	T_pdb_server     	[INFO ]	Average Power: 95.1536
2026-02-04 10:01:24,668	PDB Server  	T_pdb_server     	[INFO ]	Sys Volts average: 23933.5
2026-02-04 10:01:24,668	PDB Server  	T_pdb_server     	[INFO ]	mah from ltc4282 2589
2026-02-04 10:01:27,913	BMS Server  	T_9BmsServer     	[DEBUG]	Battery temp -1
2026-02-04 10:01:29,794	DiskBatteryR	T_pdb_server     	[INFO ]	Writing to registry: battery 000000000000 uAH: 943487893
2026-02-04 10:01:29,794	DiskBatteryR	T_pdb_server     	[INFO ]	Writing to registry: battery 032225d763ff uAH: 190971
2026-02-04 10:01:29,794	BMS Server  	T_pdb_server     	[DEBUG]	Target = Full
2026-02-04 10:01:29,822	PDB Server  	T_pdb_server     	[INFO ]	Sys Volts: 23977 Sys Amps: 1348
2026-02-04 10:01:29,822	PDB Server  	T_pdb_server     	[INFO ]	12V rail Volts: 11998 12V rail Amps: 578
2026-02-04 10:01:29,822	PDB Server  	T_pdb_server     	[INFO ]	Energy[Joules]: 223237
2026-02-04 10:01:29,822	PDB Server  	T_pdb_server     	[INFO ]	Average Power: 95.0174
2026-02-04 10:01:29,822	PDB Server  	T_pdb_server     	[INFO ]	Sys Volts average: 23933.6
2026-02-04 10:01:29,822	PDB Server  	T_pdb_server     	[INFO ]	mah from ltc4282 2590.92
2026-02-04 10:01:31,900	BMS Server  	T_9BmsServer     	[DEBUG]	Battery temp -1
2026-02-04 10:01:34,945	DiskBatteryR	T_pdb_server     	[INFO ]	Writing to registry: battery 000000000000 uAH: 943489835
2026-02-04 10:01:34,946	DiskBatteryR	T_pdb_server     	[INFO ]	Writing to registry: battery 032225d763ff uAH: 190971
2026-02-04 10:01:34,946	BMS Server  	T_pdb_server     	[DEBUG]	Target = Full
2026-02-04 10:01:34,974	PDB Server  	T_pdb_server     	[INFO ]	Sys Volts: 23969 Sys Amps: 1348
2026-02-04 10:01:34,974	PDB Server  	T_pdb_server     	[INFO ]	12V rail Volts: 11998 12V rail Amps: 580
2026-02-04 10:01:34,974	PDB Server  	T_pdb_server     	[INFO ]	Energy[Joules]: 223405
2026-02-04 10:01:34,974	PDB Server  	T_pdb_server     	[INFO ]	Average Power: 94.88
2026-02-04 10:01:34,974	PDB Server  	T_pdb_server     	[INFO ]	Sys Volts average: 23933.7
2026-02-04 10:01:34,974	PDB Server  	T_pdb_server     	[INFO ]	mah from ltc4282 2592.87
2026-02-04 10:01:37,225	BMS Server  	T_9BmsServer     	[DEBUG]	Battery temp -1
2026-02-04 10:01:40,100	DiskBatteryR	T_pdb_server     	[INFO ]	Writing to registry: battery 000000000000 uAH: 943491778
2026-02-04 10:01:40,100	DiskBatteryR	T_pdb_server     	[INFO ]	Writing to registry: battery 032225d763ff uAH: 190971
2026-02-04 10:01:40,101	BMS Server  	T_pdb_server     	[DEBUG]	Target = Full
2026-02-04 10:01:40,128	PDB Server  	T_pdb_server     	[INFO ]	Sys Volts: 23969 Sys Amps: 1348
2026-02-04 10:01:40,128	PDB Server  	T_pdb_server     	[INFO ]	12V rail Volts: 11998 12V rail Amps: 581
2026-02-04 10:01:40,128	PDB Server  	T_pdb_server     	[INFO ]	Energy[Joules]: 223573
2026-02-04 10:01:40,129	PDB Server  	T_pdb_server     	[INFO ]	Average Power: 94.743
2026-02-04 10:01:40,129	PDB Server  	T_pdb_server     	[INFO ]	Sys Volts average: 23933.8
2026-02-04 10:01:40,129	PDB Server  	T_pdb_server     	[INFO ]	mah from ltc4282 2594.81
2026-02-04 10:01:41,213	BMS Server  	T_9BmsServer     	[DEBUG]	Battery temp -1
2026-02-04 10:01:45,258	DiskBatteryR	T_pdb_server     	[INFO ]	Writing to registry: battery 000000000000 uAH: 943493725
2026-02-04 10:01:45,258	DiskBatteryR	T_pdb_server     	[INFO ]	Writing to registry: battery 032225d763ff uAH: 190971
2026-02-04 10:01:45,258	BMS Server  	T_pdb_server     	[DEBUG]	Target = Full
2026-02-04 10:01:45,285	PDB Server  	T_pdb_server     	[INFO ]	Sys Volts: 23969 Sys Amps: 1348
2026-02-04 10:01:45,285	PDB Server  	T_pdb_server     	[INFO ]	12V rail Volts: 11998 12V rail Amps: 570
2026-02-04 10:01:45,285	PDB Server  	T_pdb_server     	[INFO ]	Energy[Joules]: 223739
2026-02-04 10:01:45,286	PDB Server  	T_pdb_server     	[INFO ]	Average Power: 94.6085
2026-02-04 10:01:45,286	PDB Server  	T_pdb_server     	[INFO ]	Sys Volts average: 23933.9
2026-02-04 10:01:45,286	PDB Server  	T_pdb_server     	[INFO ]	mah from ltc4282 2596.73
2026-02-04 10:01:46,529	BMS Server  	T_9BmsServer     	[DEBUG]	Battery temp -1
2026-02-04 10:01:50,411	DiskBatteryR	T_pdb_server     	[INFO ]	Writing to registry: battery 000000000000 uAH: 943495676
2026-02-04 10:01:50,411	DiskBatteryR	T_pdb_server     	[INFO ]	Writing to registry: battery 032225d763ff uAH: 190971
2026-02-04 10:01:50,411	BMS Server  	T_pdb_server     	[DEBUG]	Target = Full
2026-02-04 10:01:50,439	PDB Server  	T_pdb_server     	[INFO ]	Sys Volts: 23977 Sys Amps: 1348
2026-02-04 10:01:50,439	PDB Server  	T_pdb_server     	[INFO ]	12V rail Volts: 11998 12V rail Amps: 568
2026-02-04 10:01:50,439	PDB Server  	T_pdb_server     	[INFO ]	Energy[Joules]: 223908
2026-02-04 10:01:50,439	PDB Server  	T_pdb_server     	[INFO ]	Average Power: 94.4732
2026-02-04 10:01:50,439	PDB Server  	T_pdb_server     	[INFO ]	Sys Volts average: 23933.9
2026-02-04 10:01:50,439	PDB Server  	T_pdb_server     	[INFO ]	mah from ltc4282 2598.69
2026-02-04 10:01:50,517	BMS Server  	T_9BmsServer     	[DEBUG]	Battery temp -1
2026-02-04 10:01:55,563	DiskBatteryR	T_pdb_server     	[INFO ]	Writing to registry: battery 000000000000 uAH: 943497635
2026-02-04 10:01:55,563	DiskBatteryR	T_pdb_server     	[INFO ]	Writing to registry: battery 032225d763ff uAH: 190971
2026-02-04 10:01:55,563	BMS Server  	T_pdb_server     	[DEBUG]	Target = Full
2026-02-04 10:01:55,590	PDB Server  	T_pdb_server     	[INFO ]	Sys Volts: 23969 Sys Amps: 1348
2026-02-04 10:01:55,591	PDB Server  	T_pdb_server     	[INFO ]	12V rail Volts: 11998 12V rail Amps: 583
2026-02-04 10:01:55,591	PDB Server  	T_pdb_server     	[INFO ]	Energy[Joules]: 224076
2026-02-04 10:01:55,591	PDB Server  	T_pdb_server     	[INFO ]	Average Power: 94.3403
2026-02-04 10:01:55,591	PDB Server  	T_pdb_server     	[INFO ]	Sys Volts average: 23934
2026-02-04 10:01:55,591	PDB Server  	T_pdb_server     	[INFO ]	mah from ltc4282 2600.62
2026-02-04 10:01:55,837	BMS Server  	T_9BmsServer     	[DEBUG]	Battery temp -1
2026-02-04 10:01:59,825	BMS Server  	T_9BmsServer     	[DEBUG]	Battery temp -1
2026-02-04 10:02:00,721	DiskBatteryR	T_pdb_server     	[INFO ]	Writing to registry: battery 000000000000 uAH: 943499598
2026-02-04 10:02:00,721	DiskBatteryR	T_pdb_server     	[INFO ]	Writing to registry: battery 032225d763ff uAH: 190971
2026-02-04 10:02:00,721	BMS Server  	T_pdb_server     	[DEBUG]	Target = Full
2026-02-04 10:02:00,749	PDB Server  	T_pdb_server     	[INFO ]	Sys Volts: 23969 Sys Amps: 1348
2026-02-04 10:02:00,749	PDB Server  	T_pdb_server     	[INFO ]	12V rail Volts: 11998 12V rail Amps: 579
2026-02-04 10:02:00,749	PDB Server  	T_pdb_server     	[INFO ]	Energy[Joules]: 224245
2026-02-04 10:02:00,749	PDB Server  	T_pdb_server     	[INFO ]	Average Power: 94.2064
2026-02-04 10:02:00,749	PDB Server  	T_pdb_server     	[INFO ]	Sys Volts average: 23934.1
2026-02-04 10:02:00,749	PDB Server  	T_pdb_server     	[INFO ]	mah from ltc4282 2602.58
2026-02-04 10:02:03,816	BMS Server  	T_9BmsServer     	[DEBUG]	Battery temp -1
2026-02-04 10:02:05,874	DiskBatteryR	T_pdb_server     	[INFO ]	Writing to registry: battery 000000000000 uAH: 943501539
2026-02-04 10:02:05,876	DiskBatteryR	T_pdb_server     	[INFO ]	Writing to registry: battery 032225d763ff uAH: 190971
2026-02-04 10:02:05,876	BMS Server  	T_pdb_server     	[DEBUG]	Target = Full
2026-02-04 10:02:05,904	PDB Server  	T_pdb_server     	[INFO ]	Sys Volts: 23977 Sys Amps: 1348
2026-02-04 10:02:05,904	PDB Server  	T_pdb_server     	[INFO ]	12V rail Volts: 11998 12V rail Amps: 583
2026-02-04 10:02:05,904	PDB Server  	T_pdb_server     	[INFO ]	Energy[Joules]: 224414
2026-02-04 10:02:05,904	PDB Server  	T_pdb_server     	[INFO ]	Average Power: 94.0725
2026-02-04 10:02:05,904	PDB Server  	T_pdb_server     	[INFO ]	Sys Volts average: 23934.2
2026-02-04 10:02:05,904	PDB Server  	T_pdb_server     	[INFO ]	mah from ltc4282 2604.52
2026-02-04 10:02:09,133	BMS Server  	T_9BmsServer     	[DEBUG]	Battery temp -1
2026-02-04 10:02:11,029	DiskBatteryR	T_pdb_server     	[INFO ]	Writing to registry: battery 000000000000 uAH: 943503480
2026-02-04 10:02:11,029	DiskBatteryR	T_pdb_server     	[INFO ]	Writing to registry: battery 032225d763ff uAH: 190971
2026-02-04 10:02:11,029	BMS Server  	T_pdb_server     	[DEBUG]	Target = Full
2026-02-04 10:02:11,057	PDB Server  	T_pdb_server     	[INFO ]	Sys Volts: 23969 Sys Amps: 1348
2026-02-04 10:02:11,057	PDB Server  	T_pdb_server     	[INFO ]	12V rail Volts: 11998 12V rail Amps: 575
2026-02-04 10:02:11,057	PDB Server  	T_pdb_server     	[INFO ]	Energy[Joules]: 224580
2026-02-04 10:02:11,057	PDB Server  	T_pdb_server     	[INFO ]	Average Power: 93.9407
2026-02-04 10:02:11,057	PDB Server  	T_pdb_server     	[INFO ]	Sys Volts average: 23934.2
2026-02-04 10:02:11,057	PDB Server  	T_pdb_server     	[INFO ]	mah from ltc4282 2606.44
2026-02-04 10:02:13,117	BMS Server  	T_9BmsServer     	[DEBUG]	Battery temp -1
2026-02-04 10:02:16,183	DiskBatteryR	T_pdb_server     	[INFO ]	Writing to registry: battery 000000000000 uAH: 943505421
2026-02-04 10:02:16,183	DiskBatteryR	T_pdb_server     	[INFO ]	Writing to registry: battery 032225d763ff uAH: 190971
2026-02-04 10:02:16,183	BMS Server  	T_pdb_server     	[DEBUG]	Target = Full
2026-02-04 10:02:16,210	PDB Server  	T_pdb_server     	[INFO ]	Sys Volts: 23969 Sys Amps: 1258
2026-02-04 10:02:16,211	PDB Server  	T_pdb_server     	[INFO ]	12V rail Volts: 11999 12V rail Amps: 578
2026-02-04 10:02:16,211	PDB Server  	T_pdb_server     	[INFO ]	Energy[Joules]: 224748
2026-02-04 10:02:16,211	PDB Server  	T_pdb_server     	[INFO ]	Average Power: 93.8078
2026-02-04 10:02:16,211	PDB Server  	T_pdb_server     	[INFO ]	Sys Volts average: 23934.3
2026-02-04 10:02:16,211	PDB Server  	T_pdb_server     	[INFO ]	mah from ltc4282 2608.38
2026-02-04 10:02:18,449	BMS Server  	T_9BmsServer     	[DEBUG]	Battery temp -1
2026-02-04 10:02:21,338	DiskBatteryR	T_pdb_server     	[INFO ]	Writing to registry: battery 000000000000 uAH: 943507360
2026-02-04 10:02:21,339	DiskBatteryR	T_pdb_server     	[INFO ]	Writing to registry: battery 032225d763ff uAH: 190971
2026-02-04 10:02:21,339	BMS Server  	T_pdb_server     	[DEBUG]	Target = Full
2026-02-04 10:02:21,365	PDB Server  	T_pdb_server     	[INFO ]	Sys Volts: 23969 Sys Amps: 1348
2026-02-04 10:02:21,365	PDB Server  	T_pdb_server     	[INFO ]	12V rail Volts: 11998 12V rail Amps: 580
2026-02-04 10:02:21,366	PDB Server  	T_pdb_server     	[INFO ]	Energy[Joules]: 224915
2026-02-04 10:02:21,367	PDB Server  	T_pdb_server     	[INFO ]	Average Power: 93.6754
2026-02-04 10:02:21,367	PDB Server  	T_pdb_server     	[INFO ]	Sys Volts average: 23934.4
2026-02-04 10:02:21,367	PDB Server  	T_pdb_server     	[INFO ]	mah from ltc4282 2610.32
2026-02-04 10:02:22,433	BMS Server  	T_9BmsServer     	[DEBUG]	Battery temp -1
2026-02-04 10:02:26,491	DiskBatteryR	T_pdb_server     	[INFO ]	Writing to registry: battery 000000000000 uAH: 943509302
2026-02-04 10:02:26,492	DiskBatteryR	T_pdb_server     	[INFO ]	Writing to registry: battery 032225d763ff uAH: 190971
2026-02-04 10:02:26,492	BMS Server  	T_pdb_server     	[DEBUG]	Target = Full
2026-02-04 10:02:26,519	PDB Server  	T_pdb_server     	[INFO ]	Sys Volts: 23969 Sys Amps: 1348
2026-02-04 10:02:26,519	PDB Server  	T_pdb_server     	[INFO ]	12V rail Volts: 11998 12V rail Amps: 581
2026-02-04 10:02:26,519	PDB Server  	T_pdb_server     	[INFO ]	Energy[Joules]: 225081
2026-02-04 10:02:26,519	PDB Server  	T_pdb_server     	[INFO ]	Average Power: 93.5454
2026-02-04 10:02:26,519	PDB Server  	T_pdb_server     	[INFO ]	Sys Volts average: 23934.5
2026-02-04 10:02:26,519	PDB Server  	T_pdb_server     	[INFO ]	mah from ltc4282 2612.24
2026-02-04 10:02:27,765	BMS Server  	T_9BmsServer     	[DEBUG]	Battery temp -1
2026-02-04 10:02:31,643	DiskBatteryR	T_pdb_server     	[INFO ]	Writing to registry: battery 000000000000 uAH: 943511239
2026-02-04 10:02:31,643	DiskBatteryR	T_pdb_server     	[INFO ]	Writing to registry: battery 032225d763ff uAH: 190971
2026-02-04 10:02:31,643	BMS Server  	T_pdb_server     	[DEBUG]	Target = Full
2026-02-04 10:02:31,671	PDB Server  	T_pdb_server     	[INFO ]	Sys Volts: 23969 Sys Amps: 1348
2026-02-04 10:02:31,671	PDB Server  	T_pdb_server     	[INFO ]	12V rail Volts: 11999 12V rail Amps: 586
2026-02-04 10:02:31,671	PDB Server  	T_pdb_server     	[INFO ]	Energy[Joules]: 225249
2026-02-04 10:02:31,672	PDB Server  	T_pdb_server     	[INFO ]	Average Power: 93.4141
2026-02-04 10:02:31,672	PDB Server  	T_pdb_server     	[INFO ]	Sys Volts average: 23934.6
2026-02-04 10:02:31,672	PDB Server  	T_pdb_server     	[INFO ]	mah from ltc4282 2614.18
2026-02-04 10:02:31,761	BMS Server  	T_9BmsServer     	[DEBUG]	Battery temp -1
2026-02-04 10:02:36,797	DiskBatteryR	T_pdb_server     	[INFO ]	Writing to registry: battery 000000000000 uAH: 943513176
2026-02-04 10:02:36,797	DiskBatteryR	T_pdb_server     	[INFO ]	Writing to registry: battery 032225d763ff uAH: 190971
2026-02-04 10:02:36,797	BMS Server  	T_pdb_server     	[DEBUG]	Target = Full
2026-02-04 10:02:36,824	PDB Server  	T_pdb_server     	[INFO ]	Sys Volts: 23969 Sys Amps: 1348
2026-02-04 10:02:36,825	PDB Server  	T_pdb_server     	[INFO ]	12V rail Volts: 11998 12V rail Amps: 583
2026-02-04 10:02:36,825	PDB Server  	T_pdb_server     	[INFO ]	Energy[Joules]: 225416
2026-02-04 10:02:36,825	PDB Server  	T_pdb_server     	[INFO ]	Average Power: 93.2832
2026-02-04 10:02:36,825	PDB Server  	T_pdb_server     	[INFO ]	Sys Volts average: 23934.6
2026-02-04 10:02:36,825	PDB Server  	T_pdb_server     	[INFO ]	mah from ltc4282 2616.11
2026-02-04 10:02:37,081	BMS Server  	T_9BmsServer     	[DEBUG]	Battery temp -1
2026-02-04 10:02:41,073	BMS Server  	T_9BmsServer     	[DEBUG]	Battery temp -1
2026-02-04 10:02:41,952	PDB Server  	T_pdb_server     	[INFO ]	10 minutes passed, Reset the Power Monitor.
2026-02-04 10:02:42,995	PowerMonitor	T_pdb_server     	[DEBUG]	Initial voltage readings. Avg voltage: 23.9713 Max voltage: 23.9772 Min voltage: 23.9691 Var: 1.26996e-05 Standard Deviation: 0.00356365
2026-02-04 10:02:42,998	PowerMonitor	T_pdb_server     	[INFO ]	Initial voltage / est.fuel / mAH currently / mAH full (given age) 
23.9772V / 77 % / 14002 / 18185
2026-02-04 10:02:42,998	DiskBatteryR	T_pdb_server     	[INFO ]	Writing to registry: battery 000000000000 uAH: 943513176
2026-02-04 10:02:42,998	DiskBatteryR	T_pdb_server     	[INFO ]	Writing to registry: battery 032225d763ff uAH: 190971
2026-02-04 10:02:42,998	BMS Server  	T_pdb_server     	[DEBUG]	Target = Full
2026-02-04 10:02:43,025	PDB Server  	T_pdb_server     	[INFO ]	Sys Volts: 23969 Sys Amps: 1438
2026-02-04 10:02:43,025	PDB Server  	T_pdb_server     	[INFO ]	12V rail Volts: 11998 12V rail Amps: 585
2026-02-04 10:02:43,025	PDB Server  	T_pdb_server     	[INFO ]	Energy[Joules]: 225617
2026-02-04 10:02:43,026	PDB Server  	T_pdb_server     	[INFO ]	Average Power: 93.1288
2026-02-04 10:02:43,026	PDB Server  	T_pdb_server     	[INFO ]	Sys Volts average: 23934.7
2026-02-04 10:02:43,026	PDB Server  	T_pdb_server     	[INFO ]	mah from ltc4282 2618.43
2026-02-04 10:02:46,389	BMS Server  	T_9BmsServer     	[DEBUG]	Battery temp -1
2026-02-04 10:02:48,149	DiskBatteryR	T_pdb_server     	[INFO ]	Writing to registry: battery 000000000000 uAH: 943515116
2026-02-04 10:02:48,149	DiskBatteryR	T_pdb_server     	[INFO ]	Writing to registry: battery 032225d763ff uAH: 190971
2026-02-04 10:02:48,149	BMS Server  	T_pdb_server     	[DEBUG]	Target = Full
2026-02-04 10:02:48,178	PDB Server  	T_pdb_server     	[INFO ]	Sys Volts: 23969 Sys Amps: 1348
2026-02-04 10:02:48,178	PDB Server  	T_pdb_server     	[INFO ]	12V rail Volts: 11999 12V rail Amps: 579
2026-02-04 10:02:48,178	PDB Server  	T_pdb_server     	[INFO ]	Energy[Joules]: 225785
2026-02-04 10:02:48,178	PDB Server  	T_pdb_server     	[INFO ]	Average Power: 92.9995
2026-02-04 10:02:48,178	PDB Server  	T_pdb_server     	[INFO ]	Sys Volts average: 23934.8
2026-02-04 10:02:48,178	PDB Server  	T_pdb_server     	[INFO ]	mah from ltc4282 2620.37
2026-02-04 10:02:50,377	BMS Server  	T_9BmsServer     	[DEBUG]	Battery temp -1
2026-02-04 10:02:53,302	DiskBatteryR	T_pdb_server     	[INFO ]	Writing to registry: battery 000000000000 uAH: 943517060
2026-02-04 10:02:53,302	DiskBatteryR	T_pdb_server     	[INFO ]	Writing to registry: battery 032225d763ff uAH: 190971
2026-02-04 10:02:53,302	BMS Server  	T_pdb_server     	[DEBUG]	Target = Full
2026-02-04 10:02:53,328	PDB Server  	T_pdb_server     	[INFO ]	Sys Volts: 23969 Sys Amps: 1348
2026-02-04 10:02:53,329	PDB Server  	T_pdb_server     	[INFO ]	12V rail Volts: 11998 12V rail Amps: 573
2026-02-04 10:02:53,329	PDB Server  	T_pdb_server     	[INFO ]	Energy[Joules]: 225951
2026-02-04 10:02:53,329	PDB Server  	T_pdb_server     	[INFO ]	Average Power: 92.8723
2026-02-04 10:02:53,329	PDB Server  	T_pdb_server     	[INFO ]	Sys Volts average: 23934.9
2026-02-04 10:02:53,329	PDB Server  	T_pdb_server     	[INFO ]	mah from ltc4282 2622.29
2026-02-04 10:02:55,705	BMS Server  	T_9BmsServer     	[DEBUG]	Battery temp -1
2026-02-04 10:02:58,454	DiskBatteryR	T_pdb_server     	[INFO ]	Writing to registry: battery 000000000000 uAH: 943519028
2026-02-04 10:02:58,454	DiskBatteryR	T_pdb_server     	[INFO ]	Writing to registry: battery 032225d763ff uAH: 190971
2026-02-04 10:02:58,454	BMS Server  	T_pdb_server     	[DEBUG]	Target = Full
2026-02-04 10:02:58,484	PDB Server  	T_pdb_server     	[INFO ]	Sys Volts: 23969 Sys Amps: 1348
2026-02-04 10:02:58,484	PDB Server  	T_pdb_server     	[INFO ]	12V rail Volts: 11998 12V rail Amps: 585
2026-02-04 10:02:58,484	PDB Server  	T_pdb_server     	[INFO ]	Energy[Joules]: 226121
2026-02-04 10:02:58,486	PDB Server  	T_pdb_server     	[INFO ]	Average Power: 92.7449
2026-02-04 10:02:58,486	PDB Server  	T_pdb_server     	[INFO ]	Sys Volts average: 23934.9
2026-02-04 10:02:58,487	PDB Server  	T_pdb_server     	[INFO ]	mah from ltc4282 2624.26
2026-02-04 10:02:59,697	BMS Server  	T_9BmsServer     	[DEBUG]	Battery temp -1
2026-02-04 10:03:03,612	DiskBatteryR	T_pdb_server     	[INFO ]	Writing to registry: battery 000000000000 uAH: 943520983
2026-02-04 10:03:03,612	DiskBatteryR	T_pdb_server     	[INFO ]	Writing to registry: battery 032225d763ff uAH: 190971
2026-02-04 10:03:03,612	BMS Server  	T_pdb_server     	[DEBUG]	Target = Full
2026-02-04 10:03:03,641	PDB Server  	T_pdb_server     	[INFO ]	Sys Volts: 23969 Sys Amps: 1348
2026-02-04 10:03:03,641	PDB Server  	T_pdb_server     	[INFO ]	12V rail Volts: 11998 12V rail Amps: 585
2026-02-04 10:03:03,641	PDB Server  	T_pdb_server     	[INFO ]	Energy[Joules]: 226290
2026-02-04 10:03:03,641	PDB Server  	T_pdb_server     	[INFO ]	Average Power: 92.6176
2026-02-04 10:03:03,641	PDB Server  	T_pdb_server     	[INFO ]	Sys Volts average: 23935
2026-02-04 10:03:03,641	PDB Server  	T_pdb_server     	[INFO ]	mah from ltc4282 2626.21
2026-02-04 10:03:05,021	BMS Server  	T_9BmsServer     	[DEBUG]	Battery temp -1
2026-02-04 10:03:08,766	DiskBatteryR	T_pdb_server     	[INFO ]	Writing to registry: battery 000000000000 uAH: 943522937
2026-02-04 10:03:08,768	DiskBatteryR	T_pdb_server     	[INFO ]	Writing to registry: battery 032225d763ff uAH: 190971
2026-02-04 10:03:08,768	BMS Server  	T_pdb_server     	[DEBUG]	Target = Full
2026-02-04 10:03:08,800	PDB Server  	T_pdb_server     	[INFO ]	Sys Volts: 23969 Sys Amps: 1348
2026-02-04 10:03:08,801	PDB Server  	T_pdb_server     	[INFO ]	12V rail Volts: 11998 12V rail Amps: 582
2026-02-04 10:03:08,801	PDB Server  	T_pdb_server     	[INFO ]	Energy[Joules]: 226457
2026-02-04 10:03:08,801	PDB Server  	T_pdb_server     	[INFO ]	Average Power: 92.4925
2026-02-04 10:03:08,801	PDB Server  	T_pdb_server     	[INFO ]	Sys Volts average: 23935.1
2026-02-04 10:03:08,801	PDB Server  	T_pdb_server     	[INFO ]	mah from ltc4282 2628.14
2026-02-04 10:03:09,009	BMS Server  	T_9BmsServer     	[DEBUG]	Battery temp -1
2026-02-04 10:03:13,005	BMS Server  	T_9BmsServer     	[DEBUG]	Battery temp -1
2026-02-04 10:03:13,926	DiskBatteryR	T_pdb_server     	[INFO ]	Writing to registry: battery 000000000000 uAH: 943524896
2026-02-04 10:03:13,926	DiskBatteryR	T_pdb_server     	[INFO ]	Writing to registry: battery 032225d763ff uAH: 190971
2026-02-04 10:03:13,926	BMS Server  	T_pdb_server     	[DEBUG]	Target = Full
2026-02-04 10:03:13,956	PDB Server  	T_pdb_server     	[INFO ]	Sys Volts: 23969 Sys Amps: 1348
2026-02-04 10:03:13,957	PDB Server  	T_pdb_server     	[INFO ]	12V rail Volts: 11998 12V rail Amps: 581
2026-02-04 10:03:13,957	PDB Server  	T_pdb_server     	[INFO ]	Energy[Joules]: 226627
2026-02-04 10:03:13,957	PDB Server  	T_pdb_server     	[INFO ]	Average Power: 92.3664
2026-02-04 10:03:13,957	PDB Server  	T_pdb_server     	[INFO ]	Sys Volts average: 23935.2
2026-02-04 10:03:13,957	PDB Server  	T_pdb_server     	[INFO ]	mah from ltc4282 2630.1
2026-02-04 10:03:18,333	BMS Server  	T_9BmsServer     	[DEBUG]	Battery temp -1
2026-02-04 10:03:19,084	DiskBatteryR	T_pdb_server     	[INFO ]	Writing to registry: battery 000000000000 uAH: 943526854
2026-02-04 10:03:19,084	DiskBatteryR	T_pdb_server     	[INFO ]	Writing to registry: battery 032225d763ff uAH: 190971
2026-02-04 10:03:19,084	BMS Server  	T_pdb_server     	[DEBUG]	Target = Full
2026-02-04 10:03:19,111	PDB Server  	T_pdb_server     	[INFO ]	Sys Volts: 23977 Sys Amps: 1348
2026-02-04 10:03:19,111	PDB Server  	T_pdb_server     	[INFO ]	12V rail Volts: 11998 12V rail Amps: 567
2026-02-04 10:03:19,111	PDB Server  	T_pdb_server     	[INFO ]	Energy[Joules]: 226796
2026-02-04 10:03:19,112	PDB Server  	T_pdb_server     	[INFO ]	Average Power: 92.2408
2026-02-04 10:03:19,112	PDB Server  	T_pdb_server     	[INFO ]	Sys Volts average: 23935.2
2026-02-04 10:03:19,112	PDB Server  	T_pdb_server     	[INFO ]	mah from ltc4282 2632.06
2026-02-04 10:03:22,317	BMS Server  	T_9BmsServer     	[DEBUG]	Battery temp -1
2026-02-04 10:03:24,235	DiskBatteryR	T_pdb_server     	[INFO ]	Writing to registry: battery 000000000000 uAH: 943528823
2026-02-04 10:03:24,235	DiskBatteryR	T_pdb_server     	[INFO ]	Writing to registry: battery 032225d763ff uAH: 190971
2026-02-04 10:03:24,235	BMS Server  	T_pdb_server     	[DEBUG]	Target = Full
2026-02-04 10:03:24,263	PDB Server  	T_pdb_server     	[INFO ]	Sys Volts: 23969 Sys Amps: 1348
2026-02-04 10:03:24,263	PDB Server  	T_pdb_server     	[INFO ]	12V rail Volts: 11998 12V rail Amps: 576
2026-02-04 10:03:24,263	PDB Server  	T_pdb_server     	[INFO ]	Energy[Joules]: 226964
2026-02-04 10:03:24,264	PDB Server  	T_pdb_server     	[INFO ]	Average Power: 92.1176
2026-02-04 10:03:24,264	PDB Server  	T_pdb_server     	[INFO ]	Sys Volts average: 23935.3
2026-02-04 10:03:24,264	PDB Server  	T_pdb_server     	[INFO ]	mah from ltc4282 2634
2026-02-04 10:03:27,633	BMS Server  	T_9BmsServer     	[DEBUG]	Battery temp -1
2026-02-04 10:03:29,386	DiskBatteryR	T_pdb_server     	[INFO ]	Writing to registry: battery 000000000000 uAH: 943530780
2026-02-04 10:03:29,386	DiskBatteryR	T_pdb_server     	[INFO ]	Writing to registry: battery 032225d763ff uAH: 190971
2026-02-04 10:03:29,386	BMS Server  	T_pdb_server     	[DEBUG]	Target = Full
2026-02-04 10:03:29,416	PDB Server  	T_pdb_server     	[INFO ]	Sys Volts: 23977 Sys Amps: 1348
2026-02-04 10:03:29,416	PDB Server  	T_pdb_server     	[INFO ]	12V rail Volts: 11998 12V rail Amps: 583
2026-02-04 10:03:29,416	PDB Server  	T_pdb_server     	[INFO ]	Energy[Joules]: 227134
2026-02-04 10:03:29,416	PDB Server  	T_pdb_server     	[INFO ]	Average Power: 91.9931
2026-02-04 10:03:29,416	PDB Server  	T_pdb_server     	[INFO ]	Sys Volts average: 23935.4
2026-02-04 10:03:29,416	PDB Server  	T_pdb_server     	[INFO ]	mah from ltc4282 2635.96
2026-02-04 10:03:31,621	BMS Server  	T_9BmsServer     	[DEBUG]	Battery temp -1
2026-02-04 10:03:34,542	DiskBatteryR	T_pdb_server     	[INFO ]	Writing to registry: battery 000000000000 uAH: 943532741
2026-02-04 10:03:34,542	DiskBatteryR	T_pdb_server     	[INFO ]	Writing to registry: battery 032225d763ff uAH: 190971
2026-02-04 10:03:34,542	BMS Server  	T_pdb_server     	[DEBUG]	Target = Full
2026-02-04 10:03:34,571	PDB Server  	T_pdb_server     	[INFO ]	Sys Volts: 23969 Sys Amps: 1348
2026-02-04 10:03:34,571	PDB Server  	T_pdb_server     	[INFO ]	12V rail Volts: 11998 12V rail Amps: 576
2026-02-04 10:03:34,571	PDB Server  	T_pdb_server     	[INFO ]	Energy[Joules]: 227303
2026-02-04 10:03:34,572	PDB Server  	T_pdb_server     	[INFO ]	Average Power: 91.8691
2026-02-04 10:03:34,572	PDB Server  	T_pdb_server     	[INFO ]	Sys Volts average: 23935.5
2026-02-04 10:03:34,572	PDB Server  	T_pdb_server     	[INFO ]	mah from ltc4282 2637.92
2026-02-04 10:03:36,937	BMS Server  	T_9BmsServer     	[DEBUG]	Battery temp -1
2026-02-04 10:03:39,698	DiskBatteryR	T_pdb_server     	[INFO ]	Writing to registry: battery 000000000000 uAH: 943534698
2026-02-04 10:03:39,698	DiskBatteryR	T_pdb_server     	[INFO ]	Writing to registry: battery 032225d763ff uAH: 190971
2026-02-04 10:03:39,698	BMS Server  	T_pdb_server     	[DEBUG]	Target = Full
2026-02-04 10:03:39,727	PDB Server  	T_pdb_server     	[INFO ]	Sys Volts: 23969 Sys Amps: 1348
2026-02-04 10:03:39,727	PDB Server  	T_pdb_server     	[INFO ]	12V rail Volts: 11998 12V rail Amps: 577
2026-02-04 10:03:39,727	PDB Server  	T_pdb_server     	[INFO ]	Energy[Joules]: 227471
2026-02-04 10:03:39,728	PDB Server  	T_pdb_server     	[INFO ]	Average Power: 91.7472
2026-02-04 10:03:39,728	PDB Server  	T_pdb_server     	[INFO ]	Sys Volts average: 23935.5
2026-02-04 10:03:39,728	PDB Server  	T_pdb_server     	[INFO ]	mah from ltc4282 2639.85
2026-02-04 10:03:40,925	BMS Server  	T_9BmsServer     	[DEBUG]	Battery temp -1
2026-02-04 10:03:44,854	DiskBatteryR	T_pdb_server     	[INFO ]	Writing to registry: battery 000000000000 uAH: 943567196
2026-02-04 10:03:44,854	DiskBatteryR	T_pdb_server     	[INFO ]	Writing to registry: battery 032225d763ff uAH: 190971
2026-02-04 10:03:44,854	BMS Server  	T_pdb_server     	[DEBUG]	Target = Full
2026-02-04 10:03:44,884	PDB Server  	T_pdb_server     	[INFO ]	Sys Volts: 23424 Sys Amps: 39906
2026-02-04 10:03:44,884	PDB Server  	T_pdb_server     	[INFO ]	12V rail Volts: 11998 12V rail Amps: 581
2026-02-04 10:03:44,884	PDB Server  	T_pdb_server     	[INFO ]	Energy[Joules]: 230266
2026-02-04 10:03:44,884	PDB Server  	T_pdb_server     	[INFO ]	Average Power: 92.6813
2026-02-04 10:03:44,885	PDB Server  	T_pdb_server     	[INFO ]	Sys Volts average: 23934.8
2026-02-04 10:03:44,885	PDB Server  	T_pdb_server     	[INFO ]	mah from ltc4282 2672.38
2026-02-04 10:03:46,241	BMS Server  	T_9BmsServer     	[DEBUG]	Battery temp -1
2026-02-04 10:03:50,008	DiskBatteryR	T_pdb_server     	[INFO ]	Writing to registry: battery 000000000000 uAH: 943624094
2026-02-04 10:03:50,008	DiskBatteryR	T_pdb_server     	[INFO ]	Writing to registry: battery 032225d763ff uAH: 190971
2026-02-04 10:03:50,009	BMS Server  	T_pdb_server     	[DEBUG]	Target = Full
2026-02-04 10:03:50,037	PDB Server  	T_pdb_server     	[INFO ]	Sys Volts: 23424 Sys Amps: 39725
2026-02-04 10:03:50,037	PDB Server  	T_pdb_server     	[INFO ]	12V rail Volts: 11998 12V rail Amps: 576
2026-02-04 10:03:50,037	PDB Server  	T_pdb_server     	[INFO ]	Energy[Joules]: 235078
2026-02-04 10:03:50,037	PDB Server  	T_pdb_server     	[INFO ]	Average Power: 94.421
2026-02-04 10:03:50,037	PDB Server  	T_pdb_server     	[INFO ]	Sys Volts average: 23933.8
2026-02-04 10:03:50,037	PDB Server  	T_pdb_server     	[INFO ]	mah from ltc4282 2728.34
2026-02-04 10:03:50,233	BMS Server  	T_9BmsServer     	[DEBUG]	Battery temp -1
2026-02-04 10:03:55,164	DiskBatteryR	T_pdb_server     	[INFO ]	Writing to registry: battery 000000000000 uAH: 943681006
2026-02-04 10:03:55,164	DiskBatteryR	T_pdb_server     	[INFO ]	Writing to registry: battery 032225d763ff uAH: 190971
2026-02-04 10:03:55,164	BMS Server  	T_pdb_server     	[DEBUG]	Target = Full
2026-02-04 10:03:55,192	PDB Server  	T_pdb_server     	[INFO ]	Sys Volts: 23424 Sys Amps: 39723
2026-02-04 10:03:55,192	PDB Server  	T_pdb_server     	[INFO ]	12V rail Volts: 11998 12V rail Amps: 585
2026-02-04 10:03:55,192	PDB Server  	T_pdb_server     	[INFO ]	Energy[Joules]: 239821
2026-02-04 10:03:55,192	PDB Server  	T_pdb_server     	[INFO ]	Average Power: 96.1289
2026-02-04 10:03:55,192	PDB Server  	T_pdb_server     	[INFO ]	Sys Volts average: 23932.7
2026-02-04 10:03:55,192	PDB Server  	T_pdb_server     	[INFO ]	mah from ltc4282 2783.51
2026-02-04 10:03:55,553	BMS Server  	T_9BmsServer     	[DEBUG]	Battery temp -1
2026-02-04 10:03:59,545	BMS Server  	T_9BmsServer     	[DEBUG]	Battery temp -1
2026-02-04 10:04:00,320	DiskBatteryR	T_pdb_server     	[INFO ]	Writing to registry: battery 000000000000 uAH: 943737545
2026-02-04 10:04:00,320	DiskBatteryR	T_pdb_server     	[INFO ]	Writing to registry: battery 032225d763ff uAH: 190971
2026-02-04 10:04:00,320	BMS Server  	T_pdb_server     	[DEBUG]	Target = Full
2026-02-04 10:04:00,347	PDB Server  	T_pdb_server     	[INFO ]	Sys Volts: 23424 Sys Amps: 39634
2026-02-04 10:04:00,348	PDB Server  	T_pdb_server     	[INFO ]	12V rail Volts: 11998 12V rail Amps: 582
2026-02-04 10:04:00,348	PDB Server  	T_pdb_server     	[INFO ]	Energy[Joules]: 244602
2026-02-04 10:04:00,348	PDB Server  	T_pdb_server     	[INFO ]	Average Power: 97.8421
2026-02-04 10:04:00,348	PDB Server  	T_pdb_server     	[INFO ]	Sys Volts average: 23931.7
2026-02-04 10:04:00,348	PDB Server  	T_pdb_server     	[INFO ]	mah from ltc4282 2839.12
2026-02-04 10:04:04,865	BMS Server  	T_9BmsServer     	[DEBUG]	Battery temp -1
2026-02-04 10:04:05,482	DiskBatteryR	T_pdb_server     	[INFO ]	Writing to registry: battery 000000000000 uAH: 943794320
2026-02-04 10:04:05,482	DiskBatteryR	T_pdb_server     	[INFO ]	Writing to registry: battery 032225d763ff uAH: 190971
2026-02-04 10:04:05,482	BMS Server  	T_pdb_server     	[DEBUG]	Target = Full
2026-02-04 10:04:05,511	PDB Server  	T_pdb_server     	[INFO ]	Sys Volts: 23432 Sys Amps: 39277
2026-02-04 10:04:05,511	PDB Server  	T_pdb_server     	[INFO ]	12V rail Volts: 11998 12V rail Amps: 580
2026-02-04 10:04:05,511	PDB Server  	T_pdb_server     	[INFO ]	Energy[Joules]: 249394
2026-02-04 10:04:05,511	PDB Server  	T_pdb_server     	[INFO ]	Average Power: 99.553
2026-02-04 10:04:05,511	PDB Server  	T_pdb_server     	[INFO ]	Sys Volts average: 23930.6
2026-02-04 10:04:05,511	PDB Server  	T_pdb_server     	[INFO ]	mah from ltc4282 2894.88
2026-02-04 10:04:08,849	BMS Server  	T_9BmsServer     	[DEBUG]	Battery temp -1
2026-02-04 10:04:10,635	DiskBatteryR	T_pdb_server     	[INFO ]	Writing to registry: battery 000000000000 uAH: 943850845
2026-02-04 10:04:10,635	DiskBatteryR	T_pdb_server     	[INFO ]	Writing to registry: battery 032225d763ff uAH: 190971
2026-02-04 10:04:10,636	BMS Server  	T_pdb_server     	[DEBUG]	Target = Full
2026-02-04 10:04:10,667	PDB Server  	T_pdb_server     	[INFO ]	Sys Volts: 23432 Sys Amps: 39546
2026-02-04 10:04:10,667	PDB Server  	T_pdb_server     	[INFO ]	12V rail Volts: 11998 12V rail Amps: 585
2026-02-04 10:04:10,668	PDB Server  	T_pdb_server     	[INFO ]	Energy[Joules]: 254120
2026-02-04 10:04:10,668	PDB Server  	T_pdb_server     	[INFO ]	Average Power: 101.233
2026-02-04 10:04:10,668	PDB Server  	T_pdb_server     	[INFO ]	Sys Volts average: 23929.6
2026-02-04 10:04:10,668	PDB Server  	T_pdb_server     	[INFO ]	mah from ltc4282 2949.86
2026-02-04 10:04:12,845	BMS Server  	T_9BmsServer     	[DEBUG]	Battery temp -1
2026-02-04 10:04:15,796	FlightTime  	T_pdb_server     	[INFO ]	flight_time 110898 current_run 139 seconds
2026-02-04 10:04:15,797	DiskBatteryR	T_pdb_server     	[INFO ]	Writing to registry: battery 000000000000 uAH: 943907704
2026-02-04 10:04:15,797	DiskBatteryR	T_pdb_server     	[INFO ]	Writing to registry: battery 032225d763ff uAH: 190971
2026-02-04 10:04:15,797	BMS Server  	T_pdb_server     	[DEBUG]	Target = Full
2026-02-04 10:04:15,824	PDB Server  	T_pdb_server     	[INFO ]	Sys Volts: 23424 Sys Amps: 40000
2026-02-04 10:04:15,824	PDB Server  	T_pdb_server     	[INFO ]	12V rail Volts: 11998 12V rail Amps: 584
2026-02-04 10:04:15,824	PDB Server  	T_pdb_server     	[INFO ]	Energy[Joules]: 258917
2026-02-04 10:04:15,824	PDB Server  	T_pdb_server     	[INFO ]	Average Power: 102.932
2026-02-04 10:04:15,824	PDB Server  	T_pdb_server     	[INFO ]	Sys Volts average: 23928.6
2026-02-04 10:04:15,824	PDB Server  	T_pdb_server     	[INFO ]	mah from ltc4282 3005.67
2026-02-04 10:04:18,177	BMS Server  	T_9BmsServer     	[DEBUG]	Battery temp -1
2026-02-04 10:04:20,950	DiskBatteryR	T_pdb_server     	[INFO ]	Writing to registry: battery 000000000000 uAH: 943964547
2026-02-04 10:04:20,950	DiskBatteryR	T_pdb_server     	[INFO ]	Writing to registry: battery 032225d763ff uAH: 190971
2026-02-04 10:04:20,950	BMS Server  	T_pdb_server     	[DEBUG]	Target = Full
2026-02-04 10:04:20,977	PDB Server  	T_pdb_server     	[INFO ]	Sys Volts: 23432 Sys Amps: 39459
2026-02-04 10:04:20,978	PDB Server  	T_pdb_server     	[INFO ]	12V rail Volts: 11999 12V rail Amps: 581
2026-02-04 10:04:20,978	PDB Server  	T_pdb_server     	[INFO ]	Energy[Joules]: 263731
2026-02-04 10:04:20,978	PDB Server  	T_pdb_server     	[INFO ]	Average Power: 104.63
2026-02-04 10:04:20,978	PDB Server  	T_pdb_server     	[INFO ]	Sys Volts average: 23927.5
2026-02-04 10:04:20,978	PDB Server  	T_pdb_server     	[INFO ]	mah from ltc4282 3061.69
2026-02-04 10:04:22,177	BMS Server  	T_9BmsServer     	[DEBUG]	Battery temp -1
2026-02-04 10:04:26,103	DiskBatteryR	T_pdb_server     	[INFO ]	Writing to registry: battery 000000000000 uAH: 944021268
2026-02-04 10:04:26,103	DiskBatteryR	T_pdb_server     	[INFO ]	Writing to registry: battery 032225d763ff uAH: 190971
2026-02-04 10:04:26,103	BMS Server  	T_pdb_server     	[DEBUG]	Target = Full
2026-02-04 10:04:26,131	PDB Server  	T_pdb_server     	[INFO ]	Sys Volts: 23432 Sys Amps: 39553
2026-02-04 10:04:26,132	PDB Server  	T_pdb_server     	[INFO ]	12V rail Volts: 11999 12V rail Amps: 571
2026-02-04 10:04:26,132	PDB Server  	T_pdb_server     	[INFO ]	Energy[Joules]: 268465
2026-02-04 10:04:26,132	PDB Server  	T_pdb_server     	[INFO ]	Average Power: 106.293
2026-02-04 10:04:26,132	PDB Server  	T_pdb_server     	[INFO ]	Sys Volts average: 23926.5
2026-02-04 10:04:26,132	PDB Server  	T_pdb_server     	[INFO ]	mah from ltc4282 3116.78
2026-02-04 10:04:27,497	BMS Server  	T_9BmsServer     	[DEBUG]	Battery temp -1
2026-02-04 10:04:31,257	DiskBatteryR	T_pdb_server     	[INFO ]	Writing to registry: battery 000000000000 uAH: 944078040
2026-02-04 10:04:31,257	DiskBatteryR	T_pdb_server     	[INFO ]	Writing to registry: battery 032225d763ff uAH: 190971
2026-02-04 10:04:31,257	BMS Server  	T_pdb_server     	[DEBUG]	Target = Full
2026-02-04 10:04:31,285	PDB Server  	T_pdb_server     	[INFO ]	Sys Volts: 23432 Sys Amps: 39463
2026-02-04 10:04:31,285	PDB Server  	T_pdb_server     	[INFO ]	12V rail Volts: 11999 12V rail Amps: 583
2026-02-04 10:04:31,285	PDB Server  	T_pdb_server     	[INFO ]	Energy[Joules]: 273270
2026-02-04 10:04:31,285	PDB Server  	T_pdb_server     	[INFO ]	Average Power: 107.974
2026-02-04 10:04:31,286	PDB Server  	T_pdb_server     	[INFO ]	Sys Volts average: 23925.5
2026-02-04 10:04:31,286	PDB Server  	T_pdb_server     	[INFO ]	mah from ltc4282 3172.7
2026-02-04 10:04:31,485	BMS Server  	T_9BmsServer     	[DEBUG]	Battery temp -1
2026-02-04 10:04:36,411	DiskBatteryR	T_pdb_server     	[INFO ]	Writing to registry: battery 000000000000 uAH: 944134738
2026-02-04 10:04:36,412	DiskBatteryR	T_pdb_server     	[INFO ]	Writing to registry: battery 032225d763ff uAH: 190971
2026-02-04 10:04:36,412	BMS Server  	T_pdb_server     	[DEBUG]	Target = Full
2026-02-04 10:04:36,441	PDB Server  	T_pdb_server     	[INFO ]	Sys Volts: 23424 Sys Amps: 39915
2026-02-04 10:04:36,441	PDB Server  	T_pdb_server     	[INFO ]	12V rail Volts: 11999 12V rail Amps: 588
2026-02-04 10:04:36,441	PDB Server  	T_pdb_server     	[INFO ]	Energy[Joules]: 278062
2026-02-04 10:04:36,442	PDB Server  	T_pdb_server     	[INFO ]	Average Power: 109.643
2026-02-04 10:04:36,442	PDB Server  	T_pdb_server     	[INFO ]	Sys Volts average: 23924.5
2026-02-04 10:04:36,442	PDB Server  	T_pdb_server     	[INFO ]	mah from ltc4282 3228.47
2026-02-04 10:04:36,817	BMS Server  	T_9BmsServer     	[DEBUG]	Battery temp -1
2026-02-04 10:04:40,809	BMS Server  	T_9BmsServer     	[DEBUG]	Battery temp -1
2026-02-04 10:04:41,570	DiskBatteryR	T_pdb_server     	[INFO ]	Writing to registry: battery 000000000000 uAH: 944210687
2026-02-04 10:04:41,570	DiskBatteryR	T_pdb_server     	[INFO ]	Writing to registry: battery 032225d763ff uAH: 190971
2026-02-04 10:04:41,570	BMS Server  	T_pdb_server     	[DEBUG]	Target = Full
2026-02-04 10:04:41,599	PDB Server  	T_pdb_server     	[INFO ]	Sys Volts: 21929 Sys Amps: 145909
2026-02-04 10:04:41,599	PDB Server  	T_pdb_server     	[INFO ]	12V rail Volts: 11999 12V rail Amps: 580
2026-02-04 10:04:41,599	PDB Server  	T_pdb_server     	[INFO ]	Energy[Joules]: 284325
2026-02-04 10:04:41,599	PDB Server  	T_pdb_server     	[INFO ]	Average Power: 111.887
2026-02-04 10:04:41,599	PDB Server  	T_pdb_server     	[INFO ]	Sys Volts average: 23922.8
2026-02-04 10:04:41,599	PDB Server  	T_pdb_server     	[INFO ]	mah from ltc4282 3301.42
2026-02-04 10:04:46,128	BMS Server  	T_9BmsServer     	[DEBUG]	Battery temp -1
2026-02-04 10:04:46,224	FlightTime  	T_pdb_server     	[INFO ]	flight_time 110929 current_run 170 seconds
2026-02-04 10:04:46,727	DiskBatteryR	T_pdb_server     	[INFO ]	Writing to registry: battery 000000000000 uAH: 944418483
2026-02-04 10:04:46,727	DiskBatteryR	T_pdb_server     	[INFO ]	Writing to registry: battery 032225d763ff uAH: 190971
2026-02-04 10:04:46,727	BMS Server  	T_pdb_server     	[DEBUG]	Target = Full
2026-02-04 10:04:46,757	PDB Server  	T_pdb_server     	[INFO ]	Sys Volts: 21897 Sys Amps: 144042
2026-02-04 10:04:46,757	PDB Server  	T_pdb_server     	[INFO ]	12V rail Volts: 11999 12V rail Amps: 583
2026-02-04 10:04:46,757	PDB Server  	T_pdb_server     	[INFO ]	Energy[Joules]: 300763
2026-02-04 10:04:46,757	PDB Server  	T_pdb_server     	[INFO ]	Average Power: 118.115
2026-02-04 10:04:46,757	PDB Server  	T_pdb_server     	[INFO ]	Sys Volts average: 23918.7
2026-02-04 10:04:46,757	PDB Server  	T_pdb_server     	[INFO ]	mah from ltc4282 3492.89
2026-02-04 10:04:50,113	BMS Server  	T_9BmsServer     	[DEBUG]	Battery temp -1
2026-02-04 10:04:51,887	DiskBatteryR	T_pdb_server     	[INFO ]	Writing to registry: battery 000000000000 uAH: 944624304
2026-02-04 10:04:51,887	DiskBatteryR	T_pdb_server     	[INFO ]	Writing to registry: battery 032225d763ff uAH: 190971
2026-02-04 10:04:51,887	BMS Server  	T_pdb_server     	[DEBUG]	Target = Full
2026-02-04 10:04:51,915	PDB Server  	T_pdb_server     	[INFO ]	Sys Volts: 21872 Sys Amps: 143155
2026-02-04 10:04:51,915	PDB Server  	T_pdb_server     	[INFO ]	12V rail Volts: 11999 12V rail Amps: 585
2026-02-04 10:04:51,915	PDB Server  	T_pdb_server     	[INFO ]	Energy[Joules]: 317042
2026-02-04 10:04:51,915	PDB Server  	T_pdb_server     	[INFO ]	Average Power: 124.255
2026-02-04 10:04:51,915	PDB Server  	T_pdb_server     	[INFO ]	Sys Volts average: 23914.6
2026-02-04 10:04:51,915	PDB Server  	T_pdb_server     	[INFO ]	mah from ltc4282 3682.58
2026-02-04 10:04:55,445	BMS Server  	T_9BmsServer     	[DEBUG]	Battery temp -1
2026-02-04 10:04:57,047	DiskBatteryR	T_pdb_server     	[INFO ]	Writing to registry: battery 000000000000 uAH: 944830245
2026-02-04 10:04:57,047	DiskBatteryR	T_pdb_server     	[INFO ]	Writing to registry: battery 032225d763ff uAH: 190971
2026-02-04 10:04:57,047	BMS Server  	T_pdb_server     	[DEBUG]	Target = Full
2026-02-04 10:04:57,075	PDB Server  	T_pdb_server     	[INFO ]	Sys Volts: 21832 Sys Amps: 143653
2026-02-04 10:04:57,075	PDB Server  	T_pdb_server     	[INFO ]	12V rail Volts: 11999 12V rail Amps: 597
2026-02-04 10:04:57,075	PDB Server  	T_pdb_server     	[INFO ]	Energy[Joules]: 333283
2026-02-04 10:04:57,076	PDB Server  	T_pdb_server     	[INFO ]	Average Power: 130.356
2026-02-04 10:04:57,076	PDB Server  	T_pdb_server     	[INFO ]	Sys Volts average: 23910.4
2026-02-04 10:04:57,076	PDB Server  	T_pdb_server     	[INFO ]	mah from ltc4282 3871.9
2026-02-04 10:04:59,433	BMS Server  	T_9BmsServer     	[DEBUG]	Battery temp -1
2026-02-04 10:05:02,199	DiskBatteryR	T_pdb_server     	[INFO ]	Writing to registry: battery 000000000000 uAH: 945033916
2026-02-04 10:05:02,199	DiskBatteryR	T_pdb_server     	[INFO ]	Writing to registry: battery 032225d763ff uAH: 190971
2026-02-04 10:05:02,199	BMS Server  	T_pdb_server     	[DEBUG]	Target = Full
2026-02-04 10:05:02,228	PDB Server  	T_pdb_server     	[INFO ]	Sys Volts: 21807 Sys Amps: 142559
2026-02-04 10:05:02,228	PDB Server  	T_pdb_server     	[INFO ]	12V rail Volts: 11998 12V rail Amps: 595
2026-02-04 10:05:02,229	PDB Server  	T_pdb_server     	[INFO ]	Energy[Joules]: 349206
2026-02-04 10:05:02,229	PDB Server  	T_pdb_server     	[INFO ]	Average Power: 136.311
2026-02-04 10:05:02,229	PDB Server  	T_pdb_server     	[INFO ]	Sys Volts average: 23906.2
2026-02-04 10:05:02,229	PDB Server  	T_pdb_server     	[INFO ]	mah from ltc4282 4057.59
2026-02-04 10:05:04,765	BMS Server  	T_9BmsServer     	[DEBUG]	Battery temp -1
2026-02-04 10:05:07,355	DiskBatteryR	T_pdb_server     	[INFO ]	Writing to registry: battery 000000000000 uAH: 945237344
2026-02-04 10:05:07,355	DiskBatteryR	T_pdb_server     	[INFO ]	Writing to registry: battery 032225d763ff uAH: 190971
2026-02-04 10:05:07,355	BMS Server  	T_pdb_server     	[DEBUG]	Target = Full
2026-02-04 10:05:07,383	PDB Server  	T_pdb_server     	[INFO ]	Sys Volts: 21799 Sys Amps: 141759
2026-02-04 10:05:07,383	PDB Server  	T_pdb_server     	[INFO ]	12V rail Volts: 11998 12V rail Amps: 588
2026-02-04 10:05:07,383	PDB Server  	T_pdb_server     	[INFO ]	Energy[Joules]: 365277
2026-02-04 10:05:07,384	PDB Server  	T_pdb_server     	[INFO ]	Average Power: 142.297
2026-02-04 10:05:07,384	PDB Server  	T_pdb_server     	[INFO ]	Sys Volts average: 23901.9
2026-02-04 10:05:07,384	PDB Server  	T_pdb_server     	[INFO ]	mah from ltc4282 4245.09
2026-02-04 10:05:08,749	BMS Server  	T_9BmsServer     	[DEBUG]	Battery temp -1
2026-02-04 10:05:12,512	DiskBatteryR	T_pdb_server     	[INFO ]	Writing to registry: battery 000000000000 uAH: 945440223
2026-02-04 10:05:12,512	DiskBatteryR	T_pdb_server     	[INFO ]	Writing to registry: battery 032225d763ff uAH: 190971
2026-02-04 10:05:12,512	BMS Server  	T_pdb_server     	[DEBUG]	Target = Full
2026-02-04 10:05:12,540	PDB Server  	T_pdb_server     	[INFO ]	Sys Volts: 21791 Sys Amps: 140967
2026-02-04 10:05:12,540	PDB Server  	T_pdb_server     	[INFO ]	12V rail Volts: 11998 12V rail Amps: 593
2026-02-04 10:05:12,540	PDB Server  	T_pdb_server     	[INFO ]	Energy[Joules]: 381287
2026-02-04 10:05:12,541	PDB Server  	T_pdb_server     	[INFO ]	Average Power: 148.235
2026-02-04 10:05:12,541	PDB Server  	T_pdb_server     	[INFO ]	Sys Volts average: 23897.7
2026-02-04 10:05:12,541	PDB Server  	T_pdb_server     	[INFO ]	mah from ltc4282 4431.93
2026-02-04 10:05:12,737	BMS Server  	T_9BmsServer     	[DEBUG]	Battery temp -1
2026-02-04 10:05:16,639	FlightTime  	T_pdb_server     	[INFO ]	flight_time 110959 current_run 200 seconds
2026-02-04 10:05:17,671	DiskBatteryR	T_pdb_server     	[INFO ]	Writing to registry: battery 000000000000 uAH: 945641635
2026-02-04 10:05:17,671	DiskBatteryR	T_pdb_server     	[INFO ]	Writing to registry: battery 032225d763ff uAH: 190971
2026-02-04 10:05:17,671	BMS Server  	T_pdb_server     	[DEBUG]	Target = Full
2026-02-04 10:05:17,698	PDB Server  	T_pdb_server     	[INFO ]	Sys Volts: 21767 Sys Amps: 140648
2026-02-04 10:05:17,698	PDB Server  	T_pdb_server     	[INFO ]	12V rail Volts: 11998 12V rail Amps: 604
2026-02-04 10:05:17,698	PDB Server  	T_pdb_server     	[INFO ]	Energy[Joules]: 396998
2026-02-04 10:05:17,699	PDB Server  	T_pdb_server     	[INFO ]	Average Power: 154.037
2026-02-04 10:05:17,699	PDB Server  	T_pdb_server     	[INFO ]	Sys Volts average: 23893.5
2026-02-04 10:05:17,699	PDB Server  	T_pdb_server     	[INFO ]	mah from ltc4282 4615.37
2026-02-04 10:05:18,057	BMS Server  	T_9BmsServer     	[DEBUG]	Battery temp -1
2026-02-04 10:05:22,053	BMS Server  	T_9BmsServer     	[DEBUG]	Battery temp -1
2026-02-04 10:05:22,826	DiskBatteryR	T_pdb_server     	[INFO ]	Writing to registry: battery 000000000000 uAH: 945842723
2026-02-04 10:05:22,826	DiskBatteryR	T_pdb_server     	[INFO ]	Writing to registry: battery 032225d763ff uAH: 190971
2026-02-04 10:05:22,826	BMS Server  	T_pdb_server     	[DEBUG]	Target = Full
2026-02-04 10:05:22,855	PDB Server  	T_pdb_server     	[INFO ]	Sys Volts: 21759 Sys Amps: 140232
2026-02-04 10:05:22,855	PDB Server  	T_pdb_server     	[INFO ]	12V rail Volts: 11999 12V rail Amps: 596
2026-02-04 10:05:22,855	PDB Server  	T_pdb_server     	[INFO ]	Energy[Joules]: 412889
2026-02-04 10:05:22,856	PDB Server  	T_pdb_server     	[INFO ]	Average Power: 159.881
2026-02-04 10:05:22,856	PDB Server  	T_pdb_server     	[INFO ]	Sys Volts average: 23889.2
2026-02-04 10:05:22,856	PDB Server  	T_pdb_server     	[INFO ]	mah from ltc4282 4800.97
2026-02-04 10:05:27,369	BMS Server  	T_9BmsServer     	[DEBUG]	Battery temp -1
2026-02-04 10:05:27,983	DiskBatteryR	T_pdb_server     	[INFO ]	Writing to registry: battery 000000000000 uAH: 946044658
2026-02-04 10:05:27,983	DiskBatteryR	T_pdb_server     	[INFO ]	Writing to registry: battery 032225d763ff uAH: 190971
2026-02-04 10:05:27,983	BMS Server  	T_pdb_server     	[DEBUG]	Target = Full
2026-02-04 10:05:28,011	PDB Server  	T_pdb_server     	[INFO ]	Sys Volts: 21750 Sys Amps: 139992
2026-02-04 10:05:28,011	PDB Server  	T_pdb_server     	[INFO ]	12V rail Volts: 11998 12V rail Amps: 596
2026-02-04 10:05:28,011	PDB Server  	T_pdb_server     	[INFO ]	Energy[Joules]: 428809
2026-02-04 10:05:28,011	PDB Server  	T_pdb_server     	[INFO ]	Average Power: 165.714
2026-02-04 10:05:28,011	PDB Server  	T_pdb_server     	[INFO ]	Sys Volts average: 23884.9
2026-02-04 10:05:28,011	PDB Server  	T_pdb_server     	[INFO ]	mah from ltc4282 4986.98
2026-02-04 10:05:31,353	BMS Server  	T_9BmsServer     	[DEBUG]	Battery temp -1
2026-02-04 10:05:33,135	DiskBatteryR	T_pdb_server     	[INFO ]	Writing to registry: battery 000000000000 uAH: 946244669
2026-02-04 10:05:33,136	DiskBatteryR	T_pdb_server     	[INFO ]	Writing to registry: battery 032225d763ff uAH: 190971
2026-02-04 10:05:33,136	BMS Server  	T_pdb_server     	[DEBUG]	Target = Full
2026-02-04 10:05:33,164	PDB Server  	T_pdb_server     	[INFO ]	Sys Volts: 21718 Sys Amps: 140912
2026-02-04 10:05:33,164	PDB Server  	T_pdb_server     	[INFO ]	12V rail Volts: 11998 12V rail Amps: 590
2026-02-04 10:05:33,164	PDB Server  	T_pdb_server     	[INFO ]	Energy[Joules]: 444444
2026-02-04 10:05:33,165	PDB Server  	T_pdb_server     	[INFO ]	Average Power: 171.417
2026-02-04 10:05:33,165	PDB Server  	T_pdb_server     	[INFO ]	Sys Volts average: 23880.6
2026-02-04 10:05:33,165	PDB Server  	T_pdb_server     	[INFO ]	mah from ltc4282 5169.74
2026-02-04 10:05:36,669	BMS Server  	T_9BmsServer     	[DEBUG]	Battery temp -1
2026-02-04 10:05:38,290	DiskBatteryR	T_pdb_server     	[INFO ]	Writing to registry: battery 000000000000 uAH: 946445715
2026-02-04 10:05:38,290	DiskBatteryR	T_pdb_server     	[INFO ]	Writing to registry: battery 032225d763ff uAH: 190971
2026-02-04 10:05:38,290	BMS Server  	T_pdb_server     	[DEBUG]	Target = Full
2026-02-04 10:05:38,320	PDB Server  	T_pdb_server     	[INFO ]	Sys Volts: 21710 Sys Amps: 140590
2026-02-04 10:05:38,320	PDB Server  	T_pdb_server     	[INFO ]	12V rail Volts: 11998 12V rail Amps: 598
2026-02-04 10:05:38,320	PDB Server  	T_pdb_server     	[INFO ]	Energy[Joules]: 460311
2026-02-04 10:05:38,321	PDB Server  	T_pdb_server     	[INFO ]	Average Power: 177.183
2026-02-04 10:05:38,321	PDB Server  	T_pdb_server     	[INFO ]	Sys Volts average: 23876.3
2026-02-04 10:05:38,321	PDB Server  	T_pdb_server     	[INFO ]	mah from ltc4282 5355.27
2026-02-04 10:05:40,657	BMS Server  	T_9BmsServer     	[DEBUG]	Battery temp -1
2026-02-04 10:05:43,443	DiskBatteryR	T_pdb_server     	[INFO ]	Writing to registry: battery 000000000000 uAH: 946647338
2026-02-04 10:05:43,443	DiskBatteryR	T_pdb_server     	[INFO ]	Writing to registry: battery 032225d763ff uAH: 190971
2026-02-04 10:05:43,443	BMS Server  	T_pdb_server     	[DEBUG]	Target = Full
2026-02-04 10:05:43,471	PDB Server  	T_pdb_server     	[INFO ]	Sys Volts: 21685 Sys Amps: 140878
2026-02-04 10:05:43,471	PDB Server  	T_pdb_server     	[INFO ]	12V rail Volts: 11998 12V rail Amps: 592
2026-02-04 10:05:43,471	PDB Server  	T_pdb_server     	[INFO ]	Energy[Joules]: 476017
2026-02-04 10:05:43,472	PDB Server  	T_pdb_server     	[INFO ]	Average Power: 182.869
2026-02-04 10:05:43,472	PDB Server  	T_pdb_server     	[INFO ]	Sys Volts average: 23872
2026-02-04 10:05:43,472	PDB Server  	T_pdb_server     	[INFO ]	mah from ltc4282 5539
2026-02-04 10:05:45,977	BMS Server  	T_9BmsServer     	[DEBUG]	Battery temp -1
2026-02-04 10:05:47,064	FlightTime  	T_pdb_server     	[INFO ]	flight_time 110990 current_run 231 seconds
2026-02-04 10:05:48,597	DiskBatteryR	T_pdb_server     	[INFO ]	Writing to registry: battery 000000000000 uAH: 946847412
2026-02-04 10:05:48,597	DiskBatteryR	T_pdb_server     	[INFO ]	Writing to registry: battery 032225d763ff uAH: 190971
2026-02-04 10:05:48,597	BMS Server  	T_pdb_server     	[DEBUG]	Target = Full
2026-02-04 10:05:48,624	PDB Server  	T_pdb_server     	[INFO ]	Sys Volts: 21694 Sys Amps: 139832
2026-02-04 10:05:48,624	PDB Server  	T_pdb_server     	[INFO ]	12V rail Volts: 11998 12V rail Amps: 593
2026-02-04 10:05:48,624	PDB Server  	T_pdb_server     	[INFO ]	Energy[Joules]: 491808
2026-02-04 10:05:48,625	PDB Server  	T_pdb_server     	[INFO ]	Average Power: 188.56
2026-02-04 10:05:48,625	PDB Server  	T_pdb_server     	[INFO ]	Sys Volts average: 23867.7
2026-02-04 10:05:48,625	PDB Server  	T_pdb_server     	[INFO ]	mah from ltc4282 5723.77
2026-02-04 10:05:49,965	BMS Server  	T_9BmsServer     	[DEBUG]	Battery temp -1
2026-02-04 10:05:53,751	DiskBatteryR	T_pdb_server     	[INFO ]	Writing to registry: battery 000000000000 uAH: 947048161
2026-02-04 10:05:53,751	DiskBatteryR	T_pdb_server     	[INFO ]	Writing to registry: battery 032225d763ff uAH: 190971
2026-02-04 10:05:53,751	BMS Server  	T_pdb_server     	[DEBUG]	Target = Full
2026-02-04 10:05:53,779	PDB Server  	T_pdb_server     	[INFO ]	Sys Volts: 21661 Sys Amps: 140963
2026-02-04 10:05:53,779	PDB Server  	T_pdb_server     	[INFO ]	12V rail Volts: 11998 12V rail Amps: 599
2026-02-04 10:05:53,780	PDB Server  	T_pdb_server     	[INFO ]	Energy[Joules]: 507688
2026-02-04 10:05:53,780	PDB Server  	T_pdb_server     	[INFO ]	Average Power: 194.263
2026-02-04 10:05:53,780	PDB Server  	T_pdb_server     	[INFO ]	Sys Volts average: 23863.4
2026-02-04 10:05:53,780	PDB Server  	T_pdb_server     	[INFO ]	mah from ltc4282 5909.66
2026-02-04 10:05:55,277	BMS Server  	T_9BmsServer     	[DEBUG]	Battery temp -1
2026-02-04 10:05:58,909	DiskBatteryR	T_pdb_server     	[INFO ]	Writing to registry: battery 000000000000 uAH: 947249465
2026-02-04 10:05:58,909	DiskBatteryR	T_pdb_server     	[INFO ]	Writing to registry: battery 032225d763ff uAH: 190971
2026-02-04 10:05:58,909	BMS Server  	T_pdb_server     	[DEBUG]	Target = Full
2026-02-04 10:05:58,936	PDB Server  	T_pdb_server     	[INFO ]	Sys Volts: 21653 Sys Amps: 140573
2026-02-04 10:05:58,936	PDB Server  	T_pdb_server     	[INFO ]	12V rail Volts: 11998 12V rail Amps: 612
2026-02-04 10:05:58,936	PDB Server  	T_pdb_server     	[INFO ]	Energy[Joules]: 523343
2026-02-04 10:05:58,937	PDB Server  	T_pdb_server     	[INFO ]	Average Power: 199.862
2026-02-04 10:05:58,937	PDB Server  	T_pdb_server     	[INFO ]	Sys Volts average: 23859
2026-02-04 10:05:58,937	PDB Server  	T_pdb_server     	[INFO ]	mah from ltc4282 6093
2026-02-04 10:05:59,265	BMS Server  	T_9BmsServer     	[DEBUG]	Battery temp -1
2026-02-04 10:06:04,064	DiskBatteryR	T_pdb_server     	[INFO ]	Writing to registry: battery 000000000000 uAH: 947449773
2026-02-04 10:06:04,064	DiskBatteryR	T_pdb_server     	[INFO ]	Writing to registry: battery 032225d763ff uAH: 190971
2026-02-04 10:06:04,064	BMS Server  	T_pdb_server     	[DEBUG]	Target = Full
2026-02-04 10:06:04,091	PDB Server  	T_pdb_server     	[INFO ]	Sys Volts: 21645 Sys Amps: 140795
2026-02-04 10:06:04,091	PDB Server  	T_pdb_server     	[INFO ]	12V rail Volts: 11998 12V rail Amps: 615
2026-02-04 10:06:04,092	PDB Server  	T_pdb_server     	[INFO ]	Energy[Joules]: 539168
2026-02-04 10:06:04,092	PDB Server  	T_pdb_server     	[INFO ]	Average Power: 205.5
2026-02-04 10:06:04,092	PDB Server  	T_pdb_server     	[INFO ]	Sys Volts average: 23854.7
2026-02-04 10:06:04,092	PDB Server  	T_pdb_server     	[INFO ]	mah from ltc4282 6278.38
2026-02-04 10:06:04,589	BMS Server  	T_9BmsServer     	[DEBUG]	Battery temp -1
2026-02-04 10:06:08,577	BMS Server  	T_9BmsServer     	[DEBUG]	Battery temp -1
2026-02-04 10:06:09,218	DiskBatteryR	T_pdb_server     	[INFO ]	Writing to registry: battery 000000000000 uAH: 947649691
2026-02-04 10:06:09,219	DiskBatteryR	T_pdb_server     	[INFO ]	Writing to registry: battery 032225d763ff uAH: 190971
2026-02-04 10:06:09,219	BMS Server  	T_pdb_server     	[DEBUG]	Target = Full
2026-02-04 10:06:09,247	PDB Server  	T_pdb_server     	[INFO ]	Sys Volts: 21661 Sys Amps: 139054
2026-02-04 10:06:09,247	PDB Server  	T_pdb_server     	[INFO ]	12V rail Volts: 11998 12V rail Amps: 630
2026-02-04 10:06:09,247	PDB Server  	T_pdb_server     	[INFO ]	Energy[Joules]: 554956
2026-02-04 10:06:09,247	PDB Server  	T_pdb_server     	[INFO ]	Average Power: 211.1
2026-02-04 10:06:09,247	PDB Server  	T_pdb_server     	[INFO ]	Sys Volts average: 23850.4
2026-02-04 10:06:09,247	PDB Server  	T_pdb_server     	[INFO ]	mah from ltc4282 6463.39
2026-02-04 10:06:13,893	BMS Server  	T_9BmsServer     	[DEBUG]	Battery temp -1
2026-02-04 10:06:14,373	DiskBatteryR	T_pdb_server     	[INFO ]	Writing to registry: battery 000000000000 uAH: 947850307
2026-02-04 10:06:14,373	DiskBatteryR	T_pdb_server     	[INFO ]	Writing to registry: battery 032225d763ff uAH: 190971
2026-02-04 10:06:14,373	BMS Server  	T_pdb_server     	[DEBUG]	Target = Full
2026-02-04 10:06:14,400	PDB Server  	T_pdb_server     	[INFO ]	Sys Volts: 21620 Sys Amps: 140980
2026-02-04 10:06:14,400	PDB Server  	T_pdb_server     	[INFO ]	12V rail Volts: 11998 12V rail Amps: 621
2026-02-04 10:06:14,400	PDB Server  	T_pdb_server     	[INFO ]	Energy[Joules]: 570587
2026-02-04 10:06:14,401	PDB Server  	T_pdb_server     	[INFO ]	Average Power: 216.625
2026-02-04 10:06:14,401	PDB Server  	T_pdb_server     	[INFO ]	Sys Volts average: 23846.1
2026-02-04 10:06:14,401	PDB Server  	T_pdb_server     	[INFO ]	mah from ltc4282 6646.64
2026-02-04 10:06:17,466	FlightTime  	T_pdb_server     	[INFO ]	flight_time 111020 current_run 261 seconds
2026-02-04 10:06:17,877	BMS Server  	T_9BmsServer     	[DEBUG]	Battery temp -1
2026-02-04 10:06:19,531	DiskBatteryR	T_pdb_server     	[INFO ]	Writing to registry: battery 000000000000 uAH: 948051285
2026-02-04 10:06:19,531	DiskBatteryR	T_pdb_server     	[INFO ]	Writing to registry: battery 032225d763ff uAH: 190971
2026-02-04 10:06:19,531	BMS Server  	T_pdb_server     	[DEBUG]	Target = Full
2026-02-04 10:06:19,559	PDB Server  	T_pdb_server     	[INFO ]	Sys Volts: 21629 Sys Amps: 140002
2026-02-04 10:06:19,559	PDB Server  	T_pdb_server     	[INFO ]	12V rail Volts: 11998 12V rail Amps: 614
2026-02-04 10:06:19,559	PDB Server  	T_pdb_server     	[INFO ]	Energy[Joules]: 586439
2026-02-04 10:06:19,559	PDB Server  	T_pdb_server     	[INFO ]	Average Power: 222.207
2026-02-04 10:06:19,559	PDB Server  	T_pdb_server     	[INFO ]	Sys Volts average: 23841.7
2026-02-04 10:06:19,559	PDB Server  	T_pdb_server     	[INFO ]	mah from ltc4282 6832.55
2026-02-04 10:06:21,877	BMS Server  	T_9BmsServer     	[DEBUG]	Battery temp -1
2026-02-04 10:06:24,683	DiskBatteryR	T_pdb_server     	[INFO ]	Writing to registry: battery 000000000000 uAH: 948251522
2026-02-04 10:06:24,683	DiskBatteryR	T_pdb_server     	[INFO ]	Writing to registry: battery 032225d763ff uAH: 190971
2026-02-04 10:06:24,683	BMS Server  	T_pdb_server     	[DEBUG]	Target = Full
2026-02-04 10:06:24,710	PDB Server  	T_pdb_server     	[INFO ]	Sys Volts: 21629 Sys Amps: 139722
2026-02-04 10:06:24,710	PDB Server  	T_pdb_server     	[INFO ]	12V rail Volts: 11998 12V rail Amps: 611
2026-02-04 10:06:24,710	PDB Server  	T_pdb_server     	[INFO ]	Energy[Joules]: 602235
2026-02-04 10:06:24,712	PDB Server  	T_pdb_server     	[INFO ]	Average Power: 227.745
2026-02-04 10:06:24,712	PDB Server  	T_pdb_server     	[INFO ]	Sys Volts average: 23837.4
2026-02-04 10:06:24,712	PDB Server  	T_pdb_server     	[INFO ]	mah from ltc4282 7017.86
2026-02-04 10:06:27,193	BMS Server  	T_9BmsServer     	[DEBUG]	Battery temp -1
2026-02-04 10:06:29,837	DiskBatteryR	T_pdb_server     	[INFO ]	Writing to registry: battery 000000000000 uAH: 948451295
2026-02-04 10:06:29,837	DiskBatteryR	T_pdb_server     	[INFO ]	Writing to registry: battery 032225d763ff uAH: 190971
2026-02-04 10:06:29,837	BMS Server  	T_pdb_server     	[DEBUG]	Target = Full
2026-02-04 10:06:29,864	PDB Server  	T_pdb_server     	[INFO ]	Sys Volts: 21629 Sys Amps: 139586
2026-02-04 10:06:29,864	PDB Server  	T_pdb_server     	[INFO ]	12V rail Volts: 11998 12V rail Amps: 599
2026-02-04 10:06:29,864	PDB Server  	T_pdb_server     	[INFO ]	Energy[Joules]: 617822
2026-02-04 10:06:29,865	PDB Server  	T_pdb_server     	[INFO ]	Average Power: 233.189
2026-02-04 10:06:29,865	PDB Server  	T_pdb_server     	[INFO ]	Sys Volts average: 23833.1
2026-02-04 10:06:29,865	PDB Server  	T_pdb_server     	[INFO ]	mah from ltc4282 7200.79
2026-02-04 10:06:31,177	BMS Server  	T_9BmsServer     	[DEBUG]	Battery temp -1
2026-02-04 10:06:34,991	DiskBatteryR	T_pdb_server     	[INFO ]	Writing to registry: battery 000000000000 uAH: 948651976
2026-02-04 10:06:34,992	DiskBatteryR	T_pdb_server     	[INFO ]	Writing to registry: battery 032225d763ff uAH: 190971
2026-02-04 10:06:34,992	BMS Server  	T_pdb_server     	[DEBUG]	Target = Full
2026-02-04 10:06:35,024	PDB Server  	T_pdb_server     	[INFO ]	Sys Volts: 21629 Sys Amps: 139087
2026-02-04 10:06:35,024	PDB Server  	T_pdb_server     	[INFO ]	12V rail Volts: 11998 12V rail Amps: 610
2026-02-04 10:06:35,024	PDB Server  	T_pdb_server     	[INFO ]	Energy[Joules]: 633641
2026-02-04 10:06:35,024	PDB Server  	T_pdb_server     	[INFO ]	Average Power: 238.693
2026-02-04 10:06:35,024	PDB Server  	T_pdb_server     	[INFO ]	Sys Volts average: 23828.8
2026-02-04 10:06:35,024	PDB Server  	T_pdb_server     	[INFO ]	mah from ltc4282 7386.5
2026-02-04 10:06:36,501	BMS Server  	T_9BmsServer     	[DEBUG]	Battery temp -1
2026-02-04 10:06:40,152	DiskBatteryR	T_pdb_server     	[INFO ]	Writing to registry: battery 000000000000 uAH: 948851553
2026-02-04 10:06:40,152	DiskBatteryR	T_pdb_server     	[INFO ]	Writing to registry: battery 032225d763ff uAH: 190971
2026-02-04 10:06:40,152	BMS Server  	T_pdb_server     	[DEBUG]	Target = Full
2026-02-04 10:06:40,180	PDB Server  	T_pdb_server     	[INFO ]	Sys Volts: 21604 Sys Amps: 139853
2026-02-04 10:06:40,180	PDB Server  	T_pdb_server     	[INFO ]	12V rail Volts: 11997 12V rail Amps: 609
2026-02-04 10:06:40,180	PDB Server  	T_pdb_server     	[INFO ]	Energy[Joules]: 649402
2026-02-04 10:06:40,180	PDB Server  	T_pdb_server     	[INFO ]	Average Power: 244.154
2026-02-04 10:06:40,181	PDB Server  	T_pdb_server     	[INFO ]	Sys Volts average: 23824.5
2026-02-04 10:06:40,181	PDB Server  	T_pdb_server     	[INFO ]	mah from ltc4282 7571.59
2026-02-04 10:06:40,501	BMS Server  	T_9BmsServer     	[DEBUG]	Battery temp -1
2026-02-04 10:06:45,311	DiskBatteryR	T_pdb_server     	[INFO ]	Writing to registry: battery 000000000000 uAH: 948934765
2026-02-04 10:06:45,311	DiskBatteryR	T_pdb_server     	[INFO ]	Writing to registry: battery 032225d763ff uAH: 190971
2026-02-04 10:06:45,311	BMS Server  	T_pdb_server     	[DEBUG]	Target = Full
2026-02-04 10:06:45,339	PDB Server  	T_pdb_server     	[INFO ]	Sys Volts: 23327 Sys Amps: 39965
2026-02-04 10:06:45,339	PDB Server  	T_pdb_server     	[INFO ]	12V rail Volts: 11997 12V rail Amps: 594
2026-02-04 10:06:45,339	PDB Server  	T_pdb_server     	[INFO ]	Energy[Joules]: 656015
2026-02-04 10:06:45,339	PDB Server  	T_pdb_server     	[INFO ]	Average Power: 246.167
2026-02-04 10:06:45,339	PDB Server  	T_pdb_server     	[INFO ]	Sys Volts average: 23823.3
2026-02-04 10:06:45,339	PDB Server  	T_pdb_server     	[INFO ]	mah from ltc4282 7649.09
2026-02-04 10:06:45,817	BMS Server  	T_9BmsServer     	[DEBUG]	Battery temp -1
2026-02-04 10:06:47,907	FlightTime  	T_pdb_server     	[INFO ]	flight_time 111050 current_run 291 seconds
2026-02-04 10:06:49,801	BMS Server  	T_9BmsServer     	[DEBUG]	Battery temp -1
2026-02-04 10:06:50,471	DiskBatteryR	T_pdb_server     	[INFO ]	Writing to registry: battery 000000000000 uAH: 948992629
2026-02-04 10:06:50,471	DiskBatteryR	T_pdb_server     	[INFO ]	Writing to registry: battery 032225d763ff uAH: 190971
2026-02-04 10:06:50,471	BMS Server  	T_pdb_server     	[DEBUG]	Target = Full
2026-02-04 10:06:50,502	PDB Server  	T_pdb_server     	[INFO ]	Sys Volts: 23327 Sys Amps: 40623
2026-02-04 10:06:50,502	PDB Server  	T_pdb_server     	[INFO ]	12V rail Volts: 11997 12V rail Amps: 595
2026-02-04 10:06:50,502	PDB Server  	T_pdb_server     	[INFO ]	Energy[Joules]: 660944
2026-02-04 10:06:50,503	PDB Server  	T_pdb_server     	[INFO ]	Average Power: 247.536
2026-02-04 10:06:50,503	PDB Server  	T_pdb_server     	[INFO ]	Sys Volts average: 23822.3
2026-02-04 10:06:50,503	PDB Server  	T_pdb_server     	[INFO ]	mah from ltc4282 7706.86
2026-02-04 10:06:55,117	BMS Server  	T_9BmsServer     	[DEBUG]	Battery temp -1
2026-02-04 10:06:55,629	DiskBatteryR	T_pdb_server     	[INFO ]	Writing to registry: battery 000000000000 uAH: 949050304
2026-02-04 10:06:55,629	DiskBatteryR	T_pdb_server     	[INFO ]	Writing to registry: battery 032225d763ff uAH: 190971
2026-02-04 10:06:55,629	BMS Server  	T_pdb_server     	[DEBUG]	Target = Full
2026-02-04 10:06:55,656	PDB Server  	T_pdb_server     	[INFO ]	Sys Volts: 23343 Sys Amps: 40208
2026-02-04 10:06:55,656	PDB Server  	T_pdb_server     	[INFO ]	12V rail Volts: 11997 12V rail Amps: 590
2026-02-04 10:06:55,656	PDB Server  	T_pdb_server     	[INFO ]	Energy[Joules]: 665856
2026-02-04 10:06:55,656	PDB Server  	T_pdb_server     	[INFO ]	Average Power: 248.893
2026-02-04 10:06:55,656	PDB Server  	T_pdb_server     	[INFO ]	Sys Volts average: 23821.4
2026-02-04 10:06:55,657	PDB Server  	T_pdb_server     	[INFO ]	mah from ltc4282 7764.45
2026-02-04 10:06:59,101	BMS Server  	T_9BmsServer     	[DEBUG]	Battery temp -1
2026-02-04 10:07:00,781	DiskBatteryR	T_pdb_server     	[INFO ]	Writing to registry: battery 000000000000 uAH: 949108592
2026-02-04 10:07:00,781	DiskBatteryR	T_pdb_server     	[INFO ]	Writing to registry: battery 032225d763ff uAH: 190971
2026-02-04 10:07:00,781	BMS Server  	T_pdb_server     	[DEBUG]	Target = Full
2026-02-04 10:07:00,810	PDB Server  	T_pdb_server     	[INFO ]	Sys Volts: 23351 Sys Amps: 40495
2026-02-04 10:07:00,810	PDB Server  	T_pdb_server     	[INFO ]	12V rail Volts: 12001 12V rail Amps: 590
2026-02-04 10:07:00,810	PDB Server  	T_pdb_server     	[INFO ]	Energy[Joules]: 670814
2026-02-04 10:07:00,811	PDB Server  	T_pdb_server     	[INFO ]	Average Power: 250.262
2026-02-04 10:07:00,811	PDB Server  	T_pdb_server     	[INFO ]	Sys Volts average: 23820.5
2026-02-04 10:07:00,811	PDB Server  	T_pdb_server     	[INFO ]	mah from ltc4282 7822.56
2026-02-04 10:07:04,413	BMS Server  	T_9BmsServer     	[DEBUG]	Battery temp -1
2026-02-04 10:07:05,936	DiskBatteryR	T_pdb_server     	[INFO ]	Writing to registry: battery 000000000000 uAH: 949166376
2026-02-04 10:07:05,936	DiskBatteryR	T_pdb_server     	[INFO ]	Writing to registry: battery 032225d763ff uAH: 190971
2026-02-04 10:07:05,936	BMS Server  	T_pdb_server     	[DEBUG]	Target = Full
2026-02-04 10:07:05,963	PDB Server  	T_pdb_server     	[INFO ]	Sys Volts: 23359 Sys Amps: 40248
2026-02-04 10:07:05,964	PDB Server  	T_pdb_server     	[INFO ]	12V rail Volts: 12001 12V rail Amps: 591
2026-02-04 10:07:05,964	PDB Server  	T_pdb_server     	[INFO ]	Energy[Joules]: 675671
2026-02-04 10:07:05,964	PDB Server  	T_pdb_server     	[INFO ]	Average Power: 251.594
2026-02-04 10:07:05,964	PDB Server  	T_pdb_server     	[INFO ]	Sys Volts average: 23819.6
2026-02-04 10:07:05,964	PDB Server  	T_pdb_server     	[INFO ]	mah from ltc4282 7879.5
2026-02-04 10:07:08,396	BMS Server  	T_9BmsServer     	[DEBUG]	Battery temp -1
2026-02-04 10:07:11,091	DiskBatteryR	T_pdb_server     	[INFO ]	Writing to registry: battery 000000000000 uAH: 949224526
2026-02-04 10:07:11,091	DiskBatteryR	T_pdb_server     	[INFO ]	Writing to registry: battery 032225d763ff uAH: 190971
2026-02-04 10:07:11,091	BMS Server  	T_pdb_server     	[DEBUG]	Target = Full
2026-02-04 10:07:11,118	PDB Server  	T_pdb_server     	[INFO ]	Sys Volts: 23359 Sys Amps: 40884
2026-02-04 10:07:11,119	PDB Server  	T_pdb_server     	[INFO ]	12V rail Volts: 12001 12V rail Amps: 594
2026-02-04 10:07:11,119	PDB Server  	T_pdb_server     	[INFO ]	Energy[Joules]: 680615
2026-02-04 10:07:11,119	PDB Server  	T_pdb_server     	[INFO ]	Average Power: 252.948
2026-02-04 10:07:11,119	PDB Server  	T_pdb_server     	[INFO ]	Sys Volts average: 23818.7
2026-02-04 10:07:11,119	PDB Server  	T_pdb_server     	[INFO ]	mah from ltc4282 7937.45
2026-02-04 10:07:13,713	BMS Server  	T_9BmsServer     	[DEBUG]	Battery temp -1
2026-02-04 10:07:16,252	DiskBatteryR	T_pdb_server     	[INFO ]	Writing to registry: battery 000000000000 uAH: 949283306
2026-02-04 10:07:16,252	DiskBatteryR	T_pdb_server     	[INFO ]	Writing to registry: battery 032225d763ff uAH: 190971
2026-02-04 10:07:16,253	BMS Server  	T_pdb_server     	[DEBUG]	Target = Full
2026-02-04 10:07:16,280	PDB Server  	T_pdb_server     	[INFO ]	Sys Volts: 23359 Sys Amps: 41170
2026-02-04 10:07:16,280	PDB Server  	T_pdb_server     	[INFO ]	12V rail Volts: 12001 12V rail Amps: 586
2026-02-04 10:07:16,280	PDB Server  	T_pdb_server     	[INFO ]	Energy[Joules]: 685610
2026-02-04 10:07:16,280	PDB Server  	T_pdb_server     	[INFO ]	Average Power: 254.315
2026-02-04 10:07:16,280	PDB Server  	T_pdb_server     	[INFO ]	Sys Volts average: 23817.8
2026-02-04 10:07:16,280	PDB Server  	T_pdb_server     	[INFO ]	mah from ltc4282 7996
2026-02-04 10:07:17,705	BMS Server  	T_9BmsServer     	[DEBUG]	Battery temp -1
2026-02-04 10:07:18,317	FlightTime  	T_pdb_server     	[INFO ]	flight_time 111081 current_run 322 seconds
2026-02-04 10:07:21,409	DiskBatteryR	T_pdb_server     	[INFO ]	Writing to registry: battery 000000000000 uAH: 949341976
2026-02-04 10:07:21,409	DiskBatteryR	T_pdb_server     	[INFO ]	Writing to registry: battery 032225d763ff uAH: 190971
2026-02-04 10:07:21,409	BMS Server  	T_pdb_server     	[DEBUG]	Target = Full
2026-02-04 10:07:21,436	PDB Server  	T_pdb_server     	[INFO ]	Sys Volts: 23375 Sys Amps: 40552
2026-02-04 10:07:21,436	PDB Server  	T_pdb_server     	[INFO ]	12V rail Volts: 12001 12V rail Amps: 580
2026-02-04 10:07:21,436	PDB Server  	T_pdb_server     	[INFO ]	Energy[Joules]: 690543
2026-02-04 10:07:21,437	PDB Server  	T_pdb_server     	[INFO ]	Average Power: 255.659
2026-02-04 10:07:21,437	PDB Server  	T_pdb_server     	[INFO ]	Sys Volts average: 23817
2026-02-04 10:07:21,437	PDB Server  	T_pdb_server     	[INFO ]	mah from ltc4282 8053.82
2026-02-04 10:07:23,017	BMS Server  	T_9BmsServer     	[DEBUG]	Battery temp -1
2026-02-04 10:07:26,561	DiskBatteryR	T_pdb_server     	[INFO ]	Writing to registry: battery 000000000000 uAH: 949400589
2026-02-04 10:07:26,562	DiskBatteryR	T_pdb_server     	[INFO ]	Writing to registry: battery 032225d763ff uAH: 190971
2026-02-04 10:07:26,562	BMS Server  	T_pdb_server     	[DEBUG]	Target = Full
2026-02-04 10:07:26,589	PDB Server  	T_pdb_server     	[INFO ]	Sys Volts: 23375 Sys Amps: 40935
2026-02-04 10:07:26,589	PDB Server  	T_pdb_server     	[INFO ]	12V rail Volts: 12001 12V rail Amps: 583
2026-02-04 10:07:26,589	PDB Server  	T_pdb_server     	[INFO ]	Energy[Joules]: 695518
2026-02-04 10:07:26,590	PDB Server  	T_pdb_server     	[INFO ]	Average Power: 257.009
2026-02-04 10:07:26,590	PDB Server  	T_pdb_server     	[INFO ]	Sys Volts average: 23816.1
2026-02-04 10:07:26,590	PDB Server  	T_pdb_server     	[INFO ]	mah from ltc4282 8112.13
2026-02-04 10:07:27,009	BMS Server  	T_9BmsServer     	[DEBUG]	Battery temp -1
2026-02-04 10:07:31,009	BMS Server  	T_9BmsServer     	[DEBUG]	Battery temp -1
2026-02-04 10:07:31,714	DiskBatteryR	T_pdb_server     	[INFO ]	Writing to registry: battery 000000000000 uAH: 949459117
2026-02-04 10:07:31,714	DiskBatteryR	T_pdb_server     	[INFO ]	Writing to registry: battery 032225d763ff uAH: 190971
2026-02-04 10:07:31,714	BMS Server  	T_pdb_server     	[DEBUG]	Target = Full
2026-02-04 10:07:31,742	PDB Server  	T_pdb_server     	[INFO ]	Sys Volts: 23375 Sys Amps: 40944
2026-02-04 10:07:31,742	PDB Server  	T_pdb_server     	[INFO ]	12V rail Volts: 12001 12V rail Amps: 585
2026-02-04 10:07:31,742	PDB Server  	T_pdb_server     	[INFO ]	Energy[Joules]: 700504
2026-02-04 10:07:31,742	PDB Server  	T_pdb_server     	[INFO ]	Average Power: 258.357
2026-02-04 10:07:31,742	PDB Server  	T_pdb_server     	[INFO ]	Sys Volts average: 23815.3
2026-02-04 10:07:31,742	PDB Server  	T_pdb_server     	[INFO ]	mah from ltc4282 8170.58
2026-02-04 10:07:36,325	BMS Server  	T_9BmsServer     	[DEBUG]	Battery temp -1
2026-02-04 10:07:36,869	DiskBatteryR	T_pdb_server     	[INFO ]	Writing to registry: battery 000000000000 uAH: 949517440
2026-02-04 10:07:36,869	DiskBatteryR	T_pdb_server     	[INFO ]	Writing to registry: battery 032225d763ff uAH: 190971
2026-02-04 10:07:36,869	BMS Server  	T_pdb_server     	[DEBUG]	Target = Full
2026-02-04 10:07:36,896	PDB Server  	T_pdb_server     	[INFO ]	Sys Volts: 23384 Sys Amps: 40953
2026-02-04 10:07:36,896	PDB Server  	T_pdb_server     	[INFO ]	12V rail Volts: 12001 12V rail Amps: 590
2026-02-04 10:07:36,896	PDB Server  	T_pdb_server     	[INFO ]	Energy[Joules]: 705402
2026-02-04 10:07:36,896	PDB Server  	T_pdb_server     	[INFO ]	Average Power: 259.674
2026-02-04 10:07:36,897	PDB Server  	T_pdb_server     	[INFO ]	Sys Volts average: 23814.4
2026-02-04 10:07:36,897	PDB Server  	T_pdb_server     	[INFO ]	mah from ltc4282 8227.99
2026-02-04 10:07:40,317	BMS Server  	T_9BmsServer     	[DEBUG]	Battery temp -1
2026-02-04 10:07:42,021	DiskBatteryR	T_pdb_server     	[INFO ]	Writing to registry: battery 000000000000 uAH: 949576023
2026-02-04 10:07:42,021	DiskBatteryR	T_pdb_server     	[INFO ]	Writing to registry: battery 032225d763ff uAH: 190971
2026-02-04 10:07:42,021	BMS Server  	T_pdb_server     	[DEBUG]	Target = Full
2026-02-04 10:07:42,048	PDB Server  	T_pdb_server     	[INFO ]	Sys Volts: 23384 Sys Amps: 41142
2026-02-04 10:07:42,048	PDB Server  	T_pdb_server     	[INFO ]	12V rail Volts: 12001 12V rail Amps: 579
2026-02-04 10:07:42,048	PDB Server  	T_pdb_server     	[INFO ]	Energy[Joules]: 710378
2026-02-04 10:07:42,049	PDB Server  	T_pdb_server     	[INFO ]	Average Power: 261.008
2026-02-04 10:07:42,049	PDB Server  	T_pdb_server     	[INFO ]	Sys Volts average: 23813.6
2026-02-04 10:07:42,049	PDB Server  	T_pdb_server     	[INFO ]	mah from ltc4282 8286.32
2026-02-04 10:07:45,632	BMS Server  	T_9BmsServer     	[DEBUG]	Battery temp -1
2026-02-04 10:07:47,178	DiskBatteryR	T_pdb_server     	[INFO ]	Writing to registry: battery 000000000000 uAH: 949634783
2026-02-04 10:07:47,178	DiskBatteryR	T_pdb_server     	[INFO ]	Writing to registry: battery 032225d763ff uAH: 190971
2026-02-04 10:07:47,178	BMS Server  	T_pdb_server     	[DEBUG]	Target = Full
2026-02-04 10:07:47,205	PDB Server  	T_pdb_server     	[INFO ]	Sys Volts: 23384 Sys Amps: 41061
2026-02-04 10:07:47,206	PDB Server  	T_pdb_server     	[INFO ]	12V rail Volts: 12001 12V rail Amps: 588
2026-02-04 10:07:47,206	PDB Server  	T_pdb_server     	[INFO ]	Energy[Joules]: 715308
2026-02-04 10:07:47,206	PDB Server  	T_pdb_server     	[INFO ]	Average Power: 262.327
2026-02-04 10:07:47,207	PDB Server  	T_pdb_server     	[INFO ]	Sys Volts average: 23812.8
2026-02-04 10:07:47,207	PDB Server  	T_pdb_server     	[INFO ]	mah from ltc4282 8344.1
2026-02-04 10:07:48,738	FlightTime  	T_pdb_server     	[INFO ]	flight_time 111111 current_run 352 seconds
2026-02-04 10:07:49,625	BMS Server  	T_9BmsServer     	[DEBUG]	Battery temp -1
2026-02-04 10:07:52,333	DiskBatteryR	T_pdb_server     	[INFO ]	Writing to registry: battery 000000000000 uAH: 949693821
2026-02-04 10:07:52,333	DiskBatteryR	T_pdb_server     	[INFO ]	Writing to registry: battery 032225d763ff uAH: 190971
2026-02-04 10:07:52,333	BMS Server  	T_pdb_server     	[DEBUG]	Target = Full
2026-02-04 10:07:52,368	PDB Server  	T_pdb_server     	[INFO ]	Sys Volts: 23392 Sys Amps: 40979
2026-02-04 10:07:52,368	PDB Server  	T_pdb_server     	[INFO ]	12V rail Volts: 12001 12V rail Amps: 588
2026-02-04 10:07:52,369	PDB Server  	T_pdb_server     	[INFO ]	Energy[Joules]: 720324
2026-02-04 10:07:52,369	PDB Server  	T_pdb_server     	[INFO ]	Average Power: 263.666
2026-02-04 10:07:52,369	PDB Server  	T_pdb_server     	[INFO ]	Sys Volts average: 23812
2026-02-04 10:07:52,369	PDB Server  	T_pdb_server     	[INFO ]	mah from ltc4282 8402.9
2026-02-04 10:07:54,949	BMS Server  	T_9BmsServer     	[DEBUG]	Battery temp -1
2026-02-04 10:07:57,496	DiskBatteryR	T_pdb_server     	[INFO ]	Writing to registry: battery 000000000000 uAH: 949752229
2026-02-04 10:07:57,496	DiskBatteryR	T_pdb_server     	[INFO ]	Writing to registry: battery 032225d763ff uAH: 190971
2026-02-04 10:07:57,496	BMS Server  	T_pdb_server     	[DEBUG]	Target = Full
2026-02-04 10:07:57,523	PDB Server  	T_pdb_server     	[INFO ]	Sys Volts: 23400 Sys Amps: 40276
2026-02-04 10:07:57,523	PDB Server  	T_pdb_server     	[INFO ]	12V rail Volts: 12001 12V rail Amps: 590
2026-02-04 10:07:57,523	PDB Server  	T_pdb_server     	[INFO ]	Energy[Joules]: 725277
2026-02-04 10:07:57,523	PDB Server  	T_pdb_server     	[INFO ]	Average Power: 264.977
2026-02-04 10:07:57,523	PDB Server  	T_pdb_server     	[INFO ]	Sys Volts average: 23811.2
2026-02-04 10:07:57,523	PDB Server  	T_pdb_server     	[INFO ]	mah from ltc4282 8460.97
2026-02-04 10:07:58,933	BMS Server  	T_9BmsServer     	[DEBUG]	Battery temp -1
2026-02-04 10:08:02,648	DiskBatteryR	T_pdb_server     	[INFO ]	Writing to registry: battery 000000000000 uAH: 949810807
2026-02-04 10:08:02,649	DiskBatteryR	T_pdb_server     	[INFO ]	Writing to registry: battery 032225d763ff uAH: 190971
2026-02-04 10:08:02,649	BMS Server  	T_pdb_server     	[DEBUG]	Target = Full
2026-02-04 10:08:02,676	PDB Server  	T_pdb_server     	[INFO ]	Sys Volts: 23392 Sys Amps: 40998
2026-02-04 10:08:02,676	PDB Server  	T_pdb_server     	[INFO ]	12V rail Volts: 12001 12V rail Amps: 586
2026-02-04 10:08:02,676	PDB Server  	T_pdb_server     	[INFO ]	Energy[Joules]: 730259
2026-02-04 10:08:02,677	PDB Server  	T_pdb_server     	[INFO ]	Average Power: 266.293
2026-02-04 10:08:02,677	PDB Server  	T_pdb_server     	[INFO ]	Sys Volts average: 23810.4
2026-02-04 10:08:02,677	PDB Server  	T_pdb_server     	[INFO ]	mah from ltc4282 8519.37
2026-02-04 10:08:04,253	BMS Server  	T_9BmsServer     	[DEBUG]	Battery temp -1
2026-02-04 10:08:07,802	DiskBatteryR	T_pdb_server     	[INFO ]	Writing to registry: battery 000000000000 uAH: 949869203
2026-02-04 10:08:07,802	DiskBatteryR	T_pdb_server     	[INFO ]	Writing to registry: battery 032225d763ff uAH: 190971
2026-02-04 10:08:07,802	BMS Server  	T_pdb_server     	[DEBUG]	Target = Full
2026-02-04 10:08:07,833	PDB Server  	T_pdb_server     	[INFO ]	Sys Volts: 23392 Sys Amps: 40917
2026-02-04 10:08:07,833	PDB Server  	T_pdb_server     	[INFO ]	12V rail Volts: 12001 12V rail Amps: 582
2026-02-04 10:08:07,833	PDB Server  	T_pdb_server     	[INFO ]	Energy[Joules]: 735156
2026-02-04 10:08:07,833	PDB Server  	T_pdb_server     	[INFO ]	Average Power: 267.58
2026-02-04 10:08:07,833	PDB Server  	T_pdb_server     	[INFO ]	Sys Volts average: 23809.6
2026-02-04 10:08:07,834	PDB Server  	T_pdb_server     	[INFO ]	mah from ltc4282 8576.78
2026-02-04 10:08:08,245	BMS Server  	T_9BmsServer     	[DEBUG]	Battery temp -1
2026-02-04 10:08:12,961	DiskBatteryR	T_pdb_server     	[INFO ]	Writing to registry: battery 000000000000 uAH: 949927610
2026-02-04 10:08:12,961	DiskBatteryR	T_pdb_server     	[INFO ]	Writing to registry: battery 032225d763ff uAH: 190971
2026-02-04 10:08:12,961	BMS Server  	T_pdb_server     	[DEBUG]	Target = Full
2026-02-04 10:08:12,988	PDB Server  	T_pdb_server     	[INFO ]	Sys Volts: 23400 Sys Amps: 40668
2026-02-04 10:08:12,988	PDB Server  	T_pdb_server     	[INFO ]	12V rail Volts: 12001 12V rail Amps: 583
2026-02-04 10:08:12,989	PDB Server  	T_pdb_server     	[INFO ]	Energy[Joules]: 740121
2026-02-04 10:08:12,989	PDB Server  	T_pdb_server     	[INFO ]	Average Power: 268.88
2026-02-04 10:08:12,989	PDB Server  	T_pdb_server     	[INFO ]	Sys Volts average: 23808.9
2026-02-04 10:08:12,989	PDB Server  	T_pdb_server     	[INFO ]	mah from ltc4282 8634.98
2026-02-04 10:08:13,557	BMS Server  	T_9BmsServer     	[DEBUG]	Battery temp -1
2026-02-04 10:08:17,541	BMS Server  	T_9BmsServer     	[DEBUG]	Battery temp -1
2026-02-04 10:08:18,117	DiskBatteryR	T_pdb_server     	[INFO ]	Writing to registry: battery 000000000000 uAH: 949985767
2026-02-04 10:08:18,117	DiskBatteryR	T_pdb_server     	[INFO ]	Writing to registry: battery 032225d763ff uAH: 190971
2026-02-04 10:08:18,117	BMS Server  	T_pdb_server     	[DEBUG]	Target = Full
2026-02-04 10:08:18,144	PDB Server  	T_pdb_server     	[INFO ]	Sys Volts: 23408 Sys Amps: 40317
2026-02-04 10:08:18,144	PDB Server  	T_pdb_server     	[INFO ]	12V rail Volts: 12001 12V rail Amps: 582
2026-02-04 10:08:18,144	PDB Server  	T_pdb_server     	[INFO ]	Energy[Joules]: 745059
2026-02-04 10:08:18,145	PDB Server  	T_pdb_server     	[INFO ]	Average Power: 270.166
2026-02-04 10:08:18,145	PDB Server  	T_pdb_server     	[INFO ]	Sys Volts average: 23808.1
2026-02-04 10:08:18,145	PDB Server  	T_pdb_server     	[INFO ]	mah from ltc4282 8692.87
2026-02-04 10:08:19,148	FlightTime  	T_pdb_server     	[INFO ]	flight_time 111142 current_run 383 seconds
2026-02-04 10:08:22,865	BMS Server  	T_9BmsServer     	[DEBUG]	Battery temp -1
2026-02-04 10:08:23,273	DiskBatteryR	T_pdb_server     	[INFO ]	Writing to registry: battery 000000000000 uAH: 950044125
2026-02-04 10:08:23,273	DiskBatteryR	T_pdb_server     	[INFO ]	Writing to registry: battery 032225d763ff uAH: 190971
2026-02-04 10:08:23,273	BMS Server  	T_pdb_server     	[DEBUG]	Target = Full
2026-02-04 10:08:23,300	PDB Server  	T_pdb_server     	[INFO ]	Sys Volts: 23408 Sys Amps: 40771
2026-02-04 10:08:23,300	PDB Server  	T_pdb_server     	[INFO ]	12V rail Volts: 12001 12V rail Amps: 580
2026-02-04 10:08:23,300	PDB Server  	T_pdb_server     	[INFO ]	Energy[Joules]: 749952
2026-02-04 10:08:23,300	PDB Server  	T_pdb_server     	[INFO ]	Average Power: 271.438
2026-02-04 10:08:23,300	PDB Server  	T_pdb_server     	[INFO ]	Sys Volts average: 23807.4
2026-02-04 10:08:23,300	PDB Server  	T_pdb_server     	[INFO ]	mah from ltc4282 8750.24
2026-02-04 10:08:26,853	BMS Server  	T_9BmsServer     	[DEBUG]	Battery temp -1
2026-02-04 10:08:28,426	DiskBatteryR	T_pdb_server     	[INFO ]	Writing to registry: battery 000000000000 uAH: 950102229
2026-02-04 10:08:28,426	DiskBatteryR	T_pdb_server     	[INFO ]	Writing to registry: battery 032225d763ff uAH: 190971
2026-02-04 10:08:28,426	BMS Server  	T_pdb_server     	[DEBUG]	Target = Full
2026-02-04 10:08:28,453	PDB Server  	T_pdb_server     	[INFO ]	Sys Volts: 23408 Sys Amps: 40785
2026-02-04 10:08:28,453	PDB Server  	T_pdb_server     	[INFO ]	12V rail Volts: 12001 12V rail Amps: 589
2026-02-04 10:08:28,453	PDB Server  	T_pdb_server     	[INFO ]	Energy[Joules]: 754884
2026-02-04 10:08:28,453	PDB Server  	T_pdb_server     	[INFO ]	Average Power: 272.711
2026-02-04 10:08:28,453	PDB Server  	T_pdb_server     	[INFO ]	Sys Volts average: 23806.6
2026-02-04 10:08:28,453	PDB Server  	T_pdb_server     	[INFO ]	mah from ltc4282 8808.05
2026-02-04 10:08:32,165	BMS Server  	T_9BmsServer     	[DEBUG]	Battery temp -1
2026-02-04 10:08:33,584	DiskBatteryR	T_pdb_server     	[INFO ]	Writing to registry: battery 000000000000 uAH: 950160511
2026-02-04 10:08:33,584	DiskBatteryR	T_pdb_server     	[INFO ]	Writing to registry: battery 032225d763ff uAH: 190971
2026-02-04 10:08:33,584	BMS Server  	T_pdb_server     	[DEBUG]	Target = Full
2026-02-04 10:08:33,611	PDB Server  	T_pdb_server     	[INFO ]	Sys Volts: 23408 Sys Amps: 40519
2026-02-04 10:08:33,611	PDB Server  	T_pdb_server     	[INFO ]	12V rail Volts: 12002 12V rail Amps: 586
2026-02-04 10:08:33,611	PDB Server  	T_pdb_server     	[INFO ]	Energy[Joules]: 759833
2026-02-04 10:08:33,611	PDB Server  	T_pdb_server     	[INFO ]	Average Power: 273.987
2026-02-04 10:08:33,611	PDB Server  	T_pdb_server     	[INFO ]	Sys Volts average: 23805.9
2026-02-04 10:08:33,611	PDB Server  	T_pdb_server     	[INFO ]	mah from ltc4282 8866.08
2026-02-04 10:08:36,153	BMS Server  	T_9BmsServer     	[DEBUG]	Battery temp -1
2026-02-04 10:08:38,739	DiskBatteryR	T_pdb_server     	[INFO ]	Writing to registry: battery 000000000000 uAH: 950219250
2026-02-04 10:08:38,739	DiskBatteryR	T_pdb_server     	[INFO ]	Writing to registry: battery 032225d763ff uAH: 190971
2026-02-04 10:08:38,739	BMS Server  	T_pdb_server     	[DEBUG]	Target = Full
2026-02-04 10:08:38,766	PDB Server  	T_pdb_server     	[INFO ]	Sys Volts: 23408 Sys Amps: 41065
2026-02-04 10:08:38,766	PDB Server  	T_pdb_server     	[INFO ]	12V rail Volts: 12002 12V rail Amps: 586
2026-02-04 10:08:38,766	PDB Server  	T_pdb_server     	[INFO ]	Energy[Joules]: 764753
2026-02-04 10:08:38,766	PDB Server  	T_pdb_server     	[INFO ]	Average Power: 275.254
2026-02-04 10:08:38,766	PDB Server  	T_pdb_server     	[INFO ]	Sys Volts average: 23805.1
2026-02-04 10:08:38,766	PDB Server  	T_pdb_server     	[INFO ]	mah from ltc4282 8923.77
2026-02-04 10:08:40,141	BMS Server  	T_9BmsServer     	[DEBUG]	Battery temp -1
2026-02-04 10:08:43,889	DiskBatteryR	T_pdb_server     	[INFO ]	Writing to registry: battery 000000000000 uAH: 950354747
2026-02-04 10:08:43,890	DiskBatteryR	T_pdb_server     	[INFO ]	Writing to registry: battery 032225d763ff uAH: 190971
2026-02-04 10:08:43,890	BMS Server  	T_pdb_server     	[DEBUG]	Target = Full
2026-02-04 10:08:43,919	PDB Server  	T_pdb_server     	[INFO ]	Sys Volts: 21815 Sys Amps: 147637
2026-02-04 10:08:43,919	PDB Server  	T_pdb_server     	[INFO ]	12V rail Volts: 12001 12V rail Amps: 581
2026-02-04 10:08:43,919	PDB Server  	T_pdb_server     	[INFO ]	Energy[Joules]: 775779
2026-02-04 10:08:43,919	PDB Server  	T_pdb_server     	[INFO ]	Average Power: 278.703
2026-02-04 10:08:43,919	PDB Server  	T_pdb_server     	[INFO ]	Sys Volts average: 23802.9
2026-02-04 10:08:43,919	PDB Server  	T_pdb_server     	[INFO ]	mah from ltc4282 9053.28
2026-02-04 10:08:45,461	BMS Server  	T_9BmsServer     	[DEBUG]	Battery temp -1
2026-02-04 10:08:49,046	DiskBatteryR	T_pdb_server     	[INFO ]	Writing to registry: battery 000000000000 uAH: 950564503
2026-02-04 10:08:49,047	DiskBatteryR	T_pdb_server     	[INFO ]	Writing to registry: battery 032225d763ff uAH: 190971
2026-02-04 10:08:49,047	BMS Server  	T_pdb_server     	[DEBUG]	Target = Full
2026-02-04 10:08:49,075	PDB Server  	T_pdb_server     	[INFO ]	Sys Volts: 21807 Sys Amps: 145465
2026-02-04 10:08:49,075	PDB Server  	T_pdb_server     	[INFO ]	12V rail Volts: 12001 12V rail Amps: 587
2026-02-04 10:08:49,075	PDB Server  	T_pdb_server     	[INFO ]	Energy[Joules]: 792168
2026-02-04 10:08:49,076	PDB Server  	T_pdb_server     	[INFO ]	Average Power: 284.062
2026-02-04 10:08:49,076	PDB Server  	T_pdb_server     	[INFO ]	Sys Volts average: 23799.2
2026-02-04 10:08:49,076	PDB Server  	T_pdb_server     	[INFO ]	mah from ltc4282 9245.97
2026-02-04 10:08:49,461	BMS Server  	T_9BmsServer     	[DEBUG]	Battery temp -1
2026-02-04 10:08:49,577	FlightTime  	T_pdb_server     	[INFO ]	flight_time 111172 current_run 413 seconds
2026-02-04 10:08:54,202	DiskBatteryR	T_pdb_server     	[INFO ]	Writing to registry: battery 000000000000 uAH: 950771298
2026-02-04 10:08:54,202	DiskBatteryR	T_pdb_server     	[INFO ]	Writing to registry: battery 032225d763ff uAH: 190971
2026-02-04 10:08:54,202	BMS Server  	T_pdb_server     	[DEBUG]	Target = Full
2026-02-04 10:08:54,230	PDB Server  	T_pdb_server     	[INFO ]	Sys Volts: 21783 Sys Amps: 144200
2026-02-04 10:08:54,230	PDB Server  	T_pdb_server     	[INFO ]	12V rail Volts: 12001 12V rail Amps: 596
2026-02-04 10:08:54,230	PDB Server  	T_pdb_server     	[INFO ]	Energy[Joules]: 808537
2026-02-04 10:08:54,230	PDB Server  	T_pdb_server     	[INFO ]	Average Power: 289.402
2026-02-04 10:08:54,230	PDB Server  	T_pdb_server     	[INFO ]	Sys Volts average: 23795.5
2026-02-04 10:08:54,230	PDB Server  	T_pdb_server     	[INFO ]	mah from ltc4282 9438.49
2026-02-04 10:08:54,781	BMS Server  	T_9BmsServer     	[DEBUG]	Battery temp -1
2026-02-04 10:08:58,769	BMS Server  	T_9BmsServer     	[DEBUG]	Battery temp -1
2026-02-04 10:08:59,356	DiskBatteryR	T_pdb_server     	[INFO ]	Writing to registry: battery 000000000000 uAH: 950977801
2026-02-04 10:08:59,356	DiskBatteryR	T_pdb_server     	[INFO ]	Writing to registry: battery 032225d763ff uAH: 190971
2026-02-04 10:08:59,356	BMS Server  	T_pdb_server     	[DEBUG]	Target = Full
2026-02-04 10:08:59,384	PDB Server  	T_pdb_server     	[INFO ]	Sys Volts: 21767 Sys Amps: 143289
2026-02-04 10:08:59,384	PDB Server  	T_pdb_server     	[INFO ]	12V rail Volts: 12001 12V rail Amps: 591
2026-02-04 10:08:59,384	PDB Server  	T_pdb_server     	[INFO ]	Energy[Joules]: 824879
2026-02-04 10:08:59,384	PDB Server  	T_pdb_server     	[INFO ]	Average Power: 294.705
2026-02-04 10:08:59,384	PDB Server  	T_pdb_server     	[INFO ]	Sys Volts average: 23791.8
2026-02-04 10:08:59,384	PDB Server  	T_pdb_server     	[INFO ]	mah from ltc4282 9630.77
2026-02-04 10:09:04,081	BMS Server  	T_9BmsServer     	[DEBUG]	Battery temp -1
2026-02-04 10:09:04,509	DiskBatteryR	T_pdb_server     	[INFO ]	Writing to registry: battery 000000000000 uAH: 951182557
2026-02-04 10:09:04,509	DiskBatteryR	T_pdb_server     	[INFO ]	Writing to registry: battery 032225d763ff uAH: 190971
2026-02-04 10:09:04,510	BMS Server  	T_pdb_server     	[DEBUG]	Target = Full
2026-02-04 10:09:04,537	PDB Server  	T_pdb_server     	[INFO ]	Sys Volts: 21750 Sys Amps: 142516
2026-02-04 10:09:04,537	PDB Server  	T_pdb_server     	[INFO ]	12V rail Volts: 12002 12V rail Amps: 608
2026-02-04 10:09:04,537	PDB Server  	T_pdb_server     	[INFO ]	Energy[Joules]: 840891
2026-02-04 10:09:04,538	PDB Server  	T_pdb_server     	[INFO ]	Average Power: 299.878
2026-02-04 10:09:04,538	PDB Server  	T_pdb_server     	[INFO ]	Sys Volts average: 23788
2026-02-04 10:09:04,538	PDB Server  	T_pdb_server     	[INFO ]	mah from ltc4282 9819.26
2026-02-04 10:09:08,069	BMS Server  	T_9BmsServer     	[DEBUG]	Battery temp -1
2026-02-04 10:09:09,666	DiskBatteryR	T_pdb_server     	[INFO ]	Writing to registry: battery 000000000000 uAH: 951386894
2026-02-04 10:09:09,666	DiskBatteryR	T_pdb_server     	[INFO ]	Writing to registry: battery 032225d763ff uAH: 190971
2026-02-04 10:09:09,666	BMS Server  	T_pdb_server     	[DEBUG]	Target = Full
2026-02-04 10:09:09,695	PDB Server  	T_pdb_server     	[INFO ]	Sys Volts: 21734 Sys Amps: 142169
2026-02-04 10:09:09,695	PDB Server  	T_pdb_server     	[INFO ]	12V rail Volts: 12001 12V rail Amps: 592
2026-02-04 10:09:09,695	PDB Server  	T_pdb_server     	[INFO ]	Energy[Joules]: 857062
2026-02-04 10:09:09,696	PDB Server  	T_pdb_server     	[INFO ]	Average Power: 305.082
2026-02-04 10:09:09,696	PDB Server  	T_pdb_server     	[INFO ]	Sys Volts average: 23784.3
2026-02-04 10:09:09,696	PDB Server  	T_pdb_server     	[INFO ]	mah from ltc4282 10009.7
2026-02-04 10:09:13,385	BMS Server  	T_9BmsServer     	[DEBUG]	Battery temp -1
2026-02-04 10:09:14,821	DiskBatteryR	T_pdb_server     	[INFO ]	Writing to registry: battery 000000000000 uAH: 951591018
2026-02-04 10:09:14,821	DiskBatteryR	T_pdb_server     	[INFO ]	Writing to registry: battery 032225d763ff uAH: 190971
2026-02-04 10:09:14,822	BMS Server  	T_pdb_server     	[DEBUG]	Target = Full
2026-02-04 10:09:14,849	PDB Server  	T_pdb_server     	[INFO ]	Sys Volts: 21702 Sys Amps: 142662
2026-02-04 10:09:14,849	PDB Server  	T_pdb_server     	[INFO ]	12V rail Volts: 12001 12V rail Amps: 604
2026-02-04 10:09:14,849	PDB Server  	T_pdb_server     	[INFO ]	Energy[Joules]: 873197
2026-02-04 10:09:14,849	PDB Server  	T_pdb_server     	[INFO ]	Average Power: 310.253
2026-02-04 10:09:14,849	PDB Server  	T_pdb_server     	[INFO ]	Sys Volts average: 23780.5
2026-02-04 10:09:14,849	PDB Server  	T_pdb_server     	[INFO ]	mah from ltc4282 10199.7
2026-02-04 10:09:17,377	BMS Server  	T_9BmsServer     	[DEBUG]	Battery temp -1
2026-02-04 10:09:19,976	FlightTime  	T_pdb_server     	[INFO ]	flight_time 111202 current_run 443 seconds
2026-02-04 10:09:19,976	DiskBatteryR	T_pdb_server     	[INFO ]	Writing to registry: battery 000000000000 uAH: 951794500
2026-02-04 10:09:19,976	DiskBatteryR	T_pdb_server     	[INFO ]	Writing to registry: battery 032225d763ff uAH: 190971
2026-02-04 10:09:19,976	BMS Server  	T_pdb_server     	[DEBUG]	Target = Full
2026-02-04 10:09:20,003	PDB Server  	T_pdb_server     	[INFO ]	Sys Volts: 21702 Sys Amps: 141682
2026-02-04 10:09:20,003	PDB Server  	T_pdb_server     	[INFO ]	12V rail Volts: 12001 12V rail Amps: 603
2026-02-04 10:09:20,003	PDB Server  	T_pdb_server     	[INFO ]	Energy[Joules]: 889084
2026-02-04 10:09:20,004	PDB Server  	T_pdb_server     	[INFO ]	Average Power: 315.325
2026-02-04 10:09:20,004	PDB Server  	T_pdb_server     	[INFO ]	Sys Volts average: 23776.7
2026-02-04 10:09:20,004	PDB Server  	T_pdb_server     	[INFO ]	mah from ltc4282 10387
2026-02-04 10:09:22,697	BMS Server  	T_9BmsServer     	[DEBUG]	Battery temp -1
2026-02-04 10:09:25,130	DiskBatteryR	T_pdb_server     	[INFO ]	Writing to registry: battery 000000000000 uAH: 951997047
2026-02-04 10:09:25,130	DiskBatteryR	T_pdb_server     	[INFO ]	Writing to registry: battery 032225d763ff uAH: 190971
2026-02-04 10:09:25,130	BMS Server  	T_pdb_server     	[DEBUG]	Target = Full
2026-02-04 10:09:25,158	PDB Server  	T_pdb_server     	[INFO ]	Sys Volts: 21685 Sys Amps: 141562
2026-02-04 10:09:25,158	PDB Server  	T_pdb_server     	[INFO ]	12V rail Volts: 12001 12V rail Amps: 587
2026-02-04 10:09:25,158	PDB Server  	T_pdb_server     	[INFO ]	Energy[Joules]: 905095
2026-02-04 10:09:25,158	PDB Server  	T_pdb_server     	[INFO ]	Average Power: 320.415
2026-02-04 10:09:25,158	PDB Server  	T_pdb_server     	[INFO ]	Sys Volts average: 23772.8
2026-02-04 10:09:25,158	PDB Server  	T_pdb_server     	[INFO ]	mah from ltc4282 10575.7
2026-02-04 10:09:26,701	BMS Server  	T_9BmsServer     	[DEBUG]	Battery temp -1
2026-02-04 10:09:30,285	DiskBatteryR	T_pdb_server     	[INFO ]	Writing to registry: battery 000000000000 uAH: 952199693
2026-02-04 10:09:30,285	DiskBatteryR	T_pdb_server     	[INFO ]	Writing to registry: battery 032225d763ff uAH: 190971
2026-02-04 10:09:30,285	BMS Server  	T_pdb_server     	[DEBUG]	Target = Full
2026-02-04 10:09:30,315	PDB Server  	T_pdb_server     	[INFO ]	Sys Volts: 21669 Sys Amps: 141678
2026-02-04 10:09:30,315	PDB Server  	T_pdb_server     	[INFO ]	12V rail Volts: 12002 12V rail Amps: 604
2026-02-04 10:09:30,315	PDB Server  	T_pdb_server     	[INFO ]	Energy[Joules]: 921136
2026-02-04 10:09:30,315	PDB Server  	T_pdb_server     	[INFO ]	Average Power: 325.498
2026-02-04 10:09:30,315	PDB Server  	T_pdb_server     	[INFO ]	Sys Volts average: 23769
2026-02-04 10:09:30,315	PDB Server  	T_pdb_server     	[INFO ]	mah from ltc4282 10764.9
2026-02-04 10:09:32,029	BMS Server  	T_9BmsServer     	[DEBUG]	Battery temp -1
2026-02-04 10:09:35,445	DiskBatteryR	T_pdb_server     	[INFO ]	Writing to registry: battery 000000000000 uAH: 952403080
2026-02-04 10:09:35,445	DiskBatteryR	T_pdb_server     	[INFO ]	Writing to registry: battery 032225d763ff uAH: 190971
2026-02-04 10:09:35,445	BMS Server  	T_pdb_server     	[DEBUG]	Target = Full
2026-02-04 10:09:35,474	PDB Server  	T_pdb_server     	[INFO ]	Sys Volts: 21653 Sys Amps: 141681
2026-02-04 10:09:35,474	PDB Server  	T_pdb_server     	[INFO ]	12V rail Volts: 12001 12V rail Amps: 609
2026-02-04 10:09:35,474	PDB Server  	T_pdb_server     	[INFO ]	Energy[Joules]: 936963
2026-02-04 10:09:35,474	PDB Server  	T_pdb_server     	[INFO ]	Average Power: 330.493
2026-02-04 10:09:35,474	PDB Server  	T_pdb_server     	[INFO ]	Sys Volts average: 23765.2
2026-02-04 10:09:35,474	PDB Server  	T_pdb_server     	[INFO ]	mah from ltc4282 10951.6
2026-02-04 10:09:36,017	BMS Server  	T_9BmsServer     	[DEBUG]	Battery temp -1
2026-02-04 10:09:40,001	BMS Server  	T_9BmsServer     	[DEBUG]	Battery temp -1
2026-02-04 10:09:40,602	DiskBatteryR	T_pdb_server     	[INFO ]	Writing to registry: battery 000000000000 uAH: 952606312
2026-02-04 10:09:40,602	DiskBatteryR	T_pdb_server     	[INFO ]	Writing to registry: battery 032225d763ff uAH: 190971
2026-02-04 10:09:40,602	BMS Server  	T_pdb_server     	[DEBUG]	Target = Full
2026-02-04 10:09:40,629	PDB Server  	T_pdb_server     	[INFO ]	Sys Volts: 21637 Sys Amps: 141708
2026-02-04 10:09:40,630	PDB Server  	T_pdb_server     	[INFO ]	12V rail Volts: 12001 12V rail Amps: 610
2026-02-04 10:09:40,630	PDB Server  	T_pdb_server     	[INFO ]	Energy[Joules]: 953011
2026-02-04 10:09:40,630	PDB Server  	T_pdb_server     	[INFO ]	Average Power: 335.541
2026-02-04 10:09:40,630	PDB Server  	T_pdb_server     	[INFO ]	Sys Volts average: 23761.3
2026-02-04 10:09:40,630	PDB Server  	T_pdb_server     	[INFO ]	mah from ltc4282 11141
2026-02-04 10:09:45,325	BMS Server  	T_9BmsServer     	[DEBUG]	Battery temp -1
2026-02-04 10:09:45,757	DiskBatteryR	T_pdb_server     	[INFO ]	Writing to registry: battery 000000000000 uAH: 952808588
2026-02-04 10:09:45,757	DiskBatteryR	T_pdb_server     	[INFO ]	Writing to registry: battery 032225d763ff uAH: 190971
2026-02-04 10:09:45,758	BMS Server  	T_pdb_server     	[DEBUG]	Target = Full
2026-02-04 10:09:45,785	PDB Server  	T_pdb_server     	[INFO ]	Sys Volts: 21637 Sys Amps: 140963
2026-02-04 10:09:45,785	PDB Server  	T_pdb_server     	[INFO ]	12V rail Volts: 12002 12V rail Amps: 593
2026-02-04 10:09:45,785	PDB Server  	T_pdb_server     	[INFO ]	Energy[Joules]: 968996
2026-02-04 10:09:45,786	PDB Server  	T_pdb_server     	[INFO ]	Average Power: 340.548
2026-02-04 10:09:45,786	PDB Server  	T_pdb_server     	[INFO ]	Sys Volts average: 23757.5
2026-02-04 10:09:45,786	PDB Server  	T_pdb_server     	[INFO ]	mah from ltc4282 11329.7
2026-02-04 10:09:49,317	BMS Server  	T_9BmsServer     	[DEBUG]	Battery temp -1
2026-02-04 10:09:50,415	FlightTime  	T_pdb_server     	[INFO ]	flight_time 111233 current_run 474 seconds
2026-02-04 10:09:50,918	DiskBatteryR	T_pdb_server     	[INFO ]	Writing to registry: battery 000000000000 uAH: 953010439
2026-02-04 10:09:50,918	DiskBatteryR	T_pdb_server     	[INFO ]	Writing to registry: battery 032225d763ff uAH: 190971
2026-02-04 10:09:50,918	BMS Server  	T_pdb_server     	[DEBUG]	Target = Full
2026-02-04 10:09:50,946	PDB Server  	T_pdb_server     	[INFO ]	Sys Volts: 21629 Sys Amps: 140929
2026-02-04 10:09:50,946	PDB Server  	T_pdb_server     	[INFO ]	12V rail Volts: 12001 12V rail Amps: 626
2026-02-04 10:09:50,946	PDB Server  	T_pdb_server     	[INFO ]	Energy[Joules]: 984938
2026-02-04 10:09:50,946	PDB Server  	T_pdb_server     	[INFO ]	Average Power: 345.522
2026-02-04 10:09:50,946	PDB Server  	T_pdb_server     	[INFO ]	Sys Volts average: 23753.6
2026-02-04 10:09:50,946	PDB Server  	T_pdb_server     	[INFO ]	mah from ltc4282 11518
2026-02-04 10:09:54,633	BMS Server  	T_9BmsServer     	[DEBUG]	Battery temp -1
2026-02-04 10:09:56,070	DiskBatteryR	T_pdb_server     	[INFO ]	Writing to registry: battery 000000000000 uAH: 953211849
2026-02-04 10:09:56,071	DiskBatteryR	T_pdb_server     	[INFO ]	Writing to registry: battery 032225d763ff uAH: 190971
2026-02-04 10:09:56,071	BMS Server  	T_pdb_server     	[DEBUG]	Target = Full
2026-02-04 10:09:56,098	PDB Server  	T_pdb_server     	[INFO ]	Sys Volts: 21620 Sys Amps: 140526
2026-02-04 10:09:56,098	PDB Server  	T_pdb_server     	[INFO ]	12V rail Volts: 12001 12V rail Amps: 595
2026-02-04 10:09:56,098	PDB Server  	T_pdb_server     	[INFO ]	Energy[Joules]: 1.00065e+06
2026-02-04 10:09:56,099	PDB Server  	T_pdb_server     	[INFO ]	Average Power: 350.404
2026-02-04 10:09:56,099	PDB Server  	T_pdb_server     	[INFO ]	Sys Volts average: 23749.8
2026-02-04 10:09:56,099	PDB Server  	T_pdb_server     	[INFO ]	mah from ltc4282 11703.6
2026-02-04 10:09:58,625	BMS Server  	T_9BmsServer     	[DEBUG]	Battery temp -1
2026-02-04 10:10:01,221	DiskBatteryR	T_pdb_server     	[INFO ]	Writing to registry: battery 000000000000 uAH: 953414254
2026-02-04 10:10:01,221	DiskBatteryR	T_pdb_server     	[INFO ]	Writing to registry: battery 032225d763ff uAH: 190971
2026-02-04 10:10:01,221	BMS Server  	T_pdb_server     	[DEBUG]	Target = Full
2026-02-04 10:10:01,249	PDB Server  	T_pdb_server     	[INFO ]	Sys Volts: 21588 Sys Amps: 142164
2026-02-04 10:10:01,249	PDB Server  	T_pdb_server     	[INFO ]	12V rail Volts: 12002 12V rail Amps: 599
2026-02-04 10:10:01,249	PDB Server  	T_pdb_server     	[INFO ]	Energy[Joules]: 1.01666e+06
2026-02-04 10:10:01,249	PDB Server  	T_pdb_server     	[INFO ]	Average Power: 355.367
2026-02-04 10:10:01,250	PDB Server  	T_pdb_server     	[INFO ]	Sys Volts average: 23745.9
2026-02-04 10:10:01,250	PDB Server  	T_pdb_server     	[INFO ]	mah from ltc4282 11892.8
2026-02-04 10:10:03,941	BMS Server  	T_9BmsServer     	[DEBUG]	Battery temp -1
2026-02-04 10:10:06,376	DiskBatteryR	T_pdb_server     	[INFO ]	Writing to registry: battery 000000000000 uAH: 953616197
2026-02-04 10:10:06,376	DiskBatteryR	T_pdb_server     	[INFO ]	Writing to registry: battery 032225d763ff uAH: 190971
2026-02-04 10:10:06,376	BMS Server  	T_pdb_server     	[DEBUG]	Target = Full
2026-02-04 10:10:06,405	PDB Server  	T_pdb_server     	[INFO ]	Sys Volts: 21596 Sys Amps: 140782
2026-02-04 10:10:06,405	PDB Server  	T_pdb_server     	[INFO ]	12V rail Volts: 12001 12V rail Amps: 609
2026-02-04 10:10:06,405	PDB Server  	T_pdb_server     	[INFO ]	Energy[Joules]: 1.03239e+06
2026-02-04 10:10:06,405	PDB Server  	T_pdb_server     	[INFO ]	Average Power: 360.223
2026-02-04 10:10:06,405	PDB Server  	T_pdb_server     	[INFO ]	Sys Volts average: 23742
2026-02-04 10:10:06,405	PDB Server  	T_pdb_server     	[INFO ]	mah from ltc4282 12078.8
2026-02-04 10:10:07,929	BMS Server  	T_9BmsServer     	[DEBUG]	Battery temp -1
2026-02-04 10:10:11,530	DiskBatteryR	T_pdb_server     	[INFO ]	Writing to registry: battery 000000000000 uAH: 953817395
2026-02-04 10:10:11,530	DiskBatteryR	T_pdb_server     	[INFO ]	Writing to registry: battery 032225d763ff uAH: 190971
2026-02-04 10:10:11,530	BMS Server  	T_pdb_server     	[DEBUG]	Target = Full
2026-02-04 10:10:11,559	PDB Server  	T_pdb_server     	[INFO ]	Sys Volts: 21604 Sys Amps: 140028
2026-02-04 10:10:11,560	PDB Server  	T_pdb_server     	[INFO ]	12V rail Volts: 12001 12V rail Amps: 608
2026-02-04 10:10:11,560	PDB Server  	T_pdb_server     	[INFO ]	Energy[Joules]: 1.04829e+06
2026-02-04 10:10:11,560	PDB Server  	T_pdb_server     	[INFO ]	Average Power: 365.111
2026-02-04 10:10:11,560	PDB Server  	T_pdb_server     	[INFO ]	Sys Volts average: 23738.2
2026-02-04 10:10:11,560	PDB Server  	T_pdb_server     	[INFO ]	mah from ltc4282 12266.8
2026-02-04 10:10:13,265	BMS Server  	T_9BmsServer     	[DEBUG]	Battery temp -1
2026-02-04 10:10:16,696	DiskBatteryR	T_pdb_server     	[INFO ]	Writing to registry: battery 000000000000 uAH: 954018914
2026-02-04 10:10:16,696	DiskBatteryR	T_pdb_server     	[INFO ]	Writing to registry: battery 032225d763ff uAH: 190971
2026-02-04 10:10:16,696	BMS Server  	T_pdb_server     	[DEBUG]	Target = Full
2026-02-04 10:10:16,724	PDB Server  	T_pdb_server     	[INFO ]	Sys Volts: 21572 Sys Amps: 141331
2026-02-04 10:10:16,724	PDB Server  	T_pdb_server     	[INFO ]	12V rail Volts: 12001 12V rail Amps: 608
2026-02-04 10:10:16,724	PDB Server  	T_pdb_server     	[INFO ]	Energy[Joules]: 1.06417e+06
2026-02-04 10:10:16,724	PDB Server  	T_pdb_server     	[INFO ]	Average Power: 369.975
2026-02-04 10:10:16,725	PDB Server  	T_pdb_server     	[INFO ]	Sys Volts average: 23734.3
2026-02-04 10:10:16,725	PDB Server  	T_pdb_server     	[INFO ]	mah from ltc4282 12454.7
2026-02-04 10:10:17,249	BMS Server  	T_9BmsServer     	[DEBUG]	Battery temp -1
                                                                                                                                                                                                                                                                                                                                                                                                                                                                                                                                                                                                                                                                                                                                                                                                                                                                                                                                                                                                                                                                                                                                                                                                                                                                                                                                                                                                                                                                                                                                                                                                                                                                                                                                                                                                                                                                                                                                                                                                                                                                            